-- --------------------------------------------------------
-- Servidor:                     127.0.0.1
-- Versão do servidor:           10.1.34-MariaDB - mariadb.org binary distribution
-- OS do Servidor:               Win32
-- HeidiSQL Versão:              10.1.0.5464
-- --------------------------------------------------------

/*!40101 SET @OLD_CHARACTER_SET_CLIENT=@@CHARACTER_SET_CLIENT */;
/*!40101 SET NAMES utf8 */;
/*!50503 SET NAMES utf8mb4 */;
/*!40014 SET @OLD_FOREIGN_KEY_CHECKS=@@FOREIGN_KEY_CHECKS, FOREIGN_KEY_CHECKS=0 */;
/*!40101 SET @OLD_SQL_MODE=@@SQL_MODE, SQL_MODE='NO_AUTO_VALUE_ON_ZERO' */;


-- Copiando estrutura do banco de dados para wholesales
CREATE DATABASE IF NOT EXISTS `wholesales` /*!40100 DEFAULT CHARACTER SET latin1 */;
USE `wholesales`;

-- Copiando estrutura para tabela wholesales.banners
CREATE TABLE IF NOT EXISTS `banners` (
  `id` int(11) NOT NULL AUTO_INCREMENT,
  `created_at` datetime DEFAULT CURRENT_TIMESTAMP,
  `user_id` int(11) DEFAULT NULL,
  `start_date` datetime DEFAULT NULL,
  `end_date` datetime DEFAULT NULL,
  `url_link` varchar(255) DEFAULT NULL,
  `name` varchar(45) DEFAULT NULL,
  `saved` bit(1) DEFAULT NULL,
  PRIMARY KEY (`id`)
) ENGINE=InnoDB DEFAULT CHARSET=latin1;

-- Copiando dados para a tabela wholesales.banners: ~0 rows (aproximadamente)
/*!40000 ALTER TABLE `banners` DISABLE KEYS */;
/*!40000 ALTER TABLE `banners` ENABLE KEYS */;

-- Copiando estrutura para tabela wholesales.banner_images
CREATE TABLE IF NOT EXISTS `banner_images` (
  `id` int(11) NOT NULL AUTO_INCREMENT,
  `name` varchar(255) DEFAULT NULL,
  `original_name` varchar(255) DEFAULT NULL,
  `location` varchar(255) DEFAULT NULL,
  `extension` varchar(255) DEFAULT NULL,
  `user_id` int(11) DEFAULT NULL,
  `banner_id` int(11) DEFAULT NULL,
  PRIMARY KEY (`id`)
) ENGINE=InnoDB AUTO_INCREMENT=13 DEFAULT CHARSET=latin1;

-- Copiando dados para a tabela wholesales.banner_images: ~11 rows (aproximadamente)
/*!40000 ALTER TABLE `banner_images` DISABLE KEYS */;
INSERT IGNORE INTO `banner_images` (`id`, `name`, `original_name`, `location`, `extension`, `user_id`, `banner_id`) VALUES
	(1, '185352201906105cfea74071fef', 'maxresdefault.jpg', 'app/uploads/4aFkao5qjzzXYqVx29IvJYUy59Yxzq83gpItHRi5.jpeg', 'jpeg', 17, 1),
	(2, '185710201906105cfea806ea718', 'maxresdefault.jpg', 'app/uploads/KHqOwmj7Cwtzpi7XTHEAIuyUJY8Z4GEFUAYbZMso.jpeg', 'jpeg', 17, 2),
	(3, '190615201906105cfeaa27266de', 'maxresdefault.jpg', 'app/uploads/eyG6uxq4EJJxTo4ykAJx0D7efHHy7uwaXqaNm7Qy.jpeg', 'jpeg', 17, 3),
	(4, '192950201906135d02a42e13e78', 'Banner-700x90.jpg', 'app/uploads/MX9Xzviv0fViplVX3oNr9t2hyoMQd3wXpePGA2z1.jpeg', 'jpeg', 17, 1),
	(5, '193317201906135d02a4fd6a8a4', 'Banner-700x90.jpg', 'app/uploads/55QkGcluIMIG2awbCuZjtvLsfkoBbLwutskdJ1xy.jpeg', 'jpeg', 17, 3),
	(6, '193450201906135d02a55aa4f89', 'maxresdefault.jpg', 'app/uploads/qaxeNNwl3ABTt77DlQjMN39bABIcAkOndhH9MdJV.jpeg', 'jpeg', 17, 4),
	(7, '193649201906135d02a5d10a5fb', 'tamanhoadequado1.jpg', 'app/uploads/4RyjWFzmCwelISrnRUWkuNJOa7RCtaKxwH778C2L.jpeg', 'jpeg', 17, 5),
	(8, '194900201906135d02a8ac39349', 'Little Box PP.jpg', 'app/uploads/8UyQ9ocz2kcy9PQZX8Di9AxB3hr3C6OETZ148QOM.jpeg', 'jpeg', 17, 6),
	(9, '195249201906135d02a991ca805', 'xB81pRNg.jpg', 'app/uploads/mJOPe2TbTZQ9NzJdTPs56E6MtqctHcDl06PFkSnm.jpeg', 'jpeg', 17, 7),
	(10, '195832201906135d02aae83efef', 'xB81pRNg.jpg', 'app/uploads/ND2ZghCpS5DAqjMTzMnIOwEzkRym3ma6080uQ94S.jpeg', 'jpeg', 17, 8),
	(11, '200021201906135d02ab551fcd2', 'xB81pRNg.jpg', 'app/uploads/KEiny0bOgTFQODOpvxP8A3sTkQ5ySBAh0ajpY6rb.jpeg', 'jpeg', 17, 9),
	(12, '203305201906135d02b301843b0', 'xB81pRNg.jpg', 'app/uploads/m43cBwjTCxX8n1XtfqAm4V7WDsE96BrjdUvvTwJj.jpeg', 'jpeg', 17, 10);
/*!40000 ALTER TABLE `banner_images` ENABLE KEYS */;

-- Copiando estrutura para tabela wholesales.companies
CREATE TABLE IF NOT EXISTS `companies` (
  `id` int(11) NOT NULL AUTO_INCREMENT,
  `name` varchar(50) DEFAULT NULL,
  `address` varchar(50) DEFAULT NULL,
  `country` varchar(50) DEFAULT NULL,
  `state` varchar(50) DEFAULT NULL,
  `zip_code` varchar(50) DEFAULT NULL,
  PRIMARY KEY (`id`)
) ENGINE=InnoDB AUTO_INCREMENT=2 DEFAULT CHARSET=latin1;

-- Copiando dados para a tabela wholesales.companies: ~0 rows (aproximadamente)
/*!40000 ALTER TABLE `companies` DISABLE KEYS */;
INSERT IGNORE INTO `companies` (`id`, `name`, `address`, `country`, `state`, `zip_code`) VALUES
	(1, 'Awesome Company', 'Street', 'Brazil', 'SP', '1111220');
/*!40000 ALTER TABLE `companies` ENABLE KEYS */;

-- Copiando estrutura para tabela wholesales.company_supplier
CREATE TABLE IF NOT EXISTS `company_supplier` (
  `id` int(11) NOT NULL AUTO_INCREMENT,
  `name` varchar(45) DEFAULT NULL,
  `description` varchar(45) DEFAULT NULL,
  `sales_email` varchar(45) DEFAULT NULL,
  `finance_mail` varchar(45) DEFAULT NULL,
  `phone` varchar(45) DEFAULT NULL,
  `active` bit(1) DEFAULT b'1',
  `address` varchar(50) DEFAULT NULL,
  `zipcode` varchar(50) DEFAULT NULL,
  `phone3cx` varchar(50) DEFAULT NULL,
  `fax` varchar(50) DEFAULT NULL,
  PRIMARY KEY (`id`)
) ENGINE=InnoDB AUTO_INCREMENT=4 DEFAULT CHARSET=latin1;

-- Copiando dados para a tabela wholesales.company_supplier: ~2 rows (aproximadamente)
/*!40000 ALTER TABLE `company_supplier` DISABLE KEYS */;
INSERT IGNORE INTO `company_supplier` (`id`, `name`, `description`, `sales_email`, `finance_mail`, `phone`, `active`, `address`, `zipcode`, `phone3cx`, `fax`) VALUES
	(1, 'Supplier', 'Description22', NULL, NULL, NULL, b'0', NULL, NULL, NULL, NULL),
	(2, 'Master Supplier', NULL, NULL, NULL, NULL, b'1', NULL, NULL, NULL, NULL),
	(3, 'Supplier teste', 'testing', 'abcde@abcdee.com', 'abcde@abcde.com', '123456789', b'0', NULL, NULL, '123456789', '1234567892');
/*!40000 ALTER TABLE `company_supplier` ENABLE KEYS */;

-- Copiando estrutura para tabela wholesales.countries
CREATE TABLE IF NOT EXISTS `countries` (
  `id` int(11) NOT NULL AUTO_INCREMENT,
  `name` varchar(50) DEFAULT NULL,
  PRIMARY KEY (`id`)
) ENGINE=InnoDB AUTO_INCREMENT=3 DEFAULT CHARSET=latin1;

-- Copiando dados para a tabela wholesales.countries: ~2 rows (aproximadamente)
/*!40000 ALTER TABLE `countries` DISABLE KEYS */;
INSERT IGNORE INTO `countries` (`id`, `name`) VALUES
	(1, 'Canada'),
	(2, 'United States');
/*!40000 ALTER TABLE `countries` ENABLE KEYS */;

-- Copiando estrutura para tabela wholesales.country_states
CREATE TABLE IF NOT EXISTS `country_states` (
  `id` int(11) NOT NULL AUTO_INCREMENT,
  `name` varchar(50) DEFAULT NULL,
  `country_id` int(11) DEFAULT NULL,
  PRIMARY KEY (`id`),
  KEY `FK_country_states_countries` (`country_id`),
  CONSTRAINT `FK_country_states_countries` FOREIGN KEY (`country_id`) REFERENCES `countries` (`id`)
) ENGINE=InnoDB AUTO_INCREMENT=64 DEFAULT CHARSET=latin1;

-- Copiando dados para a tabela wholesales.country_states: ~63 rows (aproximadamente)
/*!40000 ALTER TABLE `country_states` DISABLE KEYS */;
INSERT IGNORE INTO `country_states` (`id`, `name`, `country_id`) VALUES
	(1, 'Ontario', 1),
	(2, 'Quebec', 1),
	(3, 'British Columbia', 1),
	(4, 'Alberta', 1),
	(5, 'Manitoba', 1),
	(6, 'Saskatchewan', 1),
	(7, 'Nova Scotia', 1),
	(8, ' New Brunswick', 1),
	(9, 'Newfoundland and Labrador', 1),
	(10, 'Prince Edward Island', 1),
	(11, 'Northwest Territories', 1),
	(12, 'Nunavut', 1),
	(13, 'Yukon', 1),
	(14, 'Alabama', 2),
	(15, 'Alaska', 2),
	(16, 'Arizona', 2),
	(17, 'Arkansas', 2),
	(18, 'California', 2),
	(19, 'Colorado', 2),
	(20, 'Connecticut', 2),
	(21, 'Delaware', 2),
	(22, 'Florida', 2),
	(23, 'Georgia', 2),
	(24, 'Hawaii', 2),
	(25, 'Idaho', 2),
	(26, 'Illinois', 2),
	(27, 'Indiana', 2),
	(28, 'Iowa', 2),
	(29, 'Kansas', 2),
	(30, 'Kentucky', 2),
	(31, 'Louisiana', 2),
	(32, 'Maine', 2),
	(33, 'Maryland', 2),
	(34, 'Massachusetts', 2),
	(35, 'Michigan', 2),
	(36, 'Minnesota', 2),
	(37, 'Mississippi', 2),
	(38, 'Missouri', 2),
	(39, 'Montana', 2),
	(40, 'Nebraska', 2),
	(41, 'Nevada', 2),
	(42, 'New Hampshire', 2),
	(43, 'New Jersey', 2),
	(44, 'New Mexico', 2),
	(45, 'New York', 2),
	(46, 'North Carolina', 2),
	(47, 'North Dakota', 2),
	(48, 'Ohio', 2),
	(49, 'Oklahoma', 2),
	(50, 'Oregon', 2),
	(51, 'Pennsylvania', 2),
	(52, 'Rhode Island', 2),
	(53, 'South Carolina', 2),
	(54, 'South Dakota', 2),
	(55, 'Tennessee', 2),
	(56, 'Texas', 2),
	(57, 'Utah', 2),
	(58, 'Vermont', 2),
	(59, 'Virginia', 2),
	(60, 'Washington', 2),
	(61, 'West Virginia', 2),
	(62, 'Wisconsin', 2),
	(63, 'Wyoming', 2);
/*!40000 ALTER TABLE `country_states` ENABLE KEYS */;

-- Copiando estrutura para tabela wholesales.discounts
CREATE TABLE IF NOT EXISTS `discounts` (
  `user_id` int(11) NOT NULL AUTO_INCREMENT,
  `active` int(11) NOT NULL DEFAULT '0',
  PRIMARY KEY (`user_id`)
) ENGINE=InnoDB AUTO_INCREMENT=18 DEFAULT CHARSET=latin1;

-- Copiando dados para a tabela wholesales.discounts: ~0 rows (aproximadamente)
/*!40000 ALTER TABLE `discounts` DISABLE KEYS */;
INSERT IGNORE INTO `discounts` (`user_id`, `active`) VALUES
	(17, 0);
/*!40000 ALTER TABLE `discounts` ENABLE KEYS */;

-- Copiando estrutura para tabela wholesales.files
CREATE TABLE IF NOT EXISTS `files` (
  `id` int(11) NOT NULL AUTO_INCREMENT,
  `product_id` int(11) DEFAULT NULL,
  `location` longtext,
  `user_id` varchar(50) DEFAULT NULL,
  PRIMARY KEY (`id`)
) ENGINE=InnoDB DEFAULT CHARSET=latin1;

-- Copiando dados para a tabela wholesales.files: ~0 rows (aproximadamente)
/*!40000 ALTER TABLE `files` DISABLE KEYS */;
/*!40000 ALTER TABLE `files` ENABLE KEYS */;

-- Copiando estrutura para tabela wholesales.maillings
CREATE TABLE IF NOT EXISTS `maillings` (
  `id` int(11) NOT NULL AUTO_INCREMENT,
  `name` varchar(255) DEFAULT NULL,
  `description` varchar(255) DEFAULT NULL,
  `content` text,
  `created_at` datetime DEFAULT CURRENT_TIMESTAMP ON UPDATE CURRENT_TIMESTAMP,
  PRIMARY KEY (`id`)
) ENGINE=InnoDB AUTO_INCREMENT=4 DEFAULT CHARSET=latin1;

-- Copiando dados para a tabela wholesales.maillings: ~3 rows (aproximadamente)
/*!40000 ALTER TABLE `maillings` DISABLE KEYS */;
INSERT IGNORE INTO `maillings` (`id`, `name`, `description`, `content`, `created_at`) VALUES
	(1, 'Testing', 'testing', '<h2>testing</h2>', '2019-05-17 17:06:32'),
	(2, 'New company', NULL, '<p><img src="data:image/png;base64,iVBORw0KGgoAAAANSUhEUgAAAKYAAAAhCAYAAABTPdAXAAATsXpUWHRSYXcgcHJvZmlsZSB0eXBlIGV4aWYAAHjarZpZkly5ckT/sQotAXMAy8Foph1o+TqOTLIf2Xwtk0xdTVZW1h1wIzx8QNKd//rP6/6D/3LN2eVirfZaPf/lnnscvGj+89/ne/D5/f3+G/X7u/Dr+y5+X/jIW4nv6fNjPd/jB++Xv06w/H1//vq+s/W9Tvte6MeFvxdMunPkxfe49r1Qip/3w/dn17/njfwvj/P9s867hA/fi/7+czaKsQtvpujiSbzP31V3Sawg9TT4Xvg7pBL1TuV1ee9nHfen2rmfL38rXop/rp0f3yPSr6Vw/kcX6m81+r4fyp9r9yr0rysKP17GX3/hd/jx6m+1u3e3e8/n6QYo6rm670P57yXeKw6clDK90ypfxp/Ca3tfna/GIy46tunm5Gu50EOk2jfksMMIN5z3fYXFEnM80fge44rpvdeSxR7Xa0rWV7jRaMN2qdGrRdcSb8efawnvvv3db4XGnXfgyBi4WOCMv325P735f/n6eaF7BV0K3L6ofQ2OAgHLUOf0N0fRkHC/NS2vvu/L+V9786OxiQ6WV+bGAw4/P5eYJfyFrfT6nDiu+Oz8ZzSC7e8FKBH3LiwmJDrgK/AONXiL0UKgjo3+DFYeU46TDoRS4g7u0puUKs1pUffmHAvv2Fji522ohUYUBsVoDYNCs3Iu4MdyA0OjpJJdKaUWK630MmqquZZaq1Vx1LBk2YpVM2vWbbTUciutNmut9TZ67AkKK712c7313sfgpoNLD84eHDHGjDPNPMus02abfY4FfFZeZdVlq62+xo47bcZ/121ut933OOEApZNPOfXYaaefccHaTTffcuu1226/42fXvl39tWvht879c9fCt2vqWH7H2V9d422zH5cIopOintGxmAMdN3UAQEf1zLeQc1Tn1DPfI0NRIl0LRc3ZQR2jg/mEWG742bu/OvePfXMl/6/6Fv9d55xa9//ROafWfTv39779oWt7PEVJr0GaQtXUpwuxXSbWV6Mid9GUsvJA1DIXbav5lWJoNc7edx4rXdaIDNQdepstG78IO9/U3LjV31ZiUwt44ngZtebjXHuu3AZ9p/8Mka95r1mzaGJMHv3EsMbMw18q210O9KTWxcXuCTxCPad3C8aTIlk5QWt7p9TPzWXeleZsPWXrtzyuXnQN+kRFclgWyt4c0w9cecewO/eFE6lxs7jWGeH4TblLsT3oay3ewk6diWBxlytVd1enWaIEwDbSQTzRhS4EmIpjPeQ1bo6wutGyOXeYde81WNFUV06Dzq+b7ew9+5iJebvNQjrz1hztbt5fFNuPU1JcNi2vdtfhSpe3Iv212dc+CxgeV9I6dR9fefTMUtotMd/Kw87bhnH1vIF8Q15Gvlggs15aPGv50E7adv1g/M2tQGVPKLMVoB1Kj3md1TMaQzdOp2kUi2fLtwGHclectWJdOG6pUrclpqK4xdHcb6YNuNEtFt0tgcl1NyaMLvcCACow5fqVOuwaas3+9DAH70G5mj9H5+rsbfOIMVipXG3sNlcs1aIhK8HSvDvxrGga9NzTBC7xYGjinEDSdL/hMg9p505KVsuGzLjSvGdI3b0vS3/ncezmen1ee7Q6KyAOaY3eYaxlkQdPrtFgX7uwxMAaj9jCjn3szf231QKCoBoqPytkAijnRcQrw2epbF9Hun7O4jzDE3uV0oQIA8wk0vPyU2dTsTYPPFZOXmYzACAeB2RQWm/8mjZQlrO2Y4Hn1J51Rp15XYqR42Kw0rkRyHV/jBV78AVxAaIIZdteAgcYgTHBd02uXiH5wIH7xH4b4LJBC6fuuiaXxNkcjDTnHNspUqKmWrMyJhhKhgjq2C5ueKTzSHxfXMnPUXe9eWuytuhx0h74S5ThZ2bugFOG0K3FNVm63TgWsxZAWpgFTtpnpqC6JyuxrB6pCKddkJVp8PE9rCokc1xMEDN350BOv6O7UVrfc2wusKl1W5M3GNQEDa5+zD6Ux6jssoBxYSb3YXaizTE3QzW0UnOgy/e0riVWCLFBi1wA3oSE4BJ8fGr33TvDaGeLsM9NYx9YI8NEp8A5KTjz+SIeVjV/DUBYvCcKhs1Y8W2giyWd0uDSdfgeF2CvnAzNJlqACNBGhxRA5yejG/D8Tnb8rEOto097bR6D2eZOTGAYqzPWGc3FjlaY1HMTb7OyIiazAiKwcRoopab8ZXWGsTNOfy9OZMVMNowErbaI8EGbkP7C7OrJq57c+bSKfZruoeJ70Kd0abrtwgLQNNgM8fclMU0x+1pPUiczkDcVn3Oi3y5sK4mu5bEtT4Cc70HXtgxCpHPR00h/gPc+3H5danDWoekVdhf7wRbwvZsWQO+4MEYB2kzhAbFxN7IPPAOxVga+M7t39l0m0x3hyZhgwtxrmp3FQ6zu2aCJLOK0z0RzfKDCGAuRVi3o9UGriwfboUFSrU1oo8QBXYARkKYO94M9huZvrOhmYGyga8YtMz6oGXjuJcbeufrZOgHkXYYdwQIIhrMUGwLOuCE2StRYHf564itmB12rYQxQOcUSOjioCOII/yR+ZkHWVGIkSxdPLGSg/dUYTpCK+U2Tc1HvkVelfrf1IVhQQaSMEMJ8CeaI4h5x3cjFW6gCqWo05a+wB2j/FhD4sxrs/UiWBoFvVjeY1tWTJHjweEmUhsvBoGDAwNZwsbUKiqgnK8ArYdfQS6RLaytz6Mq6BYzn4ZMqfUIIR5mMVQsr4zTDSLQ/Q8HVEGAgH7QKaBEk3TMpaSk8xonzdQaipihPEj6lx/FllogEz+YMMmz9yjCBj4R2MYTgElSsZePCk2NinhGAi4jEUJD1CymfxAOOi9jeS+ZzR+Izwdm9g2hdKOzrBY27+WFkYIwvKIWDuPQBg5XrNnwOJo+5WNC4b04YE0k1WVKa4mVV0ScsC7q7T+pw8hqQBD4itTNh94LJRJ7JKkPM2QVtF0fEhnes6kGCFR/DEcedDB9f+oIc0uK+QKrPMxXIb2GPjDotoM1lA8+JHE2M6Ip2jlRpI0lH5gECwHJQmZyYE9gvcY/Bgm0CAXSap0Y78BQoiwrgZGD8RsbBy2mQ8qqSFVH0s7osHo/J4CHqHW8QD03CjvIQHHgIuuLgUBwoRseo3aXT+LZCY7zGDmxhxFKZGbhhJbDfreM3BmSDgksNEB+/iQ8FYnIYCMNaK0+WdrJHcBIkjH8MtoLMLgrLAFFuiCQj9Olg7fPzV3vlhzKwyvTD7l30ElH/s0gb9/EebtY0CZOfcUiQ1yoIToa7LwxOA7aC5VSYh5Qdjq5jQ0ELxbPbWTQmO2NnD3xfAqaDJUdu3jDJIcSKk7S0ZdYQCSYoKys011kzhX9+4AFRZosTiyHgiCuQsLlgzilOUZTHDOG1UddXnrU288+FAjYEegfoTfYRSk3vLoSxQkSpIJ8Mt6CYIb8roDYylpQBidiSAHJQm0RRrneVN3D7MWEwsYXmRUfmDecit3bid2x6Or6J3I5+xn0D9Sg52a4hgtOWjN0hz/AIA0/od9RtyVKLmUF/BurRuAVs1sXBkNwlQeHhDpPYe3QenaCcTNc8GLuLmNMuGD6T63JF3dBUUT0cU3GwyPjIjZZAyvmZZ1w2Scdpx8lrNqDi2yMePr6i4zDEyxw8MI9ZHgPUQBJcu2HOB5kDAHhEF6ze7lj1xBtA2Tjxq82mKpdAE+k9KXP5zQLHEs8SAuCfD7UgkbLycg1Eiit/1EnDnzVchPOip7V7rBBOH3MPbNvMOP0mrNUjx7EUOzDy/JKouL22eshr2E9sRsqdAUhlQRSDmcy4v5VxmcCCuQbpOX0IF/uCQEjgYQBMNHKFBLsstbymhNOZrol5wUIxpSATk5x5LlSleJBMPw33iAiJNbWdhpLy0J4IM9xGMdunyjgFTN+GuWnxDXE/WaPN5H0l82h6JzGIOK/1BAFeXbgYrIkjkyFD6cSFc4KEM9eS2tRAD3IjrpuEkqnCV1JuSR/o3CYmWM+hECUssiJVOuDiSI0bSweCbjRuDy9rG4+R3sOWZYwnka3gzmg4ONYmw9NMAqwfjtwEOIg986j603MpnPOL5h5PMQpLCjaLQmcHeigpzo6MB8ERr6uxrH6m448yxxrwPCyLseai1OJiNyGhvBmvjfs0Jn5tfOyNeF7+ryg+DcFTTng+OFqAiyrncSosX1gycAWFssk8lGFCjpzonTIF27gJGhWRMAAgi12V290mmHEfioiq0Dmy9zWlxmS5yq5N4iTrQpCGAn7IuPl6p9gKYm873iIb4UAH7aJPHFt5Dm3ZcRDT2XAwQIPsmTPa13mZjyLo7S/XjRXgCxRSPrq7jZ0lE2QNn+Ivyxw34nfnVDjAWAfANFJofLFSXC+5+NIC7CFxBP+BWEaPz1Y9ELD9IITHxwBIH2gQnKPciqWc2jpAtS62BtSQphk7YHo29aBtzNrF2kP5cQ05MI1BxwpA3AWbCN2m25/zhtlxsX5gYrEclEIbNbhz2GMl4O58x4/BUYFFIY5DoqVwRhknNKWdHMvaajqmWUNg4QLtQstPhHMLpo0oZQ65MWu4aNxDkhu/AcPEPBby0SBDvqhqeRFIGWm/ACo0TP4hOw9mmNAK3S838aEY/tJWPhCa0uAmtyOnmGnmBzsUy0BuwxCzkiu7sV4qhU+u/DSIV1gqB13RekpU8d8z6lMLqGoQ7BU5MgvkG3HFmFxYCPk3FQ2fh0Mig+EG60EsXZqIGOmeymTSK6Eapd/chI4fn0uc+OaDH+ERifu4nUkQpcaNs0I1WQSQO12LiiRbcCB+wTNZUYWqwlfxo60Bj79qx/+mDJKhGDkx5V0YCsYPeNcCH2GcCF+pEOUjFISX4YVAN6kjACQnYJOxTtlTtIJ1JVMC8oKakhTgTpIe5I8CotV9Er+FC9MsjIr4o+wkAu3aUUs/FvpTzXjB4CNzdP5QEsUF+Gs5Zh0YVSi4I0WKttAJZqbPGSkUrqbyW5xKJPmw0s2wY2OTjOAwj1yAZghPj7ZW46ozMPjcR4mUPwgoca1RV2pSosQ54TcSHnoixK1OfE/EYfMWEDna0MRYtE2ROAxm1paPh3SoHSVlaAj+MDeF7RfpWTgn6lV43s6oI+NgnhDklDqf05jSDgwxsYOcSE4J3eOyic4MVpYdqpWn7VhU3M7VJwusGa/TmCzL1Ogthv6jKehBzoFgExi+q/hHLOTy2o3gYGVRgNQLsYbSbfBAJodzllUHA2g7DPqCBPy1Z34JnWGc0HG356SJjXmCxXcGK9aNt6lBO4tQJmn+oBHaZEGh8fGL8UEjcahELviXuOfTYzzOGl3bWcTIhrOdCORBIjA9pM0CGrmZYwrnRn4JGKOs3uEq5u4opQcRF06BoNP6d0MDrQvIMkY6Ggk7KiUjyrhaJWBUmhRPJ3opoAvY4XyZDTTzcr9ZAhfFBRqIDbxao3j8N/EAf0/XAZz2atOQIi3osy7tidNjk76yckuxa4d34ixhdAp0y2raXJTZXagSMx8l8tXNwEAEpRWAFvE4XZtNOpTvGYbDyxJHmjhKZoEnzZVmIEqY4mFbVoKA69AFWmiayk2RtyT8YnC1v1gpc47Ezo4zIL5NcXASqcy3McVNEkEXx4+tIfOjK+SXDR2AspPlbCjIERMhnGnxhFebVbRrYQu5LQ51siZOwXyg0zhBB/2G9N3crRgaAnFKpGWmYmt+YUl4ZqOH2l1hsIhxNFPlHj1rrHyt8L5D3lEFFFmOAK1jJu9P36nrE5LxVHgLAPLMX4J/Fwh4pvSn73SMIflnFuQcysaDd6DYCQ+UicvhHqaXbO6uRyxD4gpeNhxH/wU9WivJJs8FwA1Fph5h2e6fsfMH96L5ALTXc22EBo3SFtNpSAXJDNQN+g72jBOdPvoVD20wv5hKFJzlaaNIuwraF5vKWLSviM7wLF2MAJ8b2iwT0+E/JLuAx4qZYpqxEXjcGq8ECnLGhOB+EwkGm42+b/9drX+c37BihfUyfORNGLJqqwlrg2ZB0sCHvAOLU58oQGOrgB7pmtiFhQAXb+ODNMWAsPQoX8iFyDxZH3ASYJBJEn3VrhGiqH8S8ELz2y9htfDk1U4ZHFpF/CLRRsh8o3oxo5wAsZ+uD3Br6jJ7hRJUfewbldm05TQ8YIL8At4W9lV+J95oj61mfSwNH+Hm9Bm6KeNejtsERs5R7ACU6pQyYEdZEVQCesYSQzEoH7BZYJkhqf46sgOd4rSbz7Mf4IKiwNT60Eg9SKZKod/PCVBlrSyim4fkAy7wjOVO7Y0sjgRclKVqnyBFxY+oPEhu2lRgv/TE6OOTpp4O7dTH+VM7eu+DucGIJCJs8csja6JHLZvJbvqs2Gg4UUnJEjEwqsJ8gbDOgOrTRmiUscG1+NKdYYenPq7eEHfGby1tuSZ9cIT1TBSH21GkjAPH8X69TryyNjFrxgNLbsnhiHZ+EMY/eEYxRmKwUmzUNIu0dTBDtVFkxgLtpLmbiKmkFogeHUoA2RU2XlqTPDRih2k9hYK0g9mHaaK2W1omol/w0BThT9HmCo5SO/Y1YuCNYrclz9YLPULB2sKukCDwrYHpwudGfc9F//jln767/+kA/cuRRCLgmpfYUZDyEEf3aOb5HoBstOHw3RD2DUwljoaoRiAe2t/h2UqT2dfHWpuq/HZ1/KGI/mj7IRKzfAP9azbsAJDX52vardK/PNAHlVSF6M+52wdlQH29S0WAEUmnBEjiJKnL/TfclMA25OfEOwAAAAZiS0dEAPMAxwA2rY2ErgAAAAlwSFlzAAAOwwAADsMBx2+oZAAAAAd0SU1FB+MFDxM7LjKDo3QAACAASURBVHja7Zx5lF1Vne8/e+8z3Xvr3hqSSiUBTKjMI4EECIYQDGEGlSGB14oMagUc23aIdjeKI6EVFW2HMKqtrSaija2IQMusEINMIYGQFJMhc8117xn28P44VZUUCb5+Drxeb+W3Vq1Va9999jl37+/+/b6/72+fC38Dmzjt+JV/0fWTF7Rx0A7avjZlwugl/51+c8aP6Jgxrt69un3a5ONaJ085CKyD9peZGPxnwrgRHaOaCsts3HWXk4q1T3eLfTu+YeKolS9t3vnxuZNHrQxdusKnB78Qsq0qkCokNAnKK6155Jldy/7Sh1owZfJKkm0rgshnV827Zv2LOz/+/2Jyjmod0TEiFI21NOPBLcPn46C9TsA8d8l094mPtFHwM1b/9Jes+dVjbGwfvhhTJ5TdjENb+Mwn3kc56OOeBx7kWz+4g2kzZ/CWk+dRrTl+9LOn+fkDj/7Zi3jMxNFL3rnslLtOP3EGPdUaV1z59c4HntrT9LqDcvqIjvNPOabx3JOOwcmA5Vdd13n/73c2HYTM62MSYNaUlraK30+j10lF7WFMvaXk6f06e1IjdAd1spMge5kRUQ/1ChYcdRhHTvOYP6fMmBHZn88tJzWv9sX2u2ZN9Cm5TYwo7qClyTVOnTKi4/WeGJPsaRzbXKO5soNy4RVGNZnGmTNGrTwImdcRmJJklS+qBLIfp3vB1iDrH9Zx8pTm1aFyFD2LFFUCL8GTfZgYIteHTxeR30UUdDG7tej+nIeJVLpUGlCiB0/24YteikGKotb4ek9MMYCmiiBNt+PRSSW0eLa24iBkXh/zAHyXgRJoHEIV0E7hezBnUqN7/LlOARAokNrgMCAFNQdVrWmogNM1hFD09vfg+f3UlWrMnN68ev2G4Xxz5pSR61IJQoh2lbrWDZt3zxtKuiY2rw5cH1EBMjy0CLFCYpM+AnsA7zqzebUn5N06hs3P7bj+tb7g5CljWjc9u6391e1Tp7W0qcC1JrV4ReRH12gr2rUR7Zs3bb979rQRHeg9GC1AeIBEJSmhGb7fpk4fuU4b2Pzs3u9xwIRy+oK2Zzc8dP1BuP1fAHP25DGtiA6skBipEUJhhUUCyu0N59LZJQIDaJzQGGGxwmIlIDQu1TSVigR0IFNHydu9dM6kevf4c93iqHGjl2gZ3+UFGkSCh50r44QFUwIXEyLD8FGdVucWfUPcB9ZIDCFWCDxPEvqW2bPqXeq8zkBkjUpm9Me7qCuVlmbaY86UUa2PP5snSEdMbmlDZKusqyFIkG4nR8+spz/zHzVaXf/slh3Xz508amVqu1b4VlOKDCbpWSEsNFZGdAZT6xt11o3vQZpanO+jNVirCZRj1tSR66wU7cLtWhqI3XjKY960sqtmhWs2bD5wknYQlH+mxwSLlRajMjxSpEgQ+2ZGAMI2OmkRIsn/XIYTBq3ACkc5LJDWdnPhmUcz/6gaL+8OWf2zdcyfFDrhZ53GagSGgqlx/LxxLD35BEyS8F8P/p57Hn5+bm8KYUEgFUR+hDEesbZkQmGwRLIbP6Hx3JOPYP68I+nLMn7+i7t4fP1OvKhhxZzpI5dkWW2uz04qoePNpx9LY7lAf2+NH/7sEZzvzU1EsGrepMqq1kMqTJncisu6kbZGsRDw1MZNvLBtT2MA+JFCOhC+h/QLJEIjSwE104twu+fWB8xdfNxEFi+Yh6la/uu+ddzzWPuK6ROLKzZsrg5N26ev/KS7+NL34hV8PvJP72XD+scndO7p4uUtez34v3z5OnfsvLmsf/Jp3vu+5fsljR/+hxVu0aJFbNu2jeWXv1MALG97r1u8eDHVapVLL7vogInm9777765cLrN+/Xqu/OQnhvr88N/XuIULF+KcQ0rJxo0b+cxnPsP9D/xm2DhvXLCo4/LLL2+sqyty++23c+MNq4Y+X3TiEtfWtpy3/d3SYdf84rafuLPecr74qwHTCgAHWAQaQYYAXE5BAchk3tlJi3AWQf6HA4egWospRxGHjmpg7JhDSWjm5MVv4l++/n02tG9rdBrQ8Nl/vpSph1bw424qpSamTDyFc89N+YdP3UJSczR44DmBAJRSqEAhZUZdBF/4/KW0BAGhkji/wsTlF/Lkhle47ts/QUg1t1LymDJ+JB945wWMrnjYpI/QK3D6SQu58is3sfH5TkphiQnjW7jgvFOojzTC9CBdjJSLeWrzH7n6W7+glhpsBsIJ4jRBW0eSVikWYEQAH/uHdzBpTImCM7jYMuWi0zl+cRef/doPmDq14p55pkf89qH73HHzT+APjz3N2ENH82833cJHP/GhLV9d+a2hhdu4+QU3acI4nHG8cf4CLr74YnfGGWcMgeSpJze66dOnIgeW4cILL3Rbt25l8uRJKAXO5W1nnnkmv7nnzqFxu7v6XaVSBOC0007jiiuucCObGwRAT08Pe/bsQQhBmqbMnz+f22+/nXPOO8/ddecvBcCll7W5b37zmwSBQgg4++yzedvb3ubedOIJAmDhwoWcc845w4D0tre9xZ355tP+ysmPkwgnUFainEW5HHAWr3MvMGWnlmAGvr6yEt94KAu4AFEs0Z1pjCoQBEVsrYPA7eHdl5xGKKGpDMcfcziHNvsUVIonFZlOUaKHYiHm7LOPJghACXC6ipKawHd40uAJePvS2YyoyyipKmU/RaadjCikHDtjDIvmjqbiGYoy4f3Ll9HQYDGmn4a6Iravl5JL+PRH30dDALVaP14RZAF6TQ8pVZzrQ7kOZk0axdlnLECKgU2YWopeRDmKKIUeQsNbTp3K1MMKqLSHEEMpkJRDw+xJFRbNH4eklzcumuHmHTOPtrblzJ03U4wZPVLc8es7ufoL1w5N/De+fZObNGEcp552JjNnzmbx4sX09vbyrne9C4BLL3m3mzFjKu94xyUIKcQJJyxm165dTJs2ibe//SKEFEIqIbZu3cpNN900NO699zzoKpUixx23kMMPn8SyZcsIw5DPfXalA1h++TvFEXNmiNlHTBfzjp4jTjvtNHbs2ME733nZ0BgrVqxg7dq1HHfc8culEOKqq65i0aKFnH7GWQ7AObOPyxrAgx+Qar0Pr25ePX1qozvi8JHr5k85rHX25DGtM6a2tM2YNnLd1OlNbuKsBjd5ZpObPq159awpY1oPCEwA4STCSZQFcYCc2grbaARYwAk50F/lwESihSSRPmufbOdTn/s+u3d3EHqGQ1sKTB4HvoWLLzibhgLE1R6++vWbuPLTN9PV301dyefUk95EMQDfAyEsUhmMraJ1RimAY46aTsHXGOP47OduYvVPb0WbKuUw4ZQTjqDgYMIhReqLGTbrof3FF/jIP36NHXs6UEriu4QRFShG8MjadVx73de49rp/5YYbv8NNt/wAk/Si0y5OO3UhUQCBhFJYJKvG1Hp76O9JKIfwpuNmIrJuPKVY+aWb+OaNN5NkGb6rccbiY/CV45BDxoDQ3HDT9UNe7OzT3iw8EXHs/Lxcu+j4RWzc2M6LL7yEE5LtO3fQ3t7O2LFjAZg9ezZbt27nB//+XQHwwIP3iDvuuIP29pf40Y+/PzTu6tWraWho2FucWLCAdesep6uriyiK2LJlC52dnSxZcuCC3oMP3SvWrl3LkUceCcC8o49rnTy5lXvvvZe1j+Tc+M4775yQZYaZM2cCEIYh2qTD8eEUUuTMcPaU5tUVb8/SkuhkVGX3XJG8vKVot28pmp2rCnb33ILroGi6KOkOKlnH0lLWvWXO4RW3XygXLvea0gkQckh6l8SNM6eNWplJuwQXIwcvdRIYBCfgBKkziKjEfes28dxWWHPbf3FF20VYvYeJh4R070oYWfJwSQ3pFXliM3gBeIUWemsJYeiDzu9rvQwt+jGAJ6G5CcqeQicZG57bzpad0OFVeWsYkMU9lMOMEBjTVCS0MV6kuPv+h3mlG372m/t4+9vGIkOfESMb2Lazi927EnprCT6wTRiKDp5f8DyTZsykK+tjdHNId3/+uc4SGhvraKrLFbTmckRvXzcdvYYXd8OLOzXvCBtwaQcjojoU0Np6OE7YA1QzBIJgBfBxIQS1OEbKgDSN8WROXYYqbW94A8aY4dcLsV9bmg4HiOflbbVajUKhgLUWKSWVSuU1w2YcxxTCCIByubwFwNq9zy+lXOL7it7e3vyeSYJz7lXADPFUwLHTx7SOqO9b+tY3H0Mx6MfPNIoQ4+pxCJBJrhMT4umQUHsYV+K3m7bi1NPuic1dYgiYTuQ804qcVzphQYDnqigXr9DWYYRDOVAun2InwAmLEzmybZZiNaCKJC5BixC/UCauboMsQaRQCiR9/Sl+sYJRUE3yL+Q7i65VKQzwpsRpqplBhQFSQCBAaovVEuHXYz3Y3QeZ9AmUxQ8sng+VYgGVZWAlHiGx6aVGiC40oo3DqgidQcEHz8GRsxpYcMQMRpYN4w8LcbqfuoJF2gRtIDEJpfII+moxJh0I7yamXCqxvVuypx+aR0Itg3oV4TuDM5AkGinl/sC0oAY2vu9Jyl6BWhxTLBRQwhDHMZ6Xe51BQO1rgwnLvpZl2TBAW5sDvFKpkKbp0Di1Wu21Ew3PGwK47/s5cPbZAFLKJQDFYnGgv8Tzhj9H6BlwXZT9XVs+89HLGDO6D2E7IXMIV4emCecChKjhhMS4IsrkwNQUmDL/jdz/6GNMm9zStnHTjuu9oS8tHRqDkhbhQxTCYaPq+Mw/fwxrLWt++Wvu/c1v8SwoJbE2I5Mp2gPrYko4jDVInX/BmoYkk4RBCelyMNR6qhT8COMcWoPvQ9Zfoxw5FBoFJAPb3gY+KEWagbQQCoVVEquhtwojR0qcjKhlKc6D2EGSOUITIY0gyBSehW27a8SigVgIdnRZCqUQ05fwobaFzJ87Dhf3UioYlOghsTVI91AXQXcIwofeTCOUj5W5N8qThgwZNOJ8iFOIIg/d5/BEhEcEzkcR7geATGse+t3dAiCMPHr7+vA8D+sczuhhAAnDcD+v5Jwb5skYSBD3bRMiB/XgOFJKrLVDgBtKVv7uYjdz5kw2bNjA2LFjkQPYtiZPfPfdAM6JIY8NkCTJ0AYbeg6xg+9+82N8+qPncEhlDzLeRRT59NuI9pd2suqWn7BjN5y/7EgWnbSEj/3jF+nohOZ6eM8V76NlbBEpYzwXrQL2AnOAR2LFXo/piz4KrgPrLJHpx3N7Sakd0DGRIHF41iEteAMc1eFhhMSh8tDvLNIJJA7r7ABVAIlBOocSZkAJyDlsThU8cLmnMToFLZE4Qg+yxKLTjNDzUL4HChLj8Px64p4OQmlAw9aXevn7v19BZwqB8hF9GYuPHsOx08dRkSmxZxHCobVFeh6+s0iTP4fGoaXEU5Ig8Og1GmkcYeDnYc2CJyCLu6kv+2zv7iFL4jyxe1XIBYhCX+z1QjnQgtCjVqsReepvqgvuG/Iff2y9O+KIGcO87Isvvfgnr7eWoY0ShiHG7i09T5/W0tbb/UemTZxFayEjSP+IEjVsavBdmV/+4n4aRwbMmT+d237+GEcds4j3feiDpFZy8w23cP/adSw95w0oLIj0VcnPQHYurUA4CQIEDp8+AteHIhvgk0O9c61vH34qnULZgUydHLhGghECM0AVsA6Zs42BYRJQKUbYoYxfOElgJJ4ReBakgHIpQogUq/upi6AkwdMpge9RqyakGtpf3kFsPWSxwCmnH8OSRRHHzfbxYogkpElGVIALl51JKZCkVcMP1zzA12/4JXt6Xc6TnJcDU4AZpNtCEdc0kQceAhPHVAo+dSF4BiR9dPa1E9VnFEogrSZQ/p9GivNIU421Gl/JwYn9m9mgx7z2S9e5GTNm8O53X8GcOfO47LI2qtX4vzXGIDCdc0PeM18vu2Ta1Ikcs+BolKtS9CyB1ej+GqFfJK5CU33AuEMqhAI8a3n+2We55ds30PFKFz17egZkypwWTp4+pnUImMoOgBKHdPuGhgyEHvCQg5qnHJCY5AAIPYzwMHjg/BzAwuKEy9VRIbGAHXR/5B7TipxCOGFxai94pQPPCEIrkAOetVrtw/MdDRVJXzcEDupCH2sEyBDlwR+3aXbVMlIvoNLcyAUXnMMH3v0OrvnkRSgNjRUoRFCqk2iTIrwiv32yi989Cbu6NakJwIX5ZstLpzmvM45CINEpSOFwWUogDGRQCiDwISwretJOrAOBJU3SP7nIcZpSqCthjUZ58m9eSRkE1UknnUR7ezv3338/tVqNhx9+mPvuvydfkz+lK8o8ScrpgyBN94J5xsypS887/60gNdokGJOiZEghqlDtT1AKEBmHjBnJzKmNhCrgJ2vuYMqkCRQLPliHsnu95KYN29rlcKlI4tm9wrkRYPAxwiNTkkySlyCdRFqJZwbkIueTSJ9E+RjCAak+L1XmnnifUztiL1Cdy/83QmLwGYzlCofvwLMOb4A3GZEhZEqpaCgXoWUE+MKSZoLemqSnF7SFq754HVt7YmxhBLEOsTXNuJFNfOVzH4QaA5m/hUDS6yzdEvp86E58LCWsK2EtWJcvpucc0hlwFqVysIaBolKSlMI8Ygjl0Wc0zveJ41xJkP8HD1hfaSSuJWitcc68bsAMw5Asy/A8D6UUWZaxY8eOfYP2AaTCPJTX1dUBoLWmXC4z/rD8UPmy88/FkoHIyGyGF4ZUM0FvAiosYiVEUUBDQwOXL38vHZ39ZBrmLziOltFNCNJ8vhzg1L4lyb0PJUWGcmZvPdKpHKBCYuSAxxQa6ewQwo0ALQfAJob8Ozg5BHohBqimGADnII8wA5vCBciB9Rkcw4mBepQA35dkaQ9jxozk6i+8GWcV1aSKUfU8++Iz+GHev6sPPvbJG5gyKWL8qCYuOftUsqSfQ1pGD3hZEFahU0NUqGBdvtmc8kB6CBvgrMI4g3EaJR1COlILGWAwaFejVKzjU5+8AImilhpcYSRPrn+G0BfYTOAF4Z8Eyp6uTqSniKII58wBteO/6sHbgdA7mAxVq1UKhQJCiP0SowNzTDsQ7cBh0GnCCy9vvxvg/As/JH730NcctogMS3TW+vFkmaiugYwArSGLNc88vZmbvn0zl7//HRiTnz/wpSGQFuHEwBx4ezmmExY9UCu3MgZZG+COg2Fb4IRFyJzvCRGDSLHC5BxSWoy0WJkhRI299EOijI+0akjvRKgBiQkUEOiQIIkIU4Fv83YtIVOCVAmyATA7k1EpeqTxDqIwplCU4Ee8uCdhza/+QNWCUNDYBOPHRbzwcsyd973Crb+6E1eQ1HQHs2bV4WKoo4yKQcWasgIZgy80Qpoh/uRcDkKkw2IQBdAhJMpiPI12XdTVQ7HskTqfXbtKfO97axFu1HKnQ0j2P5f6wQ9/ZAh+5Uox36zOkWV/e485KClVq9Uhz6mUQkq5nzZ6YElJDiVQQRAM+2xSa71b8Y+fJ8mKZJSRUTNaNqJlHX1xjBAQenV4tg5fgMs8CgH4TuA7Qzny98lf1BoA+eSmbe12H8cpMQhnB0ApkBgQedvetCdFiAyJzj0ODjEQwLUyZCqnAA5/4GSSQ7qB8LaP8GwB4bycr2IRFoQBjMLgsE4MeClwIiCNLYKQjp6MP3an3Pnb9XzqmpvpS0GGkiOOmsnnPvVPXLniw0yb0koQwvbuDhKXoXWMcBopwRhL6Cl8T2KSvMojtQWdYYXBKdAqjxJCCIzTpA76M5ChQAU+xnrs2FPluZc7ePjJl7nqC98hsU088uyO65UfgdqfN37lS1/kjfMXrgaGdMU4jgnD8G8OzCzLN0pdXR1aa4QQZFlGmqbDdNADhXTpctqVF1YgrqVou9fFP9feLSZPmstVn/1XdnZLupIiL+3q4z3vv5kkrTLusAJPP7GL//zp7YxqLjJ7xhRKHqz+t39j6wudHHZoC1o5tNx7Vy9X4X08GeETILQgUEWyBHwvwtKPtQmB7xEpCAIQUuNMjJIOm4LMoIAgEVCTkm6gJoqooIzTXeBqOAdRqDA6xlofFYDV4JTEqAT83PuKFEgEAQKNJTZ5mVJRAStpf3E3n//G/XR5UHOgY4E1ktQZvFDgZT34WJrqcp7oFRTWk0jrY60kduAiR6pjjAajyMl5pohUSHeWEguNCcHIgJzVGLQAFUGWJSjrsacz4J++cCv9DnpSMK4O48IJADEp+jXyGStEK4AUCuEEUVggSzXeQJjdV7t8tY6plBoS4Pftsy+wnMvD9iDwBr3bYJ9BryeEQCmFcw5nBYNSqFI+tVqC3VdgFw5nHWpA21TKR6rhm6mWRFx97SrOXHQ4X7jycoxKmDNP4HkxF7/9LXzf/pLubse55/0dSvbywSsu4fZf/Sfzj2hl/sJj6FeGPgm+b5fsDeV4j27avB0hQoSTNNQVUBIOaSlRiFKKXsyE0WVEDcY2go5rRMV6MusjPZAoSDXKCDQK5+dpnNEOYQVSKhIN/YkGYfFVQhbnhDosGZxnqNqElDzDjVQRlwFWEZbq2NMJ1UTj8NDa5pMowJgCNqsjUPVIL6LaHxM6R9Gm+GkHBaAuAE8qJCFChBgFfWkVFSqUZyiFoGOolEN6q72ogk/sINMgjI+yPsWggjXQ0w1SFLCJT1rLvbuxkFkfI4rXPP1MfpzNygOLP2nqEMqfm8s3IUmS7QWHcxhjhoRtY8wwSWawra+vbz+wDmbLg9lznlA5wjDEWjtsHCnlkHjf399PEARYa4cBt1AI99sASokhGuCcQL1KDouiBpI0YEenz6eu/i7WP4Szzm2jljWwvVNw+lsv49Rz3o6sH8HuWFNoGsP5F7Vx1KJT6EwFT21+GRmG9PcljXs9plDX96SsigkpSZ8FR89g7OHjaGluwPS/go9g8ayxzLnqTJob66nGGV2JzzPP99DZA6VSCZlBsVjAtwpSEFlMqCShV6ZWC+nXVZ55sYPphzsaijU+9v5WkszgBR1Uq7C915E66OvNQ4Zn60gzR5Ya+lPoinspVmDG5BGcvbiBTTtCntqU0FELlz/67I7rp08uuK0v7UBkAQWZcOk5izl81G9Y9KYTESYDNYJHn+jEi2Bjezv1k+sIRMbF5x7J1p3bGdkSEJWLdGYpO3dBQYJMQWURCJ+QCrW+Hjp2SkaV6zl8TMCys2bx+HM7eOL5brb1piuAjwOsXbsWTw1f2LdfdJkLAoHV6RqAbdu2MmLECIwxefKhNVEU0dnZuV/Csi8wX13zFkIMA1GtllEsFodVhKy1Q4DeuXMnY8eOJU1TyuUycRwzbty4ocy8VqstB1YlSTI0ptb640mSLS2Xy/lxvY0b96tA1dXV4akCjz5VE25yxX3wo7cQKE2mY8JQ0p/IvLYXOvAVtWpKGPpkOsbzJM4GpHHAc1t6xZDHfPqZHddnXh133Pc4iasnNj5jD23BSQdeI4gmkhhG1reg0wDjKrzcIbn30Z349dDVn+BkHVpHGKsQKt9Vvf0ptSRCBmPojOGrq36MF41l1+5+Zs+YxHHzZtOfgi208K3v/IxuDQSgZYAWJcLCKKwqkEq4+8EnyKgDEfDWM87iPZe9m4mHvoFSWNcG4AV1a3bs6mPbrvyepWIDp550BkqUidOIbTsTtMgVo2997y4y1YALysyaPY2TTlqEi0p0acXPfvUASQb9fVCMGjGuQqYr9PUHKAWrb/0tVo6gWks5/dTFfODy5cyYOJHQ89cMLlISpxP6qzUe+t1v3flLL3BnnvVWd+ONN7JzZyePPPzAMoAf/vCHjB9/CGeddRbjx4/noosu4sgj5/DrX/96qH79aq81KNXsa9VqdRhHLRR8Zs+ezUknncT48eM544wzOPTQ0XznO98B4Lvf/S4TJ46nra2NpqYmTjzxRBYsWMA999wDQGNj4yqth5cwPc9b6fv+EBi3bt16je8rbrvtP92b3/xWt2zZMvfFf1mJUjlt+MOmHvHIpj7xwMZY9GejT75vvRXrntPi8ecS0WUqj3YkBZ591og+Gk5OVfOaatqANo0TNm3uFa86wQ5PPt0nbl59r9u2pZ1zzjoeW9NICjz32Mvs3tbBgjcuolQoodOMLa/s5ku3/JiaBU9BvywS+80YZ8kokRoQUSOyOIosEXTbBvpViWrsuOYbv+Qd5y9hTF1Imml29Qpuu/P3PL45AxdiRMqe1DI2qNDTr+m1HrGAn97xEqOapnLszMMp1jVh0zqUKtCb5uGzZl2rochVX/4B//SBd/GGuhFoGeNkyKaXOrjy6uvod5JAOPpqjmtu/A8uXvYWGhvrkb6i6jQPPPIE/3HHRozOFYO+2EerZhJjsV4TVdPDvY9uZey4p1l0wkxqNkB4ZYwN0NoNnSlct/ax9ksuuYSvf/0b/OhHP0JKePHFVzj//PMnDPb56rUrxdwjj3RfuPrzKAUmNtx228+59svXCID+/v79Dl5Ya/fjnZ7nDQvl1WpKGAZ86UtfIggk1sKtt97GDTfmB5RvvuV6ceyxx7orrriCFSs+TK2Wceedd/KJT6wQ+SHj3kc9Jecavfc+Rru7rWGpkjlYf/e7hz7+nis+sGLlypWcdeZZOKtR0hD39u23kZ56IZeUBu2FjbvnHTpw/rL9ye13A3cfUN56dcPRUyMnbYwsQppCYEGanGOYzOVZs6/okAoRRei4l5HlAodWCkjfY8MLO0iEpK4YctjoFqJYsuWFrfRE5UezLJs7UmkC3c+YFo/Eav7YAYkoEadR5+b2PU0zJwfusOYKDb5CFSIe295BnEHFQkHHNJcdM6ZOIxFl7ntkPakqnvzkM9vvnjx7TKtLki0NWq3xbXVpuQIjm+vp6o3ZurMHGzSuyYRo17JvReRpgiyl4MHokQVUGPDyrm46e3IpxBMFhHaUo4DDx7SQZCkbXt5GrB0FJVCuRkOd4cg5U8mSiHVPvsQD6zsO+ErBaaef7Xbv3j1h3e9/1/5aGfO5513gfnrrj4ddf/S841rDMNzy4EP3Dms/YeFi9+rX7zmXkAAAAdlJREFUIM479wJ360/z65117qGHHuH4hfPF0vP/l1vzkx++5qsO+163r516ypnu1wOn2Qft5CWnu7vu/tV+fc8/70L3k1t/JP7+g+91X/nytQgV/UWvVhwxa0HbE089dP1+g8yY2rw6DOwSY9PGNMkIVOUakHcTmra4r3dp2S9irSXxVaeVol0YO3dQ8xSeWpNmZqkK/OWxS1e5NKUio06l/GXdNlu9eWP+wwWzxre0RYFeqZVof2zj8DcMp0xvafOEXlmy6vpqlq3oDaIJL24Y/pbjrNYG5xULEx5bv619woxRK61zrc+/6o3M2VNa2rIsXqV8r3P9s8N/MGHq5DGtgUrXZUlvY6lUIkk1RkZrNmzMx5je2tKmhLz7qS3b2me2jlopfdGeCdO28Znd8yZMHLVSSrukVLJz474+fCKeeq7nf8yvdKSZc2vX/p7jFxzzuj7TRZde5m644QYiT/3P/8WScdP3HpmfdIDj86953aT/Xt/BkHDI5ObVB98rHKjBJ9Y9/Mgf3Ot930vb3uP6jXMHV+CgHdCMda87MI857kS3qyd2XXH2V7uvd3Ap//8yIfaWHV8P09q5ARn7Nd8rOmgHjXe9+z2vq7e8+uqvuEsubfur3/N/A/b98RIwdzegAAAAAElFTkSuQmCC" data-filename="logo.png" style="width: 166px;"></p><p>Welcome&nbsp;</p><p>\n    \n                                    </p>', '2019-05-17 17:06:32'),
	(3, 'dfsdfsdf', 'sdfdsfs', 'sfsdfdsf', '2019-05-17 17:06:32');
/*!40000 ALTER TABLE `maillings` ENABLE KEYS */;

-- Copiando estrutura para tabela wholesales.mail_subscription
CREATE TABLE IF NOT EXISTS `mail_subscription` (
  `id` int(11) NOT NULL AUTO_INCREMENT,
  `email` varchar(255) DEFAULT NULL,
  `created_at` datetime DEFAULT CURRENT_TIMESTAMP ON UPDATE CURRENT_TIMESTAMP,
  `subscription_hash` varchar(255) NOT NULL,
  PRIMARY KEY (`id`)
) ENGINE=InnoDB AUTO_INCREMENT=14 DEFAULT CHARSET=latin1;

-- Copiando dados para a tabela wholesales.mail_subscription: ~5 rows (aproximadamente)
/*!40000 ALTER TABLE `mail_subscription` DISABLE KEYS */;
INSERT IGNORE INTO `mail_subscription` (`id`, `email`, `created_at`, `subscription_hash`) VALUES
	(6, 'marckdx@outlook.com', '2019-05-17 14:05:09', '50e2eb237f4890ccbe67cae5ee99b3fa'),
	(7, 'alexandre.iosimura@gmail.com', '2019-05-17 14:53:00', 'f046772d4bc97e8f796a81259f06027d'),
	(10, NULL, '2019-05-17 14:09:11', '032be203bbc0c5fe041c88066c3ac44f'),
	(12, NULL, '2019-05-20 17:49:51', 'e282a5e578160a9ea0fa0329eae97f7d'),
	(13, 'marckdx@outlook.com', '2019-05-27 13:48:24', '0fdcf4c51f1cc437747dd62ac1def80f');
/*!40000 ALTER TABLE `mail_subscription` ENABLE KEYS */;

-- Copiando estrutura para view wholesales.order_export
-- Criando tabela temporária para evitar erros de dependência de VIEW
CREATE TABLE `order_export` (
	`id` INT(11) NOT NULL,
	`user_id` INT(11) NULL,
	`created_at` DATETIME NULL,
	`total` DECIMAL(10,2) NULL,
	`status_id` INT(11) NULL,
	`active` INT(2) NOT NULL,
	`date` VARCHAR(72) NULL COLLATE 'utf8mb4_general_ci',
	`user_name` VARCHAR(50) NULL COLLATE 'latin1_swedish_ci',
	`user_phone` VARCHAR(50) NULL COLLATE 'latin1_swedish_ci',
	`user_email` VARCHAR(50) NULL COLLATE 'latin1_swedish_ci',
	`status_name` VARCHAR(50) NULL COLLATE 'latin1_swedish_ci'
) ENGINE=MyISAM;

-- Copiando estrutura para tabela wholesales.password_recoveries
CREATE TABLE IF NOT EXISTS `password_recoveries` (
  `id` int(11) NOT NULL AUTO_INCREMENT,
  `user_id` int(11) DEFAULT NULL,
  `hash` varchar(255) DEFAULT NULL,
  PRIMARY KEY (`id`)
) ENGINE=InnoDB AUTO_INCREMENT=5 DEFAULT CHARSET=latin1;

-- Copiando dados para a tabela wholesales.password_recoveries: ~4 rows (aproximadamente)
/*!40000 ALTER TABLE `password_recoveries` DISABLE KEYS */;
INSERT IGNORE INTO `password_recoveries` (`id`, `user_id`, `hash`) VALUES
	(1, 17, '0f0d2d0cb103eebeca7b03842656a139'),
	(2, 17, '2452bf90166b526256800c271dec277d'),
	(3, 17, '59b7488107fee8b28c990b759f0479a4'),
	(4, 17, '0ae1cc4632e7b5c69ef2b0e02168be15');
/*!40000 ALTER TABLE `password_recoveries` ENABLE KEYS */;

-- Copiando estrutura para tabela wholesales.products
CREATE TABLE IF NOT EXISTS `products` (
  `code` int(11) NOT NULL AUTO_INCREMENT,
  `active` int(11) DEFAULT '1',
  `type` varchar(255) DEFAULT NULL,
  `item` varchar(255) DEFAULT NULL,
  `description` longtext,
  `price` decimal(10,2) DEFAULT NULL,
  `gross_price` decimal(10,2) DEFAULT NULL,
  `category` varchar(50) DEFAULT '1',
  `brand_id` int(11) DEFAULT NULL,
  `route` varchar(50) DEFAULT NULL,
  `items_on_box` int(11) DEFAULT '1',
  `product_type_id` int(11) DEFAULT '1',
  `supplier_id` int(11) DEFAULT '1',
  `cold_description` text NOT NULL,
  `barcode` varchar(45) DEFAULT NULL,
  `qrcode` varchar(45) DEFAULT NULL,
  `minimum_stock` varchar(45) DEFAULT NULL,
  PRIMARY KEY (`code`)
) ENGINE=InnoDB AUTO_INCREMENT=422 DEFAULT CHARSET=latin1;

-- Copiando dados para a tabela wholesales.products: ~338 rows (aproximadamente)
/*!40000 ALTER TABLE `products` DISABLE KEYS */;
INSERT IGNORE INTO `products` (`code`, `active`, `type`, `item`, `description`, `price`, `gross_price`, `category`, `brand_id`, `route`, `items_on_box`, `product_type_id`, `supplier_id`, `cold_description`, `barcode`, `qrcode`, `minimum_stock`) VALUES
	(84, 1, NULL, '24K BIO-BRIGHTENING SKIN TONE MOISTURIZER SPF 30', 'The 24K Bio-Brightening Skin Tone Moisturizer SPF 30 is formulated to boost radiance while protecting skin from harsh UV rays. This weightless daytime cream also forms a protective veil over the skin to defend against moisture loss, keeping skin looking supple and baby-soft.', 100.00, 100.00, NULL, 16, NULL, 20, 3, 1, '', NULL, NULL, NULL),
	(85, 1, NULL, '24K BIO-BRIGHTENING DARK SPOT SOLUTION', 'The 24K Bio-Brightening Dark Spot Solution is a gentle formula made to reduce the appearance of blemishes, skin discoloration and age spots. This advanced nighttime formula contains Kojic Acid, vitamin A and vitamin C to brighten and balance out the overall skin tone. This unique blend will leave skin with a radiant glow.', 100.00, 100.00, '1', 16, NULL, 20, 3, 1, '', NULL, NULL, NULL),
	(86, 1, NULL, '24K BIO-BRIGHTENING PIGMENT BALANCING MASK', 'The 24K Bio-Brightening Pigment Balancing Mask is formulated to reduce the appearance of age spots, sun damage and uneven skin tone. A combination of vitamin A, vitamin E, and mica helps to illuminate and balance the skin’s complexion. This unique complex restores the skin’s radiance while reducing the look of discoloration.', 100.00, 100.00, '1', 16, NULL, 16, 3, 1, '', NULL, NULL, NULL),
	(87, 1, NULL, '24K COLLAGEN & SEAWEED MASK', 'The 24K Collagen & Seaweed Mask is a unique kaolin clay mask designed to restore the look of volume and smoothness to skin. Its blend of ingredients like safflower seed oil, collagen, Retinyl Palmitate and botanical extracts like sage extract, help to reduce the appearance of fine lines and wrinkles. Flecked with gold, this luxurious mask will leave your skin more vibrant and radiant in just one use.', 100.00, 100.00, '1', 16, NULL, 16, 3, 1, '', NULL, NULL, NULL),
	(88, 1, NULL, '24K COLLAGEN RENEWAL CREAM', 'The 24K Collagen Renewal Cream’s unique formula helps to improve the appearance of skin firmness and restores lost moisture. Enriched with seaweed extract, green tea and aloe to leave your skin feeling soft and looking radiant. This cream will help reduce the appearance of fine lines and wrinkles while restoring skin’s moisture.', 100.00, 100.00, '1', 16, NULL, 20, 3, 1, '', NULL, NULL, NULL),
	(89, 1, NULL, '24K COLLAGEN RENEWAL SERUM', 'The 24K Collagen Renewal Serum helps to restore skin’s youthful radiance. This serum’s humectant and collagen-boosting ingredients like Beta-Glucan, Sodium Hyaluronate, and peptides improve the appearance of volume and firmness while reducing the visibility of fine lines. Enhance your anti-aging efforts daily with this gentle gel.', 100.00, 100.00, '1', 16, NULL, 20, 3, 1, '', NULL, NULL, NULL),
	(90, 1, NULL, '24K COLLAGEN PRE-MASK', 'The 24K Collagen Pre-Mask is a triple threat! This unique formula prepares your skin for the 24K Collagen & Seaweed Mask with three sensational phases. It starts as a gel, melts to an oil and then transforms into a milky foam. Melt away impurities and prepare your skin to take in the maximum beauty benefits from the 24K Collagen & Seaweed Mask.', 100.00, 100.00, '1', 16, NULL, 20, 3, 1, '', NULL, NULL, NULL),
	(91, 1, NULL, '24K DMAE BODYLIFT CREAM', 'The 24K DMAE Bodylift Cream is a luxurious cream that promotes the appearance of a perfectly toned silhouette. It is enriched with rejuvenating ingredients like caffeine and DMAE to smooth and firm the look of sagging skin. This confidence-in-a-jar will leave skin with a tighter, more contoured appearance.', 100.00, 100.00, '1', 16, NULL, 16, 3, 1, '', NULL, NULL, NULL),
	(92, 1, NULL, '24K DMAE DEEP WRINKLE TIGHTENING SOLUTION', 'The 24K DMAE Deep Wrinkle Tightening Solution is an innovative lightweight solution that helps tighten skin, reducing the look of fine lines and sagginess. It is infused with a superior blend of rejuvenating ingredients like DMAE and Hyaluronic Acid. Enjoy the feeling of a firmer and more youthful complexion.', 100.00, 100.00, '1', 16, NULL, 20, 3, 1, '', NULL, NULL, NULL),
	(93, 1, NULL, '24K DMAE LIFTING & FIRMING CREAM', 'The 24K DMAE Lifting & Firming Cream gives skin a luminous and radiant glow. This non-greasy formula contains collagen, DMAE and vitamin C to diminish the look of wrinkles and fine lines, resulting in a more youthful appearance. Complement your daily skincare routine with this age-defying wonder.', 100.00, 100.00, '1', 16, NULL, 16, 3, 1, '', NULL, NULL, NULL),
	(94, 1, NULL, '24K DMAE INSTANT STRETCHING MASK', 'The 24K DMAE Instant Stretching Mask is an indulgent weekly treat to promote skin elasticity. Its exquisite blend of beautifying oils includes jojoba and sunflower seed oil to smooth away wrinkles and fine lines while keeping skin moisturized. This mask instantly lends a firmer, smoother appearance to skin.', 100.00, 100.00, '1', 16, NULL, 20, 3, 1, '', NULL, NULL, NULL),
	(95, 1, NULL, '24K VITAMIN C BOOSTER FACIAL SERUM', 'The 24K Vitamin C Facial Booster Serum instantly illuminates the complexion while reducing signs of tired-looking skin. Its unique formula is enriched with antioxidant-rich vitamin C and Retinyl Palmitate to target the appearance of dark spots, fine lines, and puffy-looking eyes. Flecked with gold, this serum is effective in boosting the skin’s overall glow.', 100.00, 100.00, '1', 16, NULL, 20, 3, 1, '', NULL, NULL, NULL),
	(96, 1, NULL, '24K VITAMIN C FACIAL CLEANSER', 'The 24K Vitamin C Facial Cleanser is a gentle cleansing formula designed to remove traces of makeup, dirt and excess oils. Its soft foaming action is enriched with vitamin C, aloe vera and Retinyl Palmitate to thoroughly cleanse skin without stripping away vital moisture. This cleanser leaves skin feeling fresh and clean.', 100.00, 100.00, '1', 16, NULL, 20, 3, 1, '', NULL, NULL, NULL),
	(97, 1, NULL, '24K MULTI-VITAMIN DEEP PEELING', 'The 24K Multi-Vitamin Deep Peeling is a unique exfoliating gel. Its superior formula combines Mandelic Acid and vitamin C to brighten overall skin tone, and bamboo stem powder to gently exfoliate skin. This peeling treatment will leave skin feeling clean and refreshed.', 100.00, 100.00, '1', 16, NULL, 20, 3, 1, '', NULL, NULL, NULL),
	(98, 1, NULL, '24K DEEP MOISTURIZER', 'The 24K Deep Moisturizer has a light, non-greasy texture. Featuring well-established moisturizing ingredients like vitamin E and shea butter, this velvety cream slips smoothly onto skin to protect against moisture loss and restore the look of volume. Achieve a smoother, plumper appearance with this delightfully soft cream.', 100.00, 100.00, '1', 16, NULL, 20, 3, 1, '', NULL, NULL, NULL),
	(99, 1, NULL, '24K OVERNIGHT CREAM', 'The 24K Overnight Cream is a lush moisture cream brimming with skin-reviving benefits. This botanical-rich multivitamin formula features sweet almond oil and shea butter to moisturize and soften skin while fortifying the skin’s natural barrier. Experience a renewed look of youthfulness as signs of dryness, fatigue and fine lines are diffused.', 100.00, 100.00, '1', 16, NULL, 20, 3, 1, '', NULL, NULL, NULL),
	(100, 1, NULL, '24K CLASSIC BODY BUTTER', 'The 24K Classic Body Butter is a rich all-over-body moisturizer. Designed with a magnificent blend of ingredients such as sunflower oil and Shea butter to deliver a powerful moisturizing effect, daily use of this classic moisturizer will result in touchably soft skin. Suitable for dry skin types, this buttery formula leaves skin in luxuriously smooth comfort all day.', 100.00, 100.00, '1', 16, NULL, 24, 3, 1, '', NULL, NULL, NULL),
	(101, 1, NULL, '24K CLASSIC BODY SCRUB', 'The 24K Classic Body Scrub works to smooth and exfoliate skin for a renewed appearance. Its gentle antioxidant-rich formula removes dead skin cells and grime buildup while delivering skin-loving ingredients to the skin. Enjoy velvety soft skin immediately upon use.', 100.00, 100.00, '1', 16, NULL, 24, 3, 1, '', NULL, NULL, NULL),
	(102, 1, NULL, '24K MOUSSE CLEANSER', 'The 24K Mousse Cleanser transforms into a creamy lather to effectively remove impurities such as dirt and makeup. Formulated with willow bark and chamomile extract, this formula offers a deep botanical cleanse without stripping away the skin’s natural oils. This calming lather will leave skin feeling fresh and renewed.', 100.00, 100.00, '1', 16, NULL, 20, 3, 1, '', NULL, NULL, NULL),
	(103, 1, NULL, '24K PURIFYING TONER', 'The 24K Purifying Toner is designed to be used after cleansing. Formulated with aloe vera juice and cucumber extract, this gentle tonic helps to refresh and balance the skin’s natural pH levels. This toner also helps to remove any remaining traces of excess oils and impurities to leave skin with a healthier-looking complexion.', 100.00, 100.00, '1', 16, NULL, 20, 3, 1, '', NULL, NULL, NULL),
	(104, 1, NULL, '24K AROMATHERAPY BODY OIL', 'The 24K Aromatherapy Body Oil works to soothe skin all day long. Made with a blend of precious, nourishing oils and natural botanical extracts such as rosemary and pomelo grapefruit oils, this silky oil calms irritated skin and smooths away dry, rough patches. With no synthetic fragrance, this luxurious oil is specially formulated to leave skin feeling moisturized, healthy and radiant.', 100.00, 100.00, '1', 16, NULL, 20, 3, 1, '', NULL, NULL, NULL),
	(105, 1, NULL, '24K CLASSIC HAND & BODY CREAM', 'The 24K Classic Hand and Body Cream is a lightweight moisturizer suitable for all skin types. Infused with organic argan oil and chamomile extract, this non-greasy cream helps to reinforce the skin’s natural barrier while soothing and moisturizing the skin. This multi-tasking cream offers a luxurious experience for satin-smooth skin.', 100.00, 100.00, '1', 16, NULL, 40, 3, 1, '', NULL, NULL, NULL),
	(106, 1, NULL, '24K RENEWAL LIP BALM', 'The 24K Renewal Lip Balm is enhanced with antioxidants and superior conditioners to moisturize and soothe dry, chapped lips. Avocado and sunflower seed oil work together to soften lips for a plumper, fuller look.', 100.00, 100.00, '1', 16, NULL, 40, 3, 1, '', NULL, NULL, NULL),
	(107, 1, NULL, '24K DEEP TISSUE REJUVENATION MASK & COLLAGEN EYE RENEWAL MASK', 'The 24K Deep Tissue Rejuvenation Mask & Collagen Renewal Mask is a boxed set of face and eye masks designed to promote skin elasticity. Expertly formulated with gold, lavender and collagen, this mask relaxes and calms skin while delivering vital ingredients to encourage a smoother, softer complexion. Experience a renewed glow with this radiance-boosting mask.', 100.00, 100.00, '1', 16, NULL, 6, 3, 1, '', NULL, NULL, NULL),
	(108, 1, NULL, '24K ANTI-AGING EYE SERUM', 'The 24K Anti-Aging Eye Serum helps firm the delicate skin around the eyes. It is specially formulated with Palmitoyl Oligopeptide and Ascorbic Acid (vitamin C) to leave skin feeling young and radiant. Revive the eye contour with this silky serum.', 100.00, 100.00, '1', 16, NULL, 20, 3, 1, '', NULL, NULL, NULL),
	(109, 1, NULL, '24K MULTI-VITAMIN DAY MOISTURIZER + AMINO ACID', 'The 24K Multi-Vitamin Day Moisturizer + Amino Acid features amino acids that form the building blocks of proteins and play a key role in skin integrity. Formulated with white tea extract and organic chamomile, this non-greasy formula works to provide anti-aging benefits and reduce the look of wrinkles and fine lines. By providing a invisible veil over the skin, this daytime moisturizer also helps to prevent moisture loss, keeping skin looking plump and youthful.', 100.00, 100.00, '1', 16, NULL, 20, 3, 1, '', NULL, NULL, NULL),
	(110, 1, NULL, '24K MULTI VITAMIN NIGHT NOURISHMENT + RETINOL', 'The 24K Multi-Vitamin Night Nourishment + Retinol harnesses the power of Retinol to offer the skin multiple benefits. Combining the anti-aging properties of Retinol and the antioxidant benefits of green tea extract and vitamin E, this nighttime treatment reduces the appearance of wrinkles, dark spots, and loose skin, while protecting the skin from moisture loss. Enhance your nightly anti-aging routine with this age-defying formula.', 100.00, 100.00, '1', 16, NULL, 20, 3, 1, '', NULL, NULL, NULL),
	(111, 1, NULL, '24K MULTI-VITAMIN DEEP PEELING + MANDELIC ACID', 'The 24K Multi-Vitamin Deep Peeling + Mandelic Acid is a unique exfoliating gel designed to be gentle yet effective for all skin types. Formulated with superb ingredients such as bamboo stem powder, Mandelic Acid and vitamin C, these powerful ingredients will help gently exfoliate the skin, leaving it with a soft, refreshed sensation.', 100.00, 100.00, '1', 16, NULL, 20, 3, 1, '', NULL, NULL, NULL),
	(112, 1, NULL, '24K INTENSIVE EYE SERUM', 'The 24K Intensive Eye Serum is a breakthrough solution that helps firm the delicate skin around eyes. It is designed with potent ingredients like Palmitoyl Oligopeptide and vitamin C to reduce the appearance of crow’s feet. Discover the softening properties of this silky lightweight serum and enjoy a more youthful look.', 100.00, 100.00, '1', 16, NULL, 20, 3, 1, '', NULL, NULL, NULL),
	(113, 1, NULL, '24K DARK CIRCLE EYE SOLUTION', 'This extraordinary eye cream instantly diminishes the appearance of under eye dark circles, leaving your face looking brighter and younger. Formulated with Gold, Vitamin A (Retinyl Palmitate), a highly absorbent Vitamin C (Tetrahexyldecyl Ascorbate), as well as Vitamin E(Tocopheryl Acetate) and Allantoin to hydrate the delicate skin around the eye area.', 100.00, 100.00, '1', 16, NULL, 20, 3, 1, '', NULL, NULL, NULL),
	(114, 1, NULL, '24K INTENSIVE EYE FORMULA CREAM', 'The 24K Intensive Eye Formula Cream is specifically designed to minimize the look of dark circles, puffy eyes, and crow’s feet. The powerful infusions of Retinyl Palmitate and caffeine work to promote skin elasticity around the eyes while giving skin a more rested appearance. Enjoy a fresher, more vibrant look with this moisturizing formula.', 100.00, 100.00, '1', 16, NULL, 20, 3, 1, '', NULL, NULL, NULL),
	(115, 1, NULL, '24K NECK DUO TREATMENT', 'The 24K Neck Duo Treatment is a two-part system to care for the skin around the neck. The 24K Necklift Boosting Essence is fortified with Tocopheryl Acetate and Retinyl Palmitate to diminish necklace lines and age spots, while the 24K Necklift Nutri-Cream features jojoba seed oil and shea butter to lock in moisture and keep skin looking plump. Enjoy a smoother décolleté with this botanical-based blend of premium anti-aging ingredients.', 100.00, 100.00, '1', 16, NULL, 20, 3, 1, '', NULL, NULL, NULL),
	(116, 1, NULL, '24K NECK LIFTING & CHEST FIRMING MASK', 'The 24K Neck Lifting and Chest Firming Mask is a revolutionary formula designed to give skin a more ‘lifted’ appearance. Infused with lavender oil, gold, aloe extract and collagen, this mask targets delicate skin around the neck and chest to reduce the appearance of wrinkles and dry skin. The boost of anti-aging actives promote the look of skin elasticity and firmness.', 100.00, 100.00, '1', 16, NULL, 6, 3, 1, '', NULL, NULL, NULL),
	(117, 1, NULL, '24K TÈRMICA® ENERGIZING MASK', 'The 24K Tèrmica® Energizing Mask provides a unique heating effect when applied onto skin. The heated formula maximizes the anti-aging benefits of vitamins A (Retinyl Palmitate), C (Ascorbic Acid) and E (Tocopheryl Acetate) to promote a fresh and energized appearance. This thermal mask will pamper skin and leave it beautifully radiant.', 100.00, 100.00, '1', 16, NULL, 16, 3, 1, '', NULL, NULL, NULL),
	(118, 1, NULL, '24K TÈRMICA® COMPLETION CREAM', 'The 24K Tèrmica® Completion Cream is designed to target the signs of aging for a smoother, plumper appearance. Formulated with peptides Acetyl Hexapeptide-8 and Palmitoyl Oligopeptide, this cream helps to soften the appearance of wrinkles and fine lines. The moisturizing properties of this cream also defends against the loss of moisture and promotes a healthier, firmer look.', 100.00, 100.00, '1', 16, NULL, 20, 3, 1, '', NULL, NULL, NULL),
	(119, 1, NULL, '24K TÈRMICA® ACTIVATION SERUM', 'The 24K Tèrmica® Activation Serum is a silky gel-like solution designed to reduce the appearance of wrinkles and fine lines. Formulated with witch hazel, green tea and seaweed, this radiance-boosting formula smooths away unwanted signs of aging for a brighter, rejuvenated appearance.', 100.00, 100.00, '1', 16, NULL, 20, 3, 1, '', NULL, NULL, NULL),
	(120, 1, NULL, '24K TÈRMICA® HD SOLUTION', 'The 24K Tèrmica® HD Solution encourages a smooth photo-finish complexion, while diminishing the appearance of pores and fine lines. This targeted treatment delivers powerful infusions of cucumber, vitamin A and organic chamomile to promote softer-looking skin. This HD Solution provides a beautiful matte finish, brightening and illuminating the complexion.', 100.00, 100.00, '1', 16, NULL, 16, 3, 1, '', NULL, NULL, NULL),
	(121, 1, NULL, '24K HD TOUCH', 'MAXIMISE YOUR SKINCARE’S POWERFUL ANTI-AGEING BENEFITS WITH THE 24K HD TOUCH. THIS CAREFULLY CRAFTED MASSAGER STIMULATES BLOOD CIRCULATION, INCREASES BLOOD FLOW AND INVIGORATES DEEP TISSUES TO PROMOTE HEALTHIER, SMOOTHER-LOOKING SKIN. WITH CONSISTENT DAILY USE, THE 24K HD TOUCH WILL RESULT IN VISIBLE IMPROVEMENTS IN THE APPEARANCE OF WRINKLES AND DEEP FACIAL LINES.', 100.00, 100.00, '1', 16, NULL, 6, 3, 1, '', NULL, NULL, NULL),
	(122, 1, NULL, '24K CRYOGENIC MAGNOLIFT MASK', 'The 24K Cryogenic MagnoLift Mask is a unique ‘lifting’ mask that transforms skin from tired and dull to bright and radiant. This luxurious formula delivers a combination of sunflower seed oil, rosemary leaf extract and coconut oil to moisturize and maintain skin suppleness. Lift away impurities while removing signs of fatigued skin with this lavish treatment.', 100.00, 100.00, '1', 16, NULL, 20, 3, 1, '', NULL, NULL, NULL),
	(123, 1, NULL, '24K CRYOGENIC PEARL REVIVAL ELIXIR', 'Use the 24K Cryogenic Pearl Revival Elixir to refresh the look of dull, dry skin and reduce the appearance of fine lines and wrinkles. The combination of Gold and Mother of Pearl helps maintain a youthful appearance.', 100.00, 100.00, '1', 16, NULL, 20, 3, 1, '', NULL, NULL, NULL),
	(124, 1, NULL, '24K CRYOGENIC CONTOUR EYE FIRMING', 'The 24K Cryogenic Contour Eye Firming delivers an intensive firming action for more youthful-looking eye contours. The superior blend of caffeine and green tea helps minimize the appearance of puffiness, fine lines and wrinkles. This rich yet non-greasy cream will give the eyes a smoother and more contoured appearance.', 100.00, 100.00, '1', 16, NULL, 20, 3, 1, '', NULL, NULL, NULL),
	(125, 1, NULL, '24K CRYOGENIC RESTORATION CREAM', 'The 24K Cryogenic Restoration Cream is designed to deeply moisturize skin and protect it from future moisture loss. The expert combination of melon fruit extract, Retinyl Palmitate, and Alpha-Hydroxy Acids promotes skin elasticity while reducing the appearance of wrinkles and fine lines. This non-greasy, butter-smooth cream rekindles the skin’s natural radiance for a luminous overall glow.', 100.00, 100.00, '1', 16, NULL, 20, 3, 1, '', NULL, NULL, NULL),
	(126, 1, NULL, '24K CRYOGENIC DIAMOND GOMMAGE', 'The 24K Cryogenic Diamond Gommage is a breakthrough leave-on formula that gently exfoliates the skin. Made with coconut, green tea and chamomile extract, this gommage removes dead skin cells and excess oils without drying out the skin. This unique exfoliator is a gentle yet effective way to stimulate and renew the complexion.', 100.00, 100.00, '1', 16, NULL, 20, 3, 1, '', NULL, NULL, NULL),
	(127, 1, NULL, 'THE OROGOLD 24K CLEOPATRA NANO REGIMEN', 'The 24K Cleopatra Nano Regimen is a three-part system created to provide unparalleled care for the skin. This collection results in a dewy, glowing look.  24K Cleopatra Nano Silk Cream – 50 g. / 1.69 oz. The 24K Cleopatra Nano Silk Cream is a satin-like moisturizer designed to instantly smooth away wrinkles and dry skin. Expertly formulated with Palmitoyl Tetrapeptide-7, vitamin E and Sodium Hyaluronate, this luxurious solution diminishes unwanted signs of aging while protecting skin from moisture loss. Experience a radiant, plump look with reduced visibility of fine lines.  24K Cleopatra Nano Serum – 80 ml. / 2.70 fl. oz., 1 bottle = 10 ml. / 0.34 fl. oz., 8 bottles The 24K Cleopatra Nano Serum is a silky elixir that reduces the look of wrinkles and fine lines. Its unique formula includes Acetyl Hexapeptide-8 and aloe vera to soften and smooth skin for a more luminous, vibrant complexion.  24K Cleopatra Gold Sheets – 8 envelopes (4 sheets per envelope) The 24K Cleopatra Gold Sheets are designed to enrich skin with the exquisite luxury and benefits of gold. Soothe and calm skin while reducing the appearance of fine lines with this four-sheet wonder, and enjoy a renewed radiance.', 100.00, 100.00, '1', 16, NULL, 8, 3, 1, '', NULL, NULL, NULL),
	(128, 1, NULL, '24K NANO DAY RECOVERY', 'The 24K Nano Day Recovery is a lightweight yet richly moisturizing formula created to promote skin elasticity. It is infused with skin-pepping ingredients such as Sodium Hyaluronate, vitamin A and seaweed extract to minimize the look of fine lines and protect against moisture loss. This gel-like cream will leave skin feeling soft and looking radiantly younger.', 100.00, 100.00, '1', 16, NULL, 16, 3, 1, '', NULL, NULL, NULL),
	(129, 1, NULL, '24K NANO HYDRA SILK MASK', 'The 24K Nano Hydra Silk Mask is a radiance-boosting formula to keep skin looking plump and soft. Its infusions of vitamin E, Sodium Hyaluronate and açai fruit extract are activated when the mask transforms from a silky cream into water droplets. By targeting the signs of aging and reinforcing the skin’s natural barrier, this unique leave-on mask provides skin with a fuller, moisturized appearance.', 100.00, 100.00, '1', 16, NULL, 16, 3, 1, '', NULL, NULL, NULL),
	(130, 1, NULL, '24K NANO ULTRA SILK SERUM', 'The 24K Nano Ultra Silk Serum is a feather-light waterless formula designed to give skin a plump, moisturized look. Infused with highly moisturizing ingredients such as sweet almond oil and seaweed extract, this silky solution helps to fortify the skin’s natural barrier while minimizing the appearance of wrinkles and frown lines. Discover a fuller, vibrant glow with this all-day wonder.', 100.00, 100.00, '1', 16, NULL, 16, 3, 1, '', NULL, NULL, NULL),
	(131, 1, NULL, '24K NANO NIGHT RECOVERY', 'The 24K Nano Night Recovery’s revolutionary non-greasy formula is designed to care for skin while at rest. Combining the soothing properties of aloe vera and the antioxidant-rich green tea extract, this light and silky solution keeps skin soft and moisturized all night long. Recover the skin’s dewy glow with this nightly treatment.', 100.00, 100.00, '1', 16, NULL, 16, 3, 1, '', NULL, NULL, NULL),
	(132, 1, NULL, '24K NANO COLLECTION BAGS', 'The 24K Nano Collection is a transformative collection designed to target dry, dull, damaged skin for a more radiant and luminous glow.  24K Nano Day Recovery – 50 g. / 1.76 oz. The 24K Nano Day Recovery is a lightweight yet richly moisturizing formula created to promote skin elasticity. It is infused with skin-pepping ingredients such as Sodium Hyaluronate, vitamin A and seaweed extract to minimize the look of fine lines and protect against moisture loss. This gel-like cream will leave skin feeling soft and looking radiantly younger.  24K Nano Night Recovery – 50 ml. / 1.76 fl. oz. The 24K Nano Night Recovery’s revolutionary non-greasy formula is designed to care for skin while at rest. Combining the soothing properties of aloe vera and the antioxidant-rich green tea extract, this light and silky solution keeps skin soft and moisturized all night long. Recover the skin’s dewy glow with this nightly treatment.  24K Ultra Silk Serum – 50 ml. / 1.76 fl. oz. The 24K Nano Ultra Silk Serum is a feather-light waterless formula designed to give skin a plump, moisturized look. Infused with highly moisturizing ingredients such as sweet almond oil and seaweed extract, this silky solution helps to fortify the skin’s natural barrier while minimizing the appearance of wrinkles and frown lines. Discover a fuller, vibrant glow with this all-day wonder.  24K Nano Hydra Silk Mask – 100 g. Jar / 3.53 oz. The 24K Nano Hydra Silk Mask is a radiance-boosting formula to keep skin looking plump and soft. Its infusions of vitamin E, Sodium Hyaluronate and açai fruit extract are activated when the mask transforms from a silky cream into water droplets. By targeting the signs of aging and reinforcing the skin’s natural barrier, this unique leave-on mask provides skin with a fuller, moisturized appearance.', 100.00, 100.00, '1', 16, NULL, 100, 3, 1, '', NULL, NULL, NULL),
	(133, 1, NULL, 'Perfectio Silver', 'PEREFCTIO WILL REJUVENATE YOUR SKIN\'S APPEARANCE AND STRUCTURE USING DUAL ACTION TECHNIQUES, RED LED LIGHT, AND TOPICAL HEAT.  Perfectio uses red and infrared LEDs in the range of 640–840 nm.  The Perfectio™ is a FDA-cleared Class II medical device.', 100.00, 100.00, '1', 15, NULL, 20, 3, 1, '', NULL, NULL, NULL),
	(134, 1, NULL, 'Recreo', 'Recreo is a hair growth device that uses low-level laser light therapy to reverse the gradual of hair production mechanisms, and initiates a process of renewal and rehabilitation.  The Recreo™ is a FDA-cleared Class II medical device', 100.00, 100.00, '1', 15, NULL, 20, 3, 1, '', NULL, NULL, NULL),
	(135, 1, NULL, 'Perfectio X', 'The Perfectio X is an innovative red and infrared LED light therapy device, designed to provide incredible anti-aging benefits as well as rejuvenates, tighten and strengthen your skin.', 100.00, 100.00, '1', 15, NULL, 20, 3, 1, '', NULL, NULL, NULL),
	(136, 1, NULL, 'Silver Blue Treat Set', 'Inside the pro luxury kit, you get the Perfectio and Sapphire for your ultimate treat. A combination of red light therapy with blue light therapy for full body treatment and protection.', 100.00, 100.00, '1', 15, NULL, 6, 3, 1, '', NULL, NULL, NULL),
	(137, 1, NULL, 'WHITE PEARL DAY MOISTURIZER', 'Seal in the feeling of glam all day long. This exquisite moisturizer provides long-lasting hydration, keeping the delicate facial skin feeling soft and smooth. Star ingredient Sodium Hyaluronate provides the added benefit of plumper, fuller looking skin.', 100.00, 100.00, '1', 26, NULL, 20, 3, 1, '', NULL, NULL, NULL),
	(138, 1, NULL, 'WHITE PEARL NIGHT CREAM', 'Define the meaning of ‘beauty sleep’ with this rich, yet non-greasy formula. Simply apply the cream before going to sleep. When you wake, you’ll discover a more refreshed and illuminated complexion worthy of the red carpet.', 100.00, 100.00, '1', 26, NULL, 20, 3, 1, '', NULL, NULL, NULL),
	(139, 1, NULL, 'WHITE PEARL FACIAL CLEANSER', 'Experience the refreshing sensation! Lionesse Gem’s White Pearl Cleanser gently removes dirt, make up and excess oil with ingredients like Vitamin E (tocopheryl Acetate), Aloe and Chamomile Flower Extract (Chamomilla Recutita Flower Extract). This invigorating cleanser prepares your skin for the application of serum and cream.', 100.00, 100.00, '1', 26, NULL, 20, 3, 1, '', NULL, NULL, NULL),
	(140, 1, NULL, 'WHITE PEARL FACIAL PEELING', 'Give your skin a fresh sensation with the White Pearl Facial Peeling. The unique combination of Pearl Powder and other rich ingredients, was designed to provide a powerful yet gentle facial cleanse and to gently remove make up and built up dirt. The White Pearl Facial Peeling will help achieve a smooth and radiant look.', 100.00, 100.00, '1', 26, NULL, 20, 3, 1, '', NULL, NULL, NULL),
	(141, 1, NULL, '2-STEP CLEANSING KIT', 'Milk Cleanser: This soothing gentle Milk Cleanser is designed to remove unwanted dirt and excessive oils. It will purify the skin’s surface and leave a soft and hydrated sensation.     Skin Toner:  Formulated with a delicate blend for all skin types, the Skin Toner will soothe and relieve sensitive skin and will be the final step in your purifying system.', 100.00, 100.00, '1', 26, NULL, 12, 3, 1, '', NULL, NULL, NULL),
	(142, 1, NULL, 'AMBER DARK CIRCLE EYE CREAM', 'Your quest for the perfect dark circle eye cream ends here. Formulated with Vitamin A (Retinyl Palmitate), Vitamin E (Tocopheryl Acetate) and Caffeine, this light eye cream instantly reduces the appearance of dark circles and puffiness under the eye area for a brighter, well-rested look.', 100.00, 100.00, '1', 26, NULL, 20, 3, 1, '', NULL, NULL, NULL),
	(143, 1, NULL, 'AMBER EYE CREAM', 'No matter where life takes you, there’s a cream to make it look like every step was a walk in the park. Reduce the appearance of under-eye puffiness with this light-weight eye cream. Formulated with Caffeine, Vitamin E (Tocopheryl Acetate) and Palmitoyl Tetrapeptide-7 this hydrating eye cream will leave your eyes looking well rested and relaxed.', 100.00, 100.00, '1', 26, NULL, 20, 3, 1, '', NULL, NULL, NULL),
	(144, 1, NULL, 'AMBER EYE SERUM', 'This is your secret for defying gravity. This soothing, light serum reduces the appearance of fine lines and wrinkles with powerful ingredients like Palmitoyl Oligopeptide, Vitamin C (Ascorbic Acid) and Aloe, to leave the skin surrounding your eyes looking fuller and tighter.', 100.00, 100.00, '1', 26, NULL, 20, 3, 1, '', NULL, NULL, NULL),
	(145, 1, NULL, 'AMBER NEW AGE SYRINGE', 'Formulated with Vitamin E (Tocopheryl Acetate), Hyaluronic Acid and Avocado Oil (Persea Gratissima Oil) this rich formula immediately reduces the look of deep wrinkles while moisturizing your skin with this innovative formulation and advanced application method.', 100.00, 100.00, '1', 26, NULL, 20, 3, 1, '', NULL, NULL, NULL),
	(146, 1, NULL, 'BLACK ONYX CREAM', 'Behold ageless skin! The rich yet non-greasy cream reduces the appearance of aging with its advanced ingredients. Formulated with Collagen, Sodium Hyaluronate, Vitamin A (Retinyl Palmitate) and Vitamin C (Ascorbyl Palmitate) this cream will improve the appearance of inelastic skin.', 100.00, 100.00, '1', 26, NULL, 20, 3, 1, '', NULL, NULL, NULL),
	(147, 1, NULL, 'BLACK ONYX SERUM', 'Do away with lines and wrinkles! Formulated with DMAE (Dimethylaminoethanol Tartrate), Sodium Hyaluronate, Vitamin C (Ascorbic Acid), and Vitamin A (Retinyl Palmitate), this silky serum reduces the signs of aging while nourishing your skin.', 100.00, 100.00, '1', 26, NULL, 20, 3, 1, '', NULL, NULL, NULL),
	(148, 1, NULL, 'BLACK ONYX MASK', 'When applied to skin this unique formula has an instant warming effect to help eliminate dirt, oils and other skin damaging pollutants. Infused with Sweet Almond Oil (Prunus Amygdalus Dulcis Seed Extract) the skin will feel immediately softer to the touch.', 100.00, 100.00, '1', 26, NULL, 20, 3, 1, '', NULL, NULL, NULL),
	(149, 1, NULL, 'GOLDEN SAPPHIRE CREAM', 'The Golden Sapphire Cream delivers moisturizing ingredients like Palmitoyl Oligopeptide and Olea Europaea Oil (Olive Oil) to your skin. The combination of Golden Sapphire and other precious ingredients are formulated to bring out your inner glow and return you to the blossoming complexion of your youth.', 100.00, 100.00, '1', 26, NULL, 20, 3, 1, '', NULL, NULL, NULL),
	(150, 1, NULL, 'GOLDEN SAPPHIRE SOLIDIFYING PEEL-OFF MASK', 'Achieve a healthier appearance with the Golden Sapphire Peel-Off Mask. Everything you need for a glowing complexion is included in this indulgent boxed set. Formulated with gold, collagen and vitamins, the one of a kind mask solidifies upon application so you can peel your way to a radiant look.', 100.00, 100.00, '1', 26, NULL, 6, 3, 1, '', NULL, NULL, NULL),
	(151, 1, NULL, 'GOLDEN SAPPHIRE SERUM', 'The Golden Sapphire Serum has a lightweight consistency but acts like a heavyweight. The serum is infused with a highly concentrated formula of lavish ingredients like Golden Sapphire, Vitamin C (Ascorbic Acid), Palmitoyl Oligopeptide and Sodium Hyaluronate. It is designed to be used on areas of the face which you feel have deeper lines or wrinkles. Welcome back the soothed and smoothed skin of your youth.', 100.00, 100.00, '1', 26, NULL, 20, 3, 1, '', NULL, NULL, NULL),
	(152, 1, NULL, 'GOLDEN SAPPHIRE LIQUÉFIER', 'This unique formula begins as a powder and transforms into a hydrating liquid, nourishing your skin with ingredients like Vitamin C (Ascorbyl Palmitate), Green Algae (Hydrolyzed Lola Implexa Extract), Seaweed (Alaria Esculenta Extract), this formula will leave your skin looking radiantly beautiful.', 100.00, 100.00, '1', 26, NULL, 10, 3, 1, '', NULL, NULL, NULL),
	(153, 1, NULL, 'DIAMOND REJUVENATION FACIAL AND EYE MASK', 'Reveal sparkling, rejuvenated skin! Formulated with the most indulgent and cutting edge ingredients, the Diamond Rejuvenation Facial and Eye Masks work to minimize the appearance of acne scars, fine lines, and other imperfections of the skin.  The package includes individually wrapped facial (14) and eye masks (12), enough for at least one luxurious spa-like experience each month.', 100.00, 100.00, '1', 26, NULL, 6, 3, 1, '', NULL, NULL, NULL),
	(154, 1, NULL, 'ULTIMATE DIAMOND LIFTING MASK', 'Restore a more youthful, lustrous-looking you with Diamond Ultimate Lifting Mask by Lionesse. This rich mask transforms before your eyes to bring luminosity and firmness to fatigued, lackluster skin.', 100.00, 100.00, '1', 26, NULL, 20, 3, 1, '', NULL, NULL, NULL),
	(155, 1, NULL, 'DIAMOND NECK & FACE LIFT', 'The Diamond Neck & Face Lift is a sumptuously rich moisturizer, specially formulated to renew dry and fatigued skin. An extravagantly advanced emulsion, it will promote a more radiant complexion while smoothing away the appearance of lines and wrinkles.', 100.00, 100.00, '1', 26, NULL, 20, 3, 1, '', NULL, NULL, NULL),
	(156, 1, NULL, 'DIAMOND DE-PUFFER', 'Infused with quality ingredients like Hyaluronic Acid, Acetyl Hexapeptide-8 and Mica, the Lionesse Diamond De-Puffer will help reveal your best eyes while eliminating under eye puffiness.', 100.00, 100.00, '1', 26, NULL, 20, 3, 1, '', NULL, NULL, NULL),
	(157, 1, NULL, 'OPAL SHEER COLLAGEN SERUM', 'Instantly plump and soften the appearance of fine lines and wrinkles with Lionesse Opal Sheer Collagen Serum. Luxuriously lightweight, this delicate elixir absorbs easily to deliver a smoother and more youthfully supple look and feel to your skin.', 100.00, 100.00, '1', 26, NULL, 20, 3, 1, '', NULL, NULL, NULL),
	(158, 1, NULL, 'OPAL SHEER MELTING MASK', 'Reveal a more youthful looking skin with the powerful age-defying benefits of the Opal Sheer Melting Mask from Lionesse. This unique and invigorating facial treatment transforms before your eyes to help deliver infusions of plumping and wrinkle-refining botanical extracts, leaving your skin with an energized luminosity, unbelievable suppleness and velvety soft feel.', 100.00, 100.00, '1', 26, NULL, 20, 3, 1, '', NULL, NULL, NULL),
	(159, 1, NULL, 'OPAL SHEER SHIELD', 'Lionesse Opal Sheer Shield is infused with crushed Opal Powder and features an SPF of 30 to help luminize your natural radiance while creating a barrier against the sun’s harmful rays. This unique moisturizer is rich in antioxidants like Vitamin E and Green Tea Extract, ensuring your skin receives maximum anti-aging benefits while exuding a more youthful-looking glow.', 100.00, 100.00, '1', 26, NULL, 20, 3, 1, '', NULL, NULL, NULL),
	(160, 1, NULL, 'MORGANITE MAGNETIC MASK', 'Magnetize the energy back into fatigued skin with the Morganite Magnetic Mask by Lionesse. This uniquely luxurious essential gently delivers nourishing oils and botanicals to your skin for a fresh and lustrous glow.', 100.00, 100.00, '1', 26, NULL, 20, 3, 1, '', NULL, NULL, NULL),
	(161, 1, NULL, 'MORGANITE CREAM', 'Lionesse Morganite Reinforcing Cream is powerfully anti-aging and specially formulated for dry and dehydrated skin. This luxuriously rich cream moisturizes while strengthening your skin and refining the appearance of fine lines and wrinkles.', 100.00, 100.00, '1', 26, NULL, 20, 3, 1, '', NULL, NULL, NULL),
	(162, 1, NULL, 'MORGANITE TRANSFORMING SERUM', 'Restore supple looking skin with the Lionesse Morganite Transforming Serum. This silken serum contains an array of powerfulRestore supple looking skin with the Lionesse Morganite Transforming Serum. This silken serum contains an array of powerful ingredients that work overnight, letting you awaken to a softer, more youthful appearance.  ingredients that work overnight, letting you awaken to a softer, more youthful appearance.', 100.00, 100.00, '1', 26, NULL, 20, 3, 1, '', NULL, NULL, NULL),
	(163, 1, NULL, 'Body Butter', 'Protect and soften your skin with this deeply moisturizing body butter. Enriched with the skin-soothing Shea Butter, this luscious yet lightweight moisturizer helps to fortify the skin’s natural barriers and retain moisture levels, leaving you with satin-smooth skin.', 100.00, 100.00, '1', 26, NULL, 24, 3, 1, '', NULL, NULL, NULL),
	(164, 1, NULL, 'Hair Mask', 'This intensive moisture treatment rescues even the most dehydrated hair strands. Use this restorative mask each week for effective treatment of extra dry or over-processed hair. So powerful, just a small amount restore dried out strands to be soft, lustrous and shining in minutes. Lionesse hair mask is the perfect solution for all your hair nourishing needs.', 100.00, 100.00, '1', 26, NULL, 16, 3, 1, '', NULL, NULL, NULL),
	(165, 1, NULL, '24K Deep Facial Brush Set', 'The 24K Deep Facial Brush Set is a dual-functionality system to rejuvenate the look of skin for a brilliant, age-defying glow. Featuring an attachable soft bristle brush and a gentle silicone brush, this advanced device stimulates blood circulation while sloughing away dry, rough skin, ensuring optimal dispersion of topical skincare solutions. This expertly designed device unveil a new radiance and youthfulness to the complexion.', 100.00, 100.00, '1', 16, NULL, 5, 3, 1, '', NULL, NULL, NULL),
	(166, 1, NULL, 'Beauty Suitcase', NULL, 100.00, 100.00, '1', 16, NULL, 2, 3, 1, '', NULL, NULL, NULL),
	(167, 1, NULL, 'OG White Gold 24K Deep Moisturizer Small Sample', NULL, 100.00, 100.00, '1', 16, NULL, 1440, 3, 1, '', NULL, NULL, NULL),
	(168, 1, NULL, 'Sample Size Day Moisturizer', NULL, 100.00, 100.00, '1', 16, NULL, 1440, 3, 1, '', NULL, NULL, NULL),
	(169, 1, NULL, 'Small Sample Vitamin C Booster Facial Serum', '100', 100.00, 100.00, '1', 16, NULL, 1440, 3, 1, '', NULL, NULL, NULL),
	(170, 1, NULL, 'Small Sample Vitamin C Booster Facial Serum', NULL, 100.00, 100.00, '1', 16, NULL, 1440, 3, 1, '', NULL, NULL, NULL),
	(171, 1, NULL, 'Dark Circle Eye Solution Small Samples', NULL, 100.00, 100.00, '1', 16, NULL, 1440, 3, 1, '', NULL, NULL, NULL),
	(172, 1, NULL, 'Small Samples Intensive Eye Serum', NULL, 100.00, 100.00, '1', 16, NULL, 1440, 3, 1, '', NULL, NULL, NULL),
	(173, 1, NULL, 'Spoons', NULL, 100.00, 100.00, '1', 16, NULL, 1440, 3, 1, '', NULL, NULL, NULL),
	(174, 1, NULL, 'Mini Plastic Bags for Samples', NULL, 100.00, 100.00, '1', 16, NULL, 2000, 3, 1, '', NULL, NULL, NULL),
	(175, 1, NULL, 'Small Plastic Bags', NULL, 100.00, 100.00, '1', 16, NULL, 2000, 3, 1, '', NULL, NULL, NULL),
	(176, 1, NULL, 'Medium Plastic Bags', NULL, 100.00, 100.00, '1', 16, NULL, 1600, 3, 1, '', NULL, NULL, NULL),
	(177, 1, NULL, 'Big Plastic Bags', NULL, 100.00, 100.00, '1', 16, NULL, 500, 3, 1, '', NULL, NULL, NULL),
	(178, 1, NULL, 'Small Paper Bags', NULL, 100.00, 100.00, '1', 16, NULL, 200, 3, 1, '', NULL, NULL, NULL),
	(179, 1, NULL, 'Exclusive Medium Paper Bags', NULL, 100.00, 100.00, '1', 16, NULL, 100, 3, 1, '', NULL, NULL, NULL),
	(180, 1, NULL, 'Tèrmica™ Bags', NULL, 100.00, 100.00, '1', 16, NULL, 100, 3, 1, '', NULL, NULL, NULL),
	(181, 1, NULL, 'Caviar Bags', NULL, 100.00, 100.00, '1', 16, NULL, 100, 3, 1, '', NULL, NULL, NULL),
	(182, 1, NULL, 'Cryogenic collection', NULL, 100.00, 100.00, '1', 16, NULL, 100, 3, 1, '', NULL, NULL, NULL),
	(183, 1, NULL, 'Big Paper Map Bags', NULL, 100.00, 100.00, '1', 16, NULL, 100, 3, 1, '', NULL, NULL, NULL),
	(184, 1, NULL, 'XXL Paper Bag for Suitcase', NULL, 100.00, 100.00, '1', 16, NULL, 25, 3, 1, '', NULL, NULL, NULL),
	(185, 1, NULL, 'Beauty Bags', NULL, 100.00, 100.00, '1', 16, NULL, 50, 3, 1, '', NULL, NULL, NULL),
	(186, 1, NULL, 'Lifestyle Magazine', NULL, 100.00, 100.00, '1', 16, NULL, 30, 3, 1, '', NULL, NULL, NULL),
	(187, 1, NULL, 'Winner Card', NULL, 100.00, 100.00, '1', 16, NULL, 500, 3, 1, '', NULL, NULL, NULL),
	(188, 1, NULL, 'Discount Cards', NULL, 100.00, 1000.00, '1', 16, NULL, 100, 3, 1, '', NULL, NULL, NULL),
	(189, 1, NULL, 'VIP Cards', NULL, 100.00, 100.00, '1', 16, NULL, 100, 3, 1, '', NULL, NULL, NULL),
	(190, 1, NULL, '24K Sensitive Skin Hydrating Moisturizer', NULL, 100.00, 100.00, '1', 16, NULL, 20, 3, 1, '', NULL, NULL, NULL),
	(191, 1, NULL, '24K Sensitive Skin Cleanser', NULL, 100.00, 100.00, '1', 16, NULL, 20, 3, 1, '', NULL, NULL, NULL),
	(192, 1, NULL, '24K DMAE Concentrate Lifting Serum', NULL, 100.00, 100.00, '1', 16, NULL, 20, 3, 1, '', NULL, NULL, NULL),
	(193, 1, NULL, 'Salt Scrub', NULL, 100.00, 100.00, '1', 26, NULL, 24, 3, 1, '', NULL, NULL, NULL),
	(194, 1, NULL, 'Body Cream', NULL, 100.00, 100.00, '1', 26, NULL, 40, 3, 1, '', NULL, NULL, NULL),
	(195, 1, NULL, 'Travel Hand Cream', NULL, 100.00, 100.00, '1', 26, NULL, 70, 3, 1, '', NULL, NULL, NULL),
	(196, 1, NULL, 'De-tangle Brush Hot Pink', NULL, 100.00, 100.00, '1', 26, NULL, 15, 3, 1, '', NULL, NULL, NULL),
	(197, 1, NULL, 'De-tangle Brush Ocean Blue', NULL, 100.00, 100.00, '1', 26, NULL, 16, 3, 1, '', NULL, NULL, NULL),
	(198, 1, NULL, 'Lionesse Hair Spray', NULL, 100.00, 100.00, '1', 26, NULL, 48, 3, 1, '', NULL, NULL, NULL),
	(199, 1, NULL, 'Sample Day Cream', NULL, 100.00, 100.00, '1', 26, NULL, 1440, 3, 1, '', NULL, NULL, NULL),
	(200, 1, NULL, 'Big Gem Plastic Bags', NULL, 100.00, 100.00, '1', 26, NULL, 500, 3, 1, '', NULL, NULL, NULL),
	(201, 1, NULL, 'GEM Big Paper Bag', NULL, 100.00, 100.00, '1', 26, NULL, 100, 3, 1, '', NULL, NULL, NULL),
	(202, 1, NULL, 'White Pearl Facial Cleanser', 'Recommended for use once per day. Begin by splashing your face with lukewarm water. Apply a small amount of product to the fingertips or a wash cloth, then gently massage onto the skin to create a luxurious lather. For best results, follow with the White Pearl Vitamin C Day Moisturizer or White Pearl Vitamin C Night Cream.', 100.00, 100.00, '1', 26, NULL, 20, 3, 1, '', NULL, NULL, NULL),
	(203, 1, NULL, 'ROYAL HONEY SHEET MASK', 'Revive dry and dehydrated skin for a renewed radiance with Venofye Royal Honey Sheet Mask. Each kit includes 10 individually packaged masks that can be used weekly to help revitalize the appearance of your skin. Its botanical blend is rich in the stimulating and moisturizing benefits of Honey and Sweet Almond Oil, leaving your skin dewy fresh, with a lusciously soft and supple look and feel.', 100.00, 100.00, '1', 7, NULL, 10, 3, 1, '', NULL, NULL, NULL),
	(204, 1, NULL, 'QUEEN BEE CLEANSING DUO', 'Venofye’s Queen Bee Cleansing Duo leaves your skin with a luminous, youthful glow while dissolving away makeup and impurities. Its gentle yet effective formula features a milk cleanser and softening toner which help to provide a deep, refreshing cleanse. Delivering anti-aging infusions of Bee Venom, Vitamin B3 and Hyaluronic Acid, the Queen Bee Cleansing Duo leaves your skin looking youthfully exuberant and with a smoother and more supple look and feel.', 100.00, 100.00, '1', 7, NULL, 12, 3, 1, '', NULL, NULL, NULL),
	(205, 1, NULL, 'QUEEN BEE FACIAL PEELING', 'Queen Bee Facial Peeling is designed to provide an intense yet gentle facial cleanse, to help keep skin supple. It combines the finest ingredients to assist with reducing the appearance of expression lines and wrinkles, leaving your skin feeling refreshed and rejuvenated.', 100.00, 100.00, '1', 7, NULL, 20, 3, 1, '', NULL, NULL, NULL),
	(206, 1, NULL, 'QUEEN BEE DAY MOISTURIZER', 'Keep your skin feeling rejuvenated and refreshed with the outstanding Queen Bee Day Moisturizer. The rare combination of ingredients in this moisturizer will assist in rejuvenating and plumping up your complexion. The Queen Bee Day Moisturizer is designed to help reduce the appearance of wrinkles and fine lines, leaving your skin with a luminous and vibrant look.', 100.00, 100.00, '1', 7, NULL, 20, 3, 1, '', NULL, NULL, NULL),
	(207, 1, NULL, 'QUEEN BEE OVERNIGHT THERAPY', 'Queen Bee Overnight Therapy is a lightweight cream enriched with a complex of green tea and vitamins A and E. It helps soothe and nourish the skin to look beyond radiant.', 100.00, 100.00, '1', 7, NULL, 20, 3, 1, '', NULL, NULL, NULL),
	(208, 1, NULL, 'QUEEN BEE NECK LIFT', 'Use the Queen Bee Neck Lift to give your neck the care it deserves. This unique cream is infused with rich and beneficial ingredients to reduce the appearance of wrinkles and smooth the look of loose skin along the neckline. The Queen Bee Neck Lift will leave you with a younger and tighter look.', 100.00, 100.00, '1', 7, NULL, 20, 3, 1, '', NULL, NULL, NULL),
	(209, 1, NULL, 'QUEEN BEE VITAMIN C SERUM', 'Indulge yourself with this powerful serum to intensify results from the Queen Bee collection. Formulated with two forms of Vitamin C (Tetrahexyldecyl Ascorbate and Ascorbyl Palmitate) this lavish serum will leave your skin feeling soft and looking radiant.', 100.00, 100.00, '1', 7, NULL, 20, 3, 1, '', NULL, NULL, NULL),
	(210, 1, NULL, 'Clarifying Cream Cleanser', 'This gentle cleanser transforms into a creamy lather to effectively diminish the look of impurities such as dirt and makeup. Add our unique milk cleanser to your skin care regimen to leave your skin feeling radiant and smooth.', 100.00, 100.00, '1', 7, NULL, 24, 3, 1, '', NULL, NULL, NULL),
	(211, 1, NULL, 'QUEEN BEE COLLECTION + AGELESS ENERGIZING MASK +JELESSI V2+ AMBER', 'Venofye’s Queen Bee Collection provides users with all the daily essentials needed to help keep skin looking young and vibrant. Each product in this collection holds a vital step to bettering your skin’s healthy appearance. From the Queen Bee Clarifying Cream Cleanser to the Queen Bee Overnight Therapy, this collection will help your skin look and feel its best. To help better improve your skin’s appearance, the Jelessi Torche V2+, a handy device that helps stimulate collagen production, is also included.  This collection includes 9 products: Queen Bee Facial Peeling, Queen Bee Cleansing Duo, Queen Bee Day Moisturizer, Queen Bee Clarifying Cream Cleanser, Queen Bee Vitamin C Serum, Queen Bee Neck Lift, Queen Bee Overnight Therapy, Queen Bee Neck & Chest Mask, Ageless Energizing Mask and the Jelessi Torche V2+.', 100.00, 100.00, '1', 7, NULL, 6, 3, 1, '', NULL, NULL, NULL),
	(212, 1, NULL, 'QUEEN BEE NECK & CHEST MASK', 'The Venofye Queen Bee Neck & Chest Mask will target the complex and delicate areas many of us tend to forget. Pamper your Neck and chest with this unique mask formulated with Lavender Oil, Bee Venom, Aloe extract and Collagen. This boost of nourishing ingredients will help reverse signs of aging and reduce the appearance of wrinkles and inelastic skin.', 100.00, 100.00, '1', 7, NULL, 6, 3, 1, '', NULL, NULL, NULL),
	(213, 1, NULL, 'DRONEBEE MEN’S AFTER SHAVE BALM', 'Use the DroneBee Men’s After Shave Balm to help soothe and calm your skin after shaving. This unique After Shave Balm is infused with the finest ingredients to help you restore comfort back to your skin. The DroneBee Men’s After Shave Balm will leave your skin with a refreshed and silky smooth sensation.', 100.00, 100.00, '1', 7, NULL, 20, 3, 1, '', NULL, NULL, NULL),
	(214, 1, NULL, 'DRONE BEE PRE- SHAVE GEL', 'The Drone Bee Pre- Shave Gel is an essential lightweight shave gel that helps soothe and protect skin from razor burn, nicks and cuts to create the perfect shaving experience.', 100.00, 100.00, '1', 7, NULL, 60, 3, 1, '', NULL, NULL, NULL),
	(215, 1, NULL, 'Drone Bee Men’s Tool Kit', 'Venofye’s Drone Bee Men’s Tool Box offers a complete lineup of professional-quality shaving products to transform your look from rugged to sharp. The centerpiece of this set is a retro-style safety razor that has been updated with patented design to help quickly achieve the closest shave possible. Paired with Venofye’s venom-infused anti-aging Drone-Bee Pre-Shaving Gel, Drone-Bee Men’s Balm for after shave relief, your skin will instantly feel softer, smoother and refreshingly soothed.', 100.00, 100.00, '1', 7, NULL, 12, 3, 1, '', NULL, NULL, NULL),
	(216, 1, NULL, 'DroneBee Men\'s Day Moisturizer', NULL, 100.00, 100.00, '1', 7, NULL, 20, 3, 1, '', NULL, NULL, NULL),
	(217, 1, NULL, 'ROYAL JELLY EYE BEELIFT', 'With Venofye’s most powerful eye treatment, you can erase the appearance of puffiness using our innovative applicator. The Royal Jelly BeeLift was inspired by state-of-the-art technologies in lifting procedures. Wake up tired eyes and see a youthful glow that you’ll love!', 100.00, 100.00, '1', 7, NULL, 20, 3, 1, '', NULL, NULL, NULL),
	(218, 1, NULL, 'ROYAL JELLY BEE LUMINESCENT EYE SERUM', 'The Royal Jelly Bee Luminescent Eye Serum is designed to reduce the appearance of fine lines and wrinkles surrounding the eye area. Rich, yet quickly absorbed, this eye serum was formulated with Bee Venom, Palmitoyl Oligopeptide and Vitamin C (Ascorbic Acid) to help reduce the signs of aging.', 100.00, 100.00, '1', 7, NULL, 20, 3, 1, '', NULL, NULL, NULL),
	(219, 1, NULL, 'Royal Jelly Bee Firming Eye Cream', 'The Royal Jelly Bee Eye Firming Cream is formulated with caffeine, Shea butter, vitamin E (Tocopheryl Acetate) and green tea to energize the skin under your eyes and diminish the look of puffiness and fine lines. Achieve the fresh, well-rested look everyone wants with this remarkable cream.', 100.00, 100.00, '1', 7, NULL, 20, 3, 1, '', NULL, NULL, NULL),
	(220, 1, NULL, 'ROYAL JELLY BEE EYE REJUVENATION MASK', 'Refresh and awaken your eyes with the Venofye Royal Bee Eye Rejuvenation mask. This invigorating eye mask helps eliminate signs of fatigue using a breakthrough formula with a blend of Bee Venom, essential oils and vitamins.', 100.00, 100.00, '1', 7, NULL, 12, 3, 1, '', NULL, NULL, NULL),
	(221, 1, NULL, 'APITOXIN COLLAGEN CREAM', 'Use the Apitoxin Collagen Cream to enrich your skin care routine. It is infused with the finest ingredients to help reduce the appearance of fine lines and wrinkles. This unique moisturizer will leave your skin feeling soft and supple with a revitalized look.', 100.00, 100.00, '1', 7, NULL, 20, 3, 1, '', NULL, NULL, NULL),
	(222, 1, NULL, 'APITOXIN COLLAGEN NIGHT RECOVERY', 'Enhance your skin care routine with the Apitoxin Collagen Night Recovery. Enjoy this beautifying rich blend and wake up to a smooth, soft and refreshed feeling in the morning. Infused with ingredients chosen especially to plump up your skin, it’ll assist in reducing the appearance of wrinkles and fine lines.', 100.00, 100.00, '1', 7, NULL, 20, 3, 1, '', NULL, NULL, NULL),
	(223, 1, NULL, 'APITOXIN COLLAGEN MASK', 'Use the Apitoxin Collagen Mask as part of your skin care routine. This extraordinary mask is designed with rare ingredients to help reduce the appearance of fine lines and restore the volume to aging skin. The Apitoxin Collagen Mask will leave your skin with a revived and refreshed sensation.', 100.00, 100.00, '1', 7, NULL, 20, 3, 1, '', NULL, NULL, NULL),
	(224, 1, NULL, 'ORCHARD BEE ELEVATING & BALANCING MASK', 'The Orchard Bee Elevating & Balancing Mask is formulated with ingredients such as DMAE, Bee Venom, Vitamins A (Retinyl Palmitate) and E. This remarkable mask is designed to target your main anti-aging concerns and give you a more youthful and radiant appearance.', 100.00, 100.00, '1', 7, NULL, 20, 3, 1, '', NULL, NULL, NULL),
	(225, 1, NULL, 'ORCHARD BEE DARK SPOT SOLUTION', 'This velvety serum is designed to help reduce the appearance of age spots, freckles and any pigmentation that can occur when our skin is exposed to the damage of progressive sun exposure.', 100.00, 100.00, '1', 7, NULL, 20, 3, 1, '', NULL, NULL, NULL),
	(226, 1, NULL, 'ORCHARD BEE BRILLIANCE CREAM SPF 30', 'This lightweight spot correcting day cream is supercharged with an advanced brightening complex. Use the Orchard Bee Brilliance Cream to improve and illuminate your complexion while the SPF 30 protects your skin from the sun’s harmful rays.', 100.00, 100.00, '1', 7, NULL, 20, 3, 1, '', NULL, NULL, NULL),
	(227, 1, NULL, 'VIPERLIFT BIO MASK', 'The exclusive ViperLift Bio Mask combines an advanced anti-aging formula with a unique heat sensation when massaged onto skin. Once applied and massaged onto skin, this heat sensation will assist in reducing the appearance of wrinkles and expression lines. Help your skin achieve a revitalized and luminous look with the ViperLift Bio Mask.', 100.00, 100.00, '1', 7, NULL, 20, 3, 1, '', NULL, NULL, NULL),
	(228, 1, NULL, 'VIPERLIFT BIO SERUM', 'The breakthrough ViperLift Bio Serum has a unique formula designed to assist in lessening the appearance of wrinkles and fine lines. Infused with rich ingredients to help achieve a smooth relaxed complexion, this powerful serum will leave you with a soft and radiant look.', 100.00, 100.00, '1', 7, NULL, 20, 3, 1, '', NULL, NULL, NULL),
	(229, 1, NULL, 'VIPERLIFT BIO SYRINGE', 'Infused with vitamin E (Tocopheryl Acetate) and Sodium Hyaluronate, this one of a kind formula helps reduce the look of deep wrinkles with an innovative formulation and advanced application method.', 100.00, 100.00, '1', 7, NULL, 20, 3, 1, '', NULL, NULL, NULL),
	(230, 1, NULL, 'VIPERLIFT BIO CREAM', 'Use the ViperLift Bio Cream to intensify the results of the ViperLift Collection. It is infused with rich ingredients such as Aloe Barbadensis Leaf Extract (Aloe Vera) and derivatives of Vitamin A and Vitamin E, to help reduce the appearance of wrinkles and fine lines. This unique cream will help you achieve smooth and radiant skin.', 100.00, 100.00, '1', 7, NULL, 20, 3, 1, '', NULL, NULL, NULL),
	(231, 1, NULL, 'IRON BEE BOOSTING SERUM', 'Venofye Iron Bee Boosting Serum helps to dynamize the energizing and anti-aging effects of the Iron Bee Magnetic Mask. Blending an invigorating combination of Bee Venom, with Collagen, Vitamin C and Hyaluronic Acid, this powerful serum will help create the capstone of a transformative treatment, leaving your skin looking smoother, softer and with an age-defying glow.', 100.00, 100.00, '1', 7, NULL, 20, 3, 1, '', NULL, NULL, NULL),
	(232, 1, NULL, 'IRON BEE MAGNETIC MASK', 'Venofye Iron Bee Magnetic Mask will transform the appearance of your skin from fatigued to fresh. This excitingly innovative treatment allows for optimal delivery of invigorating vitamins, minerals and botanical extracts to your skin to leave it looking and feeling electrically energized and silky smooth to the touch.', 100.00, 100.00, '1', 7, NULL, 12, 3, 1, '', NULL, NULL, NULL),
	(233, 1, NULL, 'IRON BEE TRANSFORMING CREAM', 'Iron Bee Transforming Cream from Venofye helps to rev up and restore a youthful suppleness to your skin. Lightweight and luxuriant, this dazzling cream combines the refreshingly stimulating effects of real Bee Venom with Vitamin A Retinyl Palmitate and a plethora of anti-aging botanicals that will leave your skin looking and feeling smoother, softer and more resilient.', 100.00, 100.00, '1', 7, NULL, 20, 3, 1, '', NULL, NULL, NULL),
	(234, 1, NULL, 'BODY BUTTER', 'Venofye Body Butter helps moisturize with Shea Butter (Butyrospermum Parkii) to leave your skin feeling smooth and looking radiant.', 100.00, 100.00, '1', 7, NULL, 24, 3, 1, '', NULL, NULL, NULL),
	(235, 1, NULL, 'Body Scrub', NULL, 100.00, 100.00, '1', 7, NULL, 24, 3, 1, '', NULL, NULL, NULL),
	(236, 1, NULL, 'Venofye Body Cream', NULL, 100.00, 100.00, '1', 7, NULL, 40, 3, 1, '', NULL, NULL, NULL),
	(237, 1, NULL, 'Beauty Suitcase', NULL, 100.00, 100.00, '1', 7, NULL, 2, 3, 1, '', NULL, NULL, NULL),
	(238, 1, NULL, 'Small Sample', NULL, 100.00, 100.00, '1', 7, NULL, 1440, 3, 1, '', NULL, NULL, NULL),
	(239, 1, NULL, 'Brochure', NULL, 100.00, 100.00, '1', 7, NULL, 200, 3, 1, '', NULL, NULL, NULL),
	(240, 1, NULL, 'Medium Plastic Bags', NULL, 100.00, 100.00, '1', 7, NULL, 500, 3, 1, '', NULL, NULL, NULL),
	(241, 1, NULL, 'Medium Paper Bags', NULL, 100.00, 100.00, '1', 7, NULL, 100, 3, 1, '', NULL, NULL, NULL),
	(242, 1, NULL, 'XXL Paper Bag for Suitcase', NULL, 100.00, 100.00, '1', 7, NULL, 25, 3, 1, '', NULL, NULL, NULL),
	(243, 1, NULL, 'CELESTIAL RENEWAL SYSTEM', 'The Celestial Renewal System instantly reinvigorates dull, dry and fatigued skin. This uniquely luxurious set features 14 pairs of separate face and eye masks. Each mask contains powerful anti-aging botanicals, luminosity-boosting meteorite powder, skin-plumping collagen and intensely hydrating hyaluronic acid. Use monthly and for special occasions to immediately restore the look of youth and vitality to your skin.', 100.00, 100.00, '1', 10, NULL, 6, 3, 1, '', NULL, NULL, NULL),
	(244, 1, NULL, 'RADIANT BODY EXFOLIANT', 'Reveal youthful radiance, smoothing away dull and dry skin with Radiant Body Exfoliant “for dry skin” from Celestolite. This prestigious, spa-like scrub features a unique formulation of botanical body buffers and is rich in skin luminizing oils. Restore lush moisture while gently exfoliating your skin, leaving it feeling silky soft and with a brilliant, age-defying glow.', 100.00, 100.00, '1', 10, NULL, 20, 3, 1, '', NULL, NULL, NULL),
	(245, 1, NULL, 'REVITALIZING BODY BUTTER', 'Restore moisture and luminosity to dry and dehydrated skin with the Revitalizing Body Butter from Celestolite. Combining the intensely moisturizing effects of Shea butter with powerful botanicals, this luxurious, whipped body butter helps to soothe and smooth away dryness, leaving your skin feeling velvety soft and with a more youthful, radiant appearance.', 100.00, 100.00, '1', 10, NULL, 20, 3, 1, '', NULL, NULL, NULL),
	(246, 1, NULL, 'HAND & BODY CREAM', 'Celestolite’s Hand & Body Cream is ideal for all skin types. Made with vitamins and essentail oils, its exquiste non-greasy formula leaves skin feeling soft and smooth to the touch.', 100.00, 100.00, '1', 10, NULL, 40, 3, 1, '', NULL, NULL, NULL),
	(247, 1, NULL, 'VENUS FACIAL PEEL', 'Our Venus Facial Peel provides a superior cleanse, designed to remove built-up dirt and make up. This gentle cleanser is infused with meteorite powder and camellia sinensis leaf extract to achieve a smooth and refreshed look.', 100.00, 100.00, '1', 10, NULL, 20, 3, 1, '', NULL, NULL, NULL),
	(248, 1, NULL, 'VENUS SENSITIVE DAY CREAM', 'Our Venus Sensitive Day Cream is infused with meteorite powder and the most delicate ingredients to suit sensitive skin. This unique blend of aloe barbadensis leaf extract, retinyl palmitate, and palmitoyl hexapeptide-12 will ease away the appearance of wrinkles to create a more youthful and luminous look.', 100.00, 100.00, '1', 10, NULL, 20, 3, 1, '', NULL, NULL, NULL),
	(249, 1, NULL, 'VENUS SENSITIVE EYE SERUM', 'Give your sensitive skin the care it deserves with the Venus Sensitive Eye Serum. Formulated with green tea extract and Palmitoyl Tetrapeptide-7, this powerful eye serum will help diminish the appearance of wrinkles and fine lines around your eyes.', 100.00, 100.00, '1', 10, NULL, 20, 3, 1, '', NULL, NULL, NULL),
	(250, 1, NULL, 'VENUS SENSITIVE EYE CREAM', 'Experience the Venus Sensitive Eye Cream for sensitive skin.  This light-weight under-eye cream is formulated with advanced agents such as palmitoyl tetrapeptide-7 and caffeine, to gently help smooth and minimize the appearance of distressed and puffy eyes.', 100.00, 100.00, '1', 10, NULL, 20, 3, 1, '', NULL, NULL, NULL),
	(251, 1, NULL, 'VENUS VITAMIN C SERUM', 'Experience the ultimate in anti-aging brilliance with Venus Vitamin C Serum from Celestolite. This silky effective serum is concentrated with Vitamin C (Ascorbic Acid) and infusions of orange peel oil. Experience a look of renewed radiance as fine lines and dark spots appear to diffuse and fade away.', 100.00, 100.00, '1', 10, NULL, 20, 3, 1, '', NULL, NULL, NULL),
	(252, 1, NULL, 'VENUS CLEANSING MOUSSE', 'Venus Cleansing Mousse by Celestolite is a rich, foamy mousse that will purify and refresh your skin for a brighter more youthful glow.', 100.00, 100.00, '1', 10, NULL, 24, 3, 1, '', NULL, NULL, NULL),
	(253, 1, NULL, 'VENUS DAILY RENEWAL CLEANSING KIT', 'Venus Daily Renewal Cleansing Kit from Celestolite offers an invigorating and refreshing cleansing experience that leaves your skin with a clearer and more luminous looking appearance. This lush, moisturizing duo is suitable for all skin types and delivers essential anti-aging elements in the form of Meteorite Powder and Vitamin B3 while it gently clears away traces of makeup, dirt and other impurities from your skin without irritation or dryness.', 100.00, 100.00, '1', 10, NULL, 12, 3, 1, '', NULL, NULL, NULL),
	(254, 1, NULL, 'VENUS NIGHT CREAM', 'Restore a softer, smoother and more refreshed look and feel to your skin with Venus Night Cream from Celestolite. This luxuriously lightweight cream is formulated with powerful anti-aging vitamins and botanical extracts. Use nightly and awaken to a luminously youthful appearance to your skin and a visible reduction in signs of fine lines and wrinkles.', 100.00, 100.00, '1', 10, NULL, 20, 3, 1, '', NULL, NULL, NULL),
	(255, 1, NULL, 'Venus Sensitive Capsules', NULL, 100.00, 100.00, '1', 10, NULL, 20, 3, 1, '', NULL, NULL, NULL),
	(256, 1, NULL, 'JADE SPECTRA MASK', 'Awaken your skin with the Jade Spectra Mask. This blend of Vitamin E (Tocopheryl Acetate), meteorite powder and fruit extracts such as Acai fruit extract (Euterpe Oleracea Fruit Extract) will help achieve luminous and healthier looking skin.', 100.00, 100.00, '1', 10, NULL, 20, 3, 1, '', NULL, NULL, NULL),
	(257, 1, NULL, 'JADE SPECTRA PHYTO SILK', 'The Jade Spectra Phyto Silk is a delicate blend of rare meteorite powder, collagen, and vitamins A and E (Retinyl Palmitate and Tocopheryl Acetate). This unique moisturizer reduces the appearance of fine lines and wrinkles, while delivering much-needed vitamins and nutrients — leaving your skin looking healthier and more youthful. It is the perfect finale to your Celestolite Jade Spectra skincare regimen.', 100.00, 100.00, '1', 10, NULL, 20, 3, 1, '', NULL, NULL, NULL),
	(258, 1, NULL, 'JADE SPECTRA BEAD SERUM', 'The Jade Spectra Bead Serum is infused with Acetyl Hexapeptide-8, vitamin E (Tocopheryl Acetate) and green tea extract (Camellia Sinensis Leaf Extract) to help smoothen and reduce the appearance of fine lines and wrinkles to give your skin a more youthful look.', 100.00, 100.00, '1', 10, NULL, 20, 3, 1, '', NULL, NULL, NULL),
	(259, 1, NULL, 'JADE SPECTRA NIGHT CAPSULES', 'Discover softer, healthier-looking skin with these unique, potent capsules. Infused with Sodium Hyaluronate and botanical extracts, the Jade Spectra Night Capsules will feel like pure silk on your skin and help improve appearance of fine lines.', 100.00, 100.00, '1', 10, NULL, 20, 3, 1, '', NULL, NULL, NULL),
	(260, 1, NULL, 'JADE SPECTRA BEAD SERUM', 'The Jade Spectra Bead Serum is infused with Acetyl Hexapeptide-8, vitamin E (Tocopheryl Acetate) and green tea extract (Camellia Sinensis Leaf Extract) to help smoothen and reduce the appearance of fine lines and wrinkles to give your skin a more youthful look.', 100.00, 100.00, '1', 10, NULL, 20, 3, 1, '', NULL, NULL, NULL),
	(261, 1, NULL, 'COSMIC FIRMING SERUM', 'The Cosmic Firming Serum is enriched with vitamin C (Ascorbic Acid), meteorite powder and DMAE (Dimethylaminoethanol Tartate). This powerful serum is ideal for reducing the appearance of fine lines and wrinkles and will leave your skin looking young and luminous.', 100.00, 100.00, '1', 10, NULL, 20, 3, 1, '', NULL, NULL, NULL),
	(262, 1, NULL, 'COSMIC FIRMING MASK', 'The Cosmic Firming Mask by Celestolite is formulated with vitamin A (Retinyl Palmitate), Collagen and DMAE (Dimethylaminoethanol Tartate). This rich anti-aging blend will help improve the appearance of skin’s elasticity and firmness.', 100.00, 100.00, '1', 10, NULL, 20, 3, 1, '', NULL, NULL, NULL),
	(263, 1, NULL, 'COSMIC NECK FIRMING CREAM', 'Achieve visibly younger-looking skin with the Cosmic Neck Firming Cream from Celestolite. Its sumptuous multi-vitamin formulation blends richly moisturizing botanical oils with the age-defying properties of Acetyl Hexapeptide-8 and Collagen Amino Acids to transform dry, crepey skin and reveal a smoother and more supple appearance to your decollete.', 100.00, 100.00, '1', 10, NULL, 20, 3, 1, '', NULL, NULL, NULL),
	(264, 1, NULL, 'COSMIC FIRMING CREAM', 'The Cosmic Firming Cream is made to reduce the appearance of wrinkles. Formulated with Tetrahexydecyl Ascorbate (Vitamin C), DMAE (Dimethylaminoethanol Tartate) and Caffeine, this unique cream will leave your skin with a firmer, more youthful look.', 100.00, 100.00, '1', 10, NULL, 20, 3, 1, '', NULL, NULL, NULL),
	(265, 1, NULL, 'COSMIC WRINKLE PLUMPER', 'The magnificent Cosmic Wrinkle Plumper is formulated with Vitamin B3 (Niacinamide) and a peptide complex to help minimize appearance of deep wrinkles. Before turning to drastic measures, try this powerful and innovative applicator.', 100.00, 100.00, '1', 10, NULL, 20, 3, 1, '', NULL, NULL, NULL),
	(266, 1, NULL, 'NOVA RADIANCE MASK', 'Celestolite\'s Nova Radiance Mask energizes and helps target discoloration while boosting hydration and radiance for dry, dehydrated and fatigued skin.', 100.00, 100.00, '1', 10, NULL, 20, 3, 1, '', NULL, NULL, NULL),
	(267, 1, NULL, 'NOVA DARK SPOT CORRECTOR', 'Eliminate the appearance of sun damage and hyperpigmentation with Nova Dark Spot Corrector from Celestolite. This concentrated night treatment targets discoloration caused by age, sun, acne and hormonal changes, helping to balance and brighten for an even, radiant complexion.', 100.00, 100.00, '1', 10, NULL, 20, 3, 1, '', NULL, NULL, NULL),
	(268, 1, NULL, 'NOVA BRIGHT SKIN CREAM (SPF 30)', 'Illuminate your youthfulness with Nova Bright Skin Cream from Celestolite. This lush daytime moisturizer is formulated with an SPF of 30 and delivers rich botanicals and antioxidants to your skin, helping to strengthen your natural barriers against UV rays, pollution and other harmful free-radicals.', 100.00, 100.00, '1', 10, NULL, 20, 3, 1, '', NULL, NULL, NULL),
	(269, 1, NULL, 'LUNA LAVA MASK', 'Luna Lava Mask by Celestolite is a luxurious, spa-like treatment, gently warming with thermal catalysts, while infusing a potent dose of minerals and botanicals to strengthen, repair and illuminate your skin.', 100.00, 100.00, '1', 10, NULL, 20, 3, 1, '', NULL, NULL, NULL),
	(270, 1, NULL, 'LUNA MINERAL CREAM', 'The Luna Mineral Cream by Celestolite brings energy and illumination to your skin. It gently helps revive your skin with a potent dose of vitamins and minerals for a luminous and more youthful appearance.', 100.00, 100.00, '1', 10, NULL, 20, 3, 1, '', NULL, NULL, NULL),
	(271, 1, NULL, 'LUNA THERMAL ACTIVATOR', 'Luna Thermal Activator by Celestolite, when used in conjunction with Luna Lava Mask, revs up the intensity, promoting more energy and luminosity to fatigued skin.', 100.00, 100.00, '1', 10, NULL, 20, 3, 1, '', NULL, NULL, NULL),
	(272, 1, NULL, 'LUNA LUMINOUS TOUCH', 'This specialized skin-transforming solution contains Hyaluronic Acid, to immediately plump and smooth out your skin, minimizing imperfections. Infused with Retinyl Palmitate and a cocktail of powerful botanicals, Luna Luminous Touch works vigorously to refine trouble spots over time, leaving you with an age-defying, radiant complexion.', 100.00, 100.00, '1', 10, NULL, 20, 3, 1, '', NULL, NULL, NULL),
	(273, 1, NULL, 'MARS ANTI-GRAVITY MASK', 'Revivify dry, dehydrated and dull skin with the Mars Anti-Gravity Mask from Celestolite. Formulated to nurture your skin with a concentrated blend of anti-aging botanicals, nourishing oils and real Meteorite Powder, this restorative mask will encourage a more youthful-looking skin.', 100.00, 100.00, '1', 10, NULL, 20, 3, 1, '', NULL, NULL, NULL),
	(274, 1, NULL, 'MARS STARDUST CREAM', 'Mars Stardust Cream is a rich, replenishing night-time moisturizer for dry and dehydrated skin. This lush, luxurious cream envelops your skin in anti-aging benefits as it soothes away dryness. Formulated with Soluble Collagen and Vitamin A Retinyl Palmitate, the Mars Stardust Cream helps to boost your skin’s natural radiance.', 100.00, 100.00, '1', 10, NULL, 20, 3, 1, '', NULL, NULL, NULL),
	(275, 1, NULL, 'MARS STELLAR SERUM', 'Refresh and restore dry, dehydrated skin with Celestolite’s Mars Stellar Serum. This smooth serum absorbs easily into your skin to help boost moisture and radiance with a powerful blend of rich botanicals, essential oils and real Meteorite Powder. Use with Mars Anti-Gravity Mask to give your skin a softer, more supple appearance and a luminous, youthful glow.', 100.00, 100.00, '1', 10, NULL, 20, 3, 1, '', NULL, NULL, NULL),
	(276, 1, NULL, 'DAILY BEAUTY SUITCASE', 'We have taken our meteorite-infused products to the next level, with our perfectly curated beauty suitcase, packed with all your skincare needs. Never leave home without it and always have your skin glowing just like the stars.', 100.00, 100.00, '1', 10, NULL, 2, 3, 1, '', NULL, NULL, NULL),
	(277, 1, NULL, 'XXL Paper Bag for Suitcase', NULL, 100.00, 100.00, '1', 10, NULL, 25, 3, 1, '', NULL, NULL, NULL),
	(278, 1, NULL, 'celesCelestolite Medium Paper Bag', NULL, 100.00, 100.00, '1', 10, NULL, 100, 3, 1, '', NULL, NULL, NULL),
	(279, 1, NULL, 'Celestolite Brochure', NULL, 100.00, 100.00, '1', 10, NULL, 300, 3, 1, '', NULL, NULL, NULL),
	(280, 1, NULL, 'Venus Day Cream Samples', NULL, 100.00, 100.00, '1', 10, NULL, 1440, 3, 1, '', NULL, NULL, NULL),
	(281, 1, NULL, 'Classic Styler 1.25 Christmas Red', '1.25 Plates Size – Can be used on all hair types and textures including, normal to wavy hair. 460°F Temperature- Plates heat up to 460°F for quick styling. Temperature Control – For a variation in hair types and styling options. Negative Ion Technology – Creates negative ions and infrared heat waves, eliminating static while sealing the cuticle. Ceramic Plates – 100% Ceramic plates reduce heat exposure. Dual Voltage – Dual voltage is ideal for traveling. Floating Plates Technology – Benefits of floating plate technology adds for a variety of styling options. Far Infrared Technology – Efficient heating method which is gentler to hair. Swivel Cord – 360° degree swivel cord eliminates a tangled cord. Limited Edition – Limited edition 3 Years Warranty.', 100.00, 100.00, '1', 5, NULL, 10, 3, 1, '', NULL, NULL, NULL),
	(282, 1, NULL, 'Ocean Blue Classic Styler', '1.25 Plates Size – Can be used on all hair types and textures including, normal to wavy hair. 460°F Temperature- Plates heat up to 460°F for quick styling. Temperature Control – For a variation in hair types and styling options. Negative Ion Technology – Creates negative ions and infrared heat waves, eliminating static while sealing the cuticle. Ceramic Plates – 100% Ceramic plates reduce heat exposure. Dual Voltage – Dual voltage is ideal for traveling. Floating Plates Technology – Benefits of floating plate technology adds for a variety of styling options. Far Infrared Technology – Efficient heating method which is gentler to hair. Swivel Cord – 360° degree swivel cord eliminates a tangled cord. Limited Edition – Limited edition 3 Years Warranty.', 100.00, 100.00, '1', 5, NULL, 10, 3, 1, '', NULL, NULL, NULL),
	(283, 1, NULL, 'Crazy Pink Classic Styler', '1.25 Plates Size – Can be used on all hair types and textures including, normal to wavy hair. 460°F Temperature- Plates heat up to 460°F for quick styling. Temperature Control – For a variation in hair types and styling options. Negative Ion Technology – Creates negative ions and infrared heat waves, eliminating static while sealing the cuticle. Ceramic Plates – 100% Ceramic plates reduce heat exposure. Dual Voltage – Dual voltage is ideal for traveling. Floating Plates Technology – Benefits of floating plate technology adds for a variety of styling options. Far Infrared Technology – Efficient heating method which is gentler to hair. Swivel Cord – 360° degree swivel cord eliminates a tangled cord. Limited Edition – Limited edition 3 Years Warranty.', 100.00, 100.00, '1', 5, NULL, 10, 3, 1, '', NULL, NULL, NULL),
	(284, 1, NULL, 'Deep Purple Classic Styler', '1.25 Plates Size – Can be used on all hair types and textures including, normal to wavy hair. 460°F Temperature- Plates heat up to 460°F for quick styling. Temperature Control – For a variation in hair types and styling options. Negative Ion Technology – Creates negative ions and infrared heat waves, eliminating static while sealing the cuticle. Ceramic Plates – 100% Ceramic plates reduce heat exposure. Dual Voltage – Dual voltage is ideal for traveling. Floating Plates Technology – Benefits of floating plate technology adds for a variety of styling options. Far Infrared Technology – Efficient heating method which is gentler to hair. Swivel Cord – 360° degree swivel cord eliminates a tangled cord. 3-Year Warranty', 100.00, 100.00, '1', 5, NULL, 10, 3, 1, '', NULL, NULL, NULL),
	(285, 1, NULL, 'Deep Purple Classic Styler', '1.25 Plates Size – Can be used on all hair types and textures including, normal to wavy hair. 460°F Temperature- Plates heat up to 460°F for quick styling. Temperature Control – For a variation in hair types and styling options. Negative Ion Technology – Creates negative ions and infrared heat waves, eliminating static while sealing the cuticle. Ceramic Plates – 100% Ceramic plates reduce heat exposure. Dual Voltage – Dual voltage is ideal for traveling. Floating Plates Technology – Benefits of floating plate technology adds for a variety of styling options. Far Infrared Technology – Efficient heating method which is gentler to hair. Swivel Cord – 360° degree swivel cord eliminates a tangled cord. 3-Year Warranty', 100.00, 100.00, '1', 5, NULL, 10, 3, 1, '', NULL, NULL, NULL),
	(286, 1, NULL, 'Baby Pink Classic Styler 1.25', '1.25 Plates Size – Can be used on all hair types and textures including, normal to wavy hair. 460°F Temperature- Plates heat up to 460°F for quick styling. Temperature Control – For a variation in hair types and styling options. Negative Ion Technology – Creates negative ions and infrared heat waves, eliminating static while sealing the cuticle. Ceramic Plates – 100% Ceramic plates reduce heat exposure. Dual Voltage – Dual voltage is ideal for traveling. Floating Plates Technology – Benefits of floating plate technology adds for a variety of styling options. Far Infrared Technology – Efficient heating method which is gentler to hair. Swivel Cord – 360° degree swivel cord eliminates a tangled cord. Limited Edition – Limited edition 3 Years Warranty.', 100.00, 100.00, '1', 5, NULL, 10, 3, 1, '', NULL, NULL, NULL),
	(287, 1, NULL, 'Peach Please Classic Styler', '1.25 Plates Size – Can be used on all hair types and textures including, normal to wavy hair. 460°F Temperature- Plates heat up to 460°F for quick styling. Temperature Control – For a variation in hair types and styling options. Negative Ion Technology – Creates negative ions and infrared heat waves, eliminating static while sealing the cuticle. Ceramic Plates – 100% Ceramic plates reduce heat exposure. Dual Voltage – Dual voltage is ideal for traveling. Floating Plates Technology – Benefits of floating plate technology adds for a variety of styling options. Far Infrared Technology – Efficient heating method which is gentler to hair. Swivel Cord – 360° degree swivel cord eliminates a tangled cord. Limited Edition – Limited edition 3 Years Warranty.', 100.00, 100.00, '1', 5, NULL, 10, 3, 1, '', NULL, NULL, NULL),
	(288, 1, NULL, 'French Lace Classic Styler', 'The 1.25 French Lace straightener offers both precision and flexibility when taking your hair from dull and frizzy to sleek and styled. Equipped with ceramic plates and negative ion technology, this straightener heats quickly to maximum temperature while ensuring that your hair emerges smooth and damage-free. Floating plates enable limitless possibilities as they follow your lead to a dramatic new look.', 100.00, 100.00, '1', 5, NULL, 10, 3, 1, '', NULL, NULL, NULL),
	(289, 1, NULL, 'Sweet N’ Flower Professional 1.25', 'The Sweet n’ Flower Professional styler instantly straightens hard to manage hair, leaving it silken and soft. Using ceramic floating plates with infrared heat, Soft Touch’s unique, satin-finish is an added barrier of protection to its negative ion technology, banishing static and frizz while creating smooth and sultry styles.', 100.00, 100.00, '1', 5, NULL, 10, 3, 1, '', NULL, NULL, NULL),
	(290, 1, NULL, 'Classic Styler 1.25  Ying Yang', '1.25 Plates Size – Can be used on all hair types and textures including, normal to wavy hair. 485°F Temperature – Plates heat up to 485°F for quick styling. Temperature Control- For a variation in hair types and styling options. Negative Ion Technology – Creates negative ions and infrared heat waves, eliminating static while sealing the cuticle. Ceramic Plates – 100% Ceramic plates reduce heat exposure. Dual Voltage – Dual voltage is ideal for traveling. Floating Plates Technology – Benefits of floating plate technology adds for a variety of styling options. Far Infrared Technology – Efficient heating method which is gentler to hair. Swivel Cord – 360° degree swivel cord eliminates a tangled cord. 3 Years Warranty.', 100.00, 100.00, '1', 5, NULL, 10, 3, 1, '', NULL, NULL, NULL),
	(291, 1, NULL, 'Classic Styler 1.25 Zebra', '1.25 Plates Size – Can be used on all hair types and textures including, normal to wavy hair. 485°F Temperature – Plates heat up to 485°F for quick styling. Temperature Control- For a variation in hair types and styling options. Negative Ion Technology – Creates negative ions and infrared heat waves, eliminating static while sealing the cuticle. Ceramic Plates – 100% Ceramic plates reduce heat exposure. Dual Voltage – Dual voltage is ideal for traveling. Floating Plates Technology – Benefits of floating plate technology adds for a variety of styling options. Far Infrared Technology – Efficient heating method which is gentler to hair. Swivel Cord – 360° degree swivel cord eliminates a tangled cord.', 100.00, 100.00, '1', 5, NULL, 10, 3, 1, '', NULL, NULL, NULL),
	(292, 1, NULL, 'Soft Skull Professional 1.25', '1.25 Plates Size – Can be used on all hair types and textures including, normal to wavy hair. 485°F Temperature – Plates heat up to 485°F for quick styling. Temperature Control- For a variation in hair types and styling options. Negative Ion Technology – Creates negative ions and infrared heat waves, eliminating static while sealing the cuticle. Ceramic Plates – 100% Ceramic plates reduce heat exposure. Dual Voltage – Dual voltage is ideal for traveling. Floating Plates Technology – Benefits of floating plate technology adds for a variety of styling options. Far Infrared Technology – Efficient heating method which is gentler to hair. Swivel Cord – 360° degree swivel cord eliminates a tangled cord. 3 Years Warranty.', 100.00, 100.00, '1', 5, NULL, 10, 3, 1, '', NULL, NULL, NULL),
	(293, 1, NULL, 'Pink Cheetah Classic Styler 1.25', '1.25 Plates Size – Can be used on all hair types and textures including, normal to wavy hair. 450°F Temperature – Plates heat up to 450°F for quick styling. Temperature Control- For a variation in hair types and styling options. Negative Ion Technology – Creates negative ions and infrared heat waves, eliminating static while sealing the cuticle. Ceramic Plates – 100% Ceramic plates reduce heat exposure. Dual Voltage – Dual voltage is ideal for traveling. Floating Plates Technology – Benefits of floating plate technology adds for a variety of styling options. Far Infrared Technology – Efficient heating method which is gentler to hair. Swivel Cord – 360° degree swivel cord eliminates a tangled cord. 3 Years Warranty.', 100.00, 100.00, '1', 5, NULL, 10, 3, 1, '', NULL, NULL, NULL),
	(294, 1, NULL, 'Classic Styler 1.25 Peacock', '1.25 Plates Size – Can be used on all hair types and textures including, normal to wavy hair. 485°F Temperature – Plates heat up to 485°F for quick styling. Temperature Control- For a variation in hair types and styling options. Negative Ion Technology – Creates negative ions and infrared heat waves, eliminating static while sealing the cuticle. Ceramic Plates – 100% Ceramic plates reduce heat exposure. Dual Voltage – Dual voltage is ideal for traveling. Floating Plates Technology – Benefits of floating plate technology adds for a variety of styling options. Far Infrared Technology – Efficient heating method which is gentler to hair. Swivel Cord – 360° degree swivel cord eliminates a tangled cord.  3 Years Warranty.', 100.00, 100.00, '1', 5, NULL, 10, 3, 1, '', NULL, NULL, NULL),
	(295, 1, NULL, 'Teal Soft Touch Professional 1.25', '1.25 Plates Size – Can be used on all hair types and textures including, normal to wavy hair. 450°F Temperature – Plates heat up to 450°F for quick styling. Temperature Control – For a variation in hair types and styling options. Negative Ion Technology – Creates negative ions and infrared heat waves, eliminating static while sealing the cuticle. Dual Voltage – Dual voltage is ideal for traveling. Floating Plates Technology – Benefits of floating plate technology adds for a variety of styling options. Far Infrared Technology – Efficient heating method which is gentler to hair . Swivel Cord – 360° degree swivel cord eliminates a tangled cord. Limited Edition – Limited edition. 3 Years Warranty.', 100.00, 100.00, '1', 5, NULL, 10, 3, 1, '', NULL, NULL, NULL),
	(296, 1, NULL, 'Pink Soft Touch Professional 1.25', '1.25 Plates Size – Can be used on all hair types and textures including, normal to wavy hair. 450°F Temperature – Plates heat up to 450°F for quick styling. Temperature Control – For a variation in hair types and styling options. Negative Ion Technology – Creates negative ions and infrared heat waves, eliminating static while sealing the cuticle. • Dual Voltage – Dual voltage is ideal for traveling. Floating Plates Technology – Benefits of floating plate technology adds for a variety of styling options. Far Infrared Technology – Efficient heating method which is gentler to hair . Swivel Cord – 360° degree swivel cord eliminates a tangled cord. Limited Edition – Limited edition. 3 Years Warranty.', 100.00, 100.00, '1', 5, NULL, 10, 3, 1, '', NULL, NULL, NULL),
	(297, 1, NULL, 'Purple Soft Touch Professional 1.25', '1.25 Plates Size – Can be used on all hair types and textures including, normal to wavy hair. 450°F Temperature – Plates heat up to 450°F for quick styling. Temperature Control – For a variation in hair types and styling options. Negative Ion Technology – Creates negative ions and infrared heat waves, eliminating static while sealing the cuticle. Dual Voltage – Dual voltage is ideal for traveling. Floating Plates Technology – Benefits of floating plate technology adds for a variety of styling options. Far Infrared Technology – Efficient heating method which is gentler to hair . Swivel Cord – 360° degree swivel cord eliminates a tangled cord. Limited Edition – Limited edition. 3-Year Warranty', 100.00, 100.00, '1', 5, NULL, 10, 3, 1, '', NULL, NULL, NULL),
	(298, 1, NULL, 'Ultra Turbo Styler 1.25 Black', '1.25 Plates Size – Can be used on all hair types and textures including, normal to wavy hair.  500°F Temperature – Plates heat up to 500°F for quick styling. Temperature Control- For a variation in hair types and styling options. Negative Ion Technology – Creates negative ions and infrared heat waves, eliminating static while sealing the cuticle. Ceramic Plates – 100% Ceramic plates reduce heat exposure. Dual Voltage – Dual voltage is ideal for traveling. Floating Plates Technology – Benefits of floating plate technology adds for a variety of styling options. Far Infrared Technology – Efficient heating method which is gentler to hair. Swivel Cord – 360° degree swivel cord eliminates a tangled cord. Limited Edition – Limited edition. 3 Years Warranty. Protective heat resistant glove included.', 100.00, 100.00, '1', 5, NULL, 10, 3, 1, '', NULL, NULL, NULL),
	(299, 1, NULL, 'Mini Iron (10 blue, 10 pink)', NULL, 100.00, 100.00, '1', 5, NULL, 20, 3, 1, '', NULL, NULL, NULL),
	(300, 1, NULL, 'Digital Pro Gradient', '• 1.5 Plates Size – Can be used on all hair types and textures including, normal to wavy hair. • 500°F Temperature – Plates heat up to 500°F for quick styling. • Temperature Recovery – A fast cooling method. • Negative Ion Technology – Creates negative ions and infrared heat waves, eliminating static while sealing the cuticle. • Dual Voltage – Dual voltage is ideal for traveling. • Titanium Plates – Consistently maintains high temperatures while emitting negative ions to lock in natural moisture. • Swivel Cord – 360° degree swivel cord eliminates a tangled cord. • Limited Edition – Limited edition. • 3-Year Warranty', 100.00, 100.00, '1', 5, NULL, 10, 3, 1, '', NULL, NULL, NULL),
	(301, 1, NULL, 'Grande Styling Wand Crazy Pink', 'The Grande Styling Wand 18/25mm is a professional curling iron that transforms dull, flat hair instantly by adding sculptured curls, beachy waves and incredible body. Grande Styling Wand 18/25mm uses a patented tourmaline technology to heat quickly so that hair curls effortlessly, smoothing away frizz and locking in shine for a voluminous, long-lasting style.', 100.00, 100.00, '1', 5, NULL, 10, 3, 1, '', NULL, NULL, NULL),
	(302, 1, NULL, 'Grande Styling Wand Deep Purple', 'The Grande Styling Wand 18/25mm is a professional curling iron that transforms dull, flat hair instantly by adding sculptured curls, beachy waves and incredible body. Grande Styling Wand 18/25mm uses a patented tourmaline technology to heat quickly so that hair curls effortlessly, smoothing away frizz and locking in shine for a voluminous, long-lasting style.', 100.00, 100.00, '1', 5, NULL, 10, 3, 1, '', NULL, NULL, NULL),
	(303, 1, NULL, 'Venti Curler 25/32mm Black', 'Sculpt your way to salon quality style and perfectly coiffed curls and waves with the Venti Curler from Evalectric. Featuring a 1 -1.25 extra-large tapered barrel, this powerful curler allows you the flexibility to easily wrap and set your strands in minutes, leaving your hair shinier, more manageable and flawlessly fabulous.', 100.00, 100.00, '1', 5, NULL, 10, 3, 1, '', NULL, NULL, NULL),
	(304, 1, NULL, 'Skinny Curl Wand 9/18', 'Professional Curling Iron 9-18mm Barrel Diameter – Creates lasting smooth and shiny curls, ideal for creating soft curls. Temperature Recovery – A fast cooling method. Clip Less Barrels – Designed to generate heat consistency throughout the barrel. Teflon Barrels – Protects hair from damage while maintaining high heat. Far Infrared Technology – Efficient heating method which is gentler to hair. Negative Ion Technology – Creates negative ions and infrared heat waves, eliminating static while sealing cuticle. Dual Voltage – Dual voltage is ideal for traveling. • Swivel Code – 360° Degree swivel cord eliminates a tangled cord. Limited Edition – Limited Edition 3 Years Warranty.', 100.00, 100.00, '1', 5, NULL, 10, 3, 1, '', NULL, NULL, NULL),
	(305, 1, NULL, 'Trenta Curler 32/32mm', 'Achieve voluminous, long-lasting curls with the Trenta Curler. Negative ion technology protects hair from heat damage by helping to eliminate frizz, locking moisture and sheen. Using an innovative, tourmaline ceramic barrel, the Trenta Curler heats quickly and evenly to curl hair faster than traditional curling irons to create flawless style from root to tip.', 100.00, 100.00, '1', 5, NULL, 10, 3, 1, '', NULL, NULL, NULL),
	(306, 1, NULL, 'Hot Curl Nubi', NULL, 100.00, 100.00, '1', 5, NULL, 10, 3, 1, '', NULL, NULL, NULL),
	(307, 1, NULL, 'Evolution 25/18 Curling Iron Black', NULL, 100.00, 100.00, '1', 5, NULL, 10, 3, 1, '', NULL, NULL, NULL),
	(308, 1, NULL, 'Evolution 25/18 Curling Iron Sweet Peach', NULL, 100.00, 100.00, '1', 5, NULL, 10, 3, 1, '', NULL, NULL, NULL),
	(309, 1, NULL, 'Evolution 25/18 Curling Iron Teal', NULL, 100.00, 100.00, '1', 5, NULL, 10, 3, 1, '', NULL, NULL, NULL),
	(310, 1, NULL, 'Iconix LED Blow Dryer', 'Let your hair be bold and beautiful with the Iconix LED Blow Dryer from Evalectric. This innovative high-powered tourmaline hairdryer glows red with an LED light while it effectively drys your hair faster than traditional dryers. Supercharged with Negative Ion Technology, it helps to eliminate frizz, fluff and static flyaways while smoothing the cuticle of each strand while you style for a glossy, smooth result.', 100.00, 100.00, '1', 5, NULL, 10, 3, 1, '', NULL, NULL, NULL),
	(311, 1, NULL, 'Iconix LED Black Straightener', 'Iconix LED Coral Straightener by Evalectric will take your locks from wild and unruly to all-day silky smooth. This powerful flat iron produces salon quality results within minutes. Aluminum plates with ceramic oil coating heat quickly and evenly to deliver sleek, shiny strands from root to tip while its revolutionary ionized technology helps to seal the cuticle while you straighten to help eliminate split ends, static and frizz. Revolutionary red light therapy stimulates hair growth while infrared helps promote healthy hair and scalp.', 100.00, 100.00, '1', 5, NULL, 10, 3, 1, '', NULL, NULL, NULL),
	(312, 1, NULL, 'Iconix LED Black Straightener', 'Iconix LED Coral Straightener by Evalectric will take your locks from wild and unruly to all-day silky smooth. This powerful flat iron produces salon quality results within minutes. Aluminum plates with ceramic oil coating heat quickly and evenly to deliver sleek, shiny strands from root to tip while its revolutionary ionized technology helps to seal the cuticle while you straighten to help eliminate split ends, static and frizz. Revolutionary red light therapy stimulates hair growth while infrared helps promote healthy hair and scalp.', 100.00, 100.00, '1', 5, NULL, 10, 3, 1, '', NULL, NULL, NULL),
	(313, 1, NULL, 'Eva complete set Ocean Blue', '1.25 Plates Size – Can be used on all hair types and textures es including, normal to wavy hair 460°F Temperature – Plates heat up to 460°F for quick styling. Ceramic Plates – 100% ceramic plates r educe heat exposure. Temperature Control – For a variation in hair types and styling options. Negative Ion Technology – Creates negative ions and infrared heat waves, eliminating static while sealing the cuticle. Dual Voltage – Dual voltage is ideal for traveling. Floating Plates Technology – Benefits of floating plate technology adds for a variety of styling options. 25-18mm Barrel Diameter – Creates lasting smooth and shiny curls. Ideal for creating soft curls. Clip Less Barrels – Designed to generate heat consistency throughout the barrel. Teflon Barrels – Protects hair from damage while maintaining high heat. Far Infrared Technology – Efficient heating method which is gentler to hair. Swivel Cord – 360° degree swivel cord eliminates a tangled cord. Limited Edition – Limited edition. 3 Years Warranty. Protective heat resistant glove included.', 100.00, 100.00, '1', 5, NULL, 4, 3, 1, '', NULL, NULL, NULL),
	(314, 1, NULL, 'Eva complete set Crazy Pink', '1.25 Plates Size – Can be used on all hair types and textures es including, normal to wavy hair. 460°F Temperature – Plates heat up to 460°F for quick styling. Ceramic Plates – 100% ceramic plates r educe heat exposure. Temperature Control – For a variation in hair types and styling options. Negative Ion Technology – Creates negative ions and infrared heat waves, eliminating static while sealing the cuticle. Dual Voltage – Dual voltage is ideal for traveling. Floating Plates Technology – Benefits of floating plate technology adds for a variety of styling options. 25-18mm Barrel Diameter – Creates lasting smooth and shiny curls. Ideal for creating soft curls. Clip Less Barrels – Designed to generate heat consistency throughout the barrel. Teflon Barrels – Protects hair from damage while maintaining high heat. Far Infrared Technology – Efficient heating method which is gentler to hair. Swivel Cord – 360° degree swivel cord eliminates a tangled cord. Limited Edition – Limited edition. 3-Year Warranty', 100.00, 100.00, '1', 5, NULL, 4, 3, 1, '', NULL, NULL, NULL),
	(315, 1, NULL, 'Eva complete set Deep Purple', '1.25 Plates Size – Can be used on all hair types and textures es including, normal to wavy hair. 460°F Temperature – Plates heat up to 460°F for quick styling. Ceramic Plates – 100% ceramic plates r educe heat exposure. Temperature Control – For a variation in hair types and styling options. Negative Ion Technology – Creates negative ions and infrared heat waves, eliminating static while sealing the cuticle. Dual Voltage – Dual voltage is ideal for traveling. Floating Plates Technology – Benefits of floating plate technology adds for a variety of styling options. 25-18mm Barrel Diameter – Creates lasting smooth and shiny curls. Ideal for creating soft curls. Clip Less Barrels – Designed to generate heat consistency throughout the barrel. Teflon Barrels – Protects hair from damage while maintaining high heat. Far Infrared Technology – Efficient heating method which is gentler to hair. Swivel Cord – 360° degree swivel cord eliminates a tangled cord. Limited Edition – Limited edition. 3-Year Warranty', 100.00, 100.00, '1', 5, NULL, 4, 3, 1, '', NULL, NULL, NULL),
	(316, 1, NULL, 'Eva Complete Set Black', 'The Professional Styling Trio will take your hair from frizzy to flawless in a matter of minutes. This 3 piece set features the travel-friendly Professional Mini Straightener that is ready to go in 30-seconds, the Ultra Turbo Styler 1.25 to smooth your hair’s cuticle, locking in moisture and shine and the Grande Styling Wand that is fast and easy to use, creating coveted curls, sleek waves and building incredible body.', 100.00, 100.00, '1', 5, NULL, 4, 3, 1, '', NULL, NULL, NULL),
	(317, 1, NULL, '4P Infinite Styling Set', 'Achieve endless body-building possibilities with the 4P Infinite Styling Set. This professional curler features four interchangeable clip-less barrels with a slick, Teflon-coating to create smooth, natural, long-lasting curls. It heats almost instantly and recovers within minutes, making it a dream for travel and professionals on the go.', 100.00, 100.00, '1', 5, NULL, 10, 3, 1, '', NULL, NULL, NULL),
	(318, 1, NULL, 'French Lace Infinite Styling Duo', 'Instantly transform your hair to sleek and soft or stylish and sultry with the French Lace Infinite Styling Duo. This versatile duo features onyx ceramic plates and curling wands, boasting negative ion and infrared heat technologies that create quick and effortless style while protecting your hair and sealing in moisture and shine. The clipless styling wand with 3 interchangeable barrels and the Classic Styler’s 1.25 floating-plates allow infinite possibilities for your hair with precision and flexibility.', 100.00, 100.00, '1', 5, NULL, 8, 3, 1, '', NULL, NULL, NULL),
	(319, 1, NULL, 'Straight Brush Styler Peach Please', 'Banish the bulk and achieve sleekly smooth hair with the Straight Brush Styler from Evalectric. This essential straightening tool is suitable for all hair types, featuring 5 adjustable temperatures to emit the perfect amount of infrared heat and Negative Ion Technology to quickly and easily eliminate unwanted frizz and fluffiness, leaving you with an endless amount of silky softness and shine.', 100.00, 100.00, '1', 5, NULL, 10, 3, 1, '', NULL, NULL, NULL),
	(320, 1, NULL, 'Straight Brush Styler Baby Pink', 'Banish the bulk and achieve sleekly smooth hair with the Straight Brush Styler from Evalectric. This essential straightening tool is suitable for all hair types, featuring 5 adjustable temperatures to emit the perfect amount of infrared heat and Negative Ion Technology to quickly and easily eliminate unwanted frizz and fluffiness, leaving you with an endless amount of silky softness and shine.', 100.00, 100.00, '1', 5, NULL, 10, 3, 1, '', NULL, NULL, NULL),
	(321, 1, NULL, 'straight-brush-pro-pink-box-front', 'Banish the bulk and achieve sleekly smooth hair with the Straight Brush Styler from Evalectric. This essential straightening tool is suitable for all hair types, featuring 5 adjustable temperatures to emit the perfect amount of infrared heat and Negative Ion Technology to quickly and easily eliminate unwanted frizz and fluffiness, leaving you with an endless amount of silky softness and shine.', 100.00, 100.00, '1', 5, NULL, 10, 3, 1, '', NULL, NULL, NULL),
	(322, 1, NULL, 'Straight Brush Styler Ocean Blue', 'Banish the bulk and achieve sleekly smooth hair with the Straight Brush Styler from Evalectric. This essential straightening tool is suitable for all hair types, featuring 5 adjustable temperatures to emit the perfect amount of infrared heat and Negative Ion Technology to quickly and easily eliminate unwanted frizz and fluffiness, leaving you with an endless amount of silky softness and shine.', 100.00, 100.00, '1', 5, NULL, 10, 3, 1, '', NULL, NULL, NULL),
	(323, 1, NULL, 'Easy Comb - Mixed (20 Crazy Pink, 20 Deep Purple, 20 Ocean Blue)', NULL, 100.00, 100.00, '1', 5, NULL, 60, 3, 1, '', NULL, NULL, NULL),
	(324, 1, NULL, 'De-tangle Brush - Mixed (15 Crazy Pink, 15 Deep Purple)', NULL, 100.00, 100.00, '1', 5, NULL, 30, 3, 1, '', NULL, NULL, NULL),
	(325, 1, NULL, 'Hair Mask', 'This intensely nourishing mask repairs and prevents further breakage due to over-processed, dry and damaged hair. Infused with Argan Oil and Panthenol to repair even the most processed hair, resulting in thicker, shinier and healthier-looking hair.', 100.00, 100.00, '1', 5, NULL, 12, 3, 1, '', NULL, NULL, NULL),
	(326, 1, NULL, 'Hair Serum', 'Get soft, glossy hair in seconds with this light, non-greasy serum, it can be used as required to touch up your hair style- a little goes a long way!', 100.00, 100.00, '1', 5, NULL, 40, 3, 1, '', NULL, NULL, NULL),
	(327, 1, NULL, 'Nourishing & Moisturizing Shampoo', 'Nourishing & Moisturizing Shampoo smooths the hair fibers and hair becomes easier to untangle, feeling silkier and looking shinier. Enriched with Proteins derived from plants and olive oil, this concentrated treatment hydrates from root to tip to repel dehydration, calms frizz and prevents static making hair easier to detangle. Directions: Thoroughly massage shampoo to wet hair and work into rich lather. Rinse thoroughly and repeat if required. Recommended to use in combination with Conditioner. For all hair types.', 100.00, 100.00, '1', 5, NULL, 40, 3, 1, '', NULL, NULL, NULL),
	(328, 1, NULL, 'Nourishing & Moisturizing Conditioner', 'Enriched with proteins derived from plants and olive oil, this unique combination of treating agents helps nourish the scalp and delivers abundant moisture against dehydration and breakage. Repairs hair structure, calms frizz, prevents static, energizes hair and restores shine for extremely healthy-looking results. Directions: After shampooing, apply a generous amount of Nourishing & Moisturizing Conditioner to hair, concentrating on areas that need special attention. Leave on hair for desired length of time. Rinse, dry and style as usual. For all hair types.', 100.00, 100.00, '1', 5, NULL, 40, 3, 1, '', NULL, NULL, NULL),
	(329, 1, NULL, 'Hair Styling Spray', 'Ideal for capturing the perfect look! its extra strong formula sets any look desired.', 100.00, 100.00, '1', 5, NULL, 40, 3, 1, '', NULL, NULL, NULL),
	(330, 1, NULL, 'Heat Protective Cream', NULL, 100.00, 100.00, '1', 5, NULL, 40, 3, 1, '', NULL, NULL, NULL),
	(331, 1, NULL, 'Professional Styling Tool Holder Mix Colors', NULL, 100.00, 100.00, '1', 5, NULL, 20, 3, 1, '', NULL, NULL, NULL),
	(332, 1, NULL, 'Professional Styling Tool Holder Black', NULL, 100.00, 100.00, '1', 5, NULL, 20, 3, 1, '', NULL, NULL, NULL),
	(333, 1, NULL, 'Travel Heat Resistant Case', NULL, 100.00, 100.00, '1', 5, NULL, 40, 3, 1, '', NULL, NULL, NULL),
	(334, 1, NULL, 'Nubi Small Sample Hair Serum', NULL, 100.00, 100.00, '1', 5, NULL, 1440, 3, 1, '', NULL, NULL, NULL),
	(335, 1, NULL, 'Plastic Bags', NULL, 100.00, 100.00, '1', 5, NULL, 500, 3, 1, '', NULL, NULL, NULL),
	(336, 1, NULL, 'Resveratrol Merlot Refining Peeling', 'Resveratrol Refining Peeling is designed to gently remove dirt and oils that sit on the surface of the skin. By ridding your skin of this buildup, you will reveal a brighter, more radiant-looking complexion, without stripping your skin of its vital oils and moisture.', 100.00, 100.00, '1', 23, NULL, 20, 3, 1, '', NULL, NULL, NULL),
	(337, 1, NULL, 'Resveratrol Merlot Moisture Day Cream', 'This rich yet lightweight formula will leave your skin feeling replenished. Use the Resveratrol Merlot Moisture Day Cream to complete your daily skincare regimen with a soft radiant finish.', 100.00, 100.00, '1', 23, NULL, 20, 3, 1, '', NULL, NULL, NULL),
	(338, 1, NULL, 'Resveratrol Merlot Nourishing Night Cream', 'This ultra-soothing cream will help restore the natural glow your skin loses throughout the day. Formulated with Shea Butter (Butyrospermum Parkii Oil) and Resveratrol, your skin will feel softer and younger by the morning', 100.00, 100.00, '1', 23, NULL, 20, 3, 1, '', NULL, NULL, NULL),
	(339, 1, NULL, 'Resveratrol Merlot Facial Exfoliant', 'Resveratrol Merlot Facial Exfoliant is designed to gently remove dirt and oils that sit on the surface of the skin, revealing a brighter, more radiant-looking complexion, without stripping your skin of its vital oils.', 100.00, 100.00, '1', 23, NULL, 30, 3, 1, '', NULL, NULL, NULL),
	(340, 1, NULL, '2 Step Cleansing Kit', 'Resveratrol Milk Cleanser The Resveratrol Milk Cleanser is designed especially for delicate skin. It is formulated to gently remove make up and impurities while leaving your skin feeling soft and refreshed. For best results, follow with Resveratrol Balance Toner.  Resveratrol Balance Toner Vine Vera’s Balance Toner helps remove dirt and oil while leaving your skin with an even and radiant look. Use daily, prior to day cream.', 100.00, 100.00, '1', 23, NULL, 12, 3, 1, '<p style="border: 0px; font-family: Lato, &quot;Helvetica Neue&quot;, Helvetica, Arial, sans-serif; font-size: 13px; margin-bottom: 1.03em; padding: 0px; vertical-align: baseline; line-height: 1.5; text-align: justify; color: rgb(115, 115, 115); font-variant-ligatures: normal; orphans: 2; widows: 2;"><span style="border: 0px; font-family: inherit; font-style: inherit; margin: 0px; padding: 0px; vertical-align: baseline;">Discover a new way to achieve fresh, clean skin with this cleansing duo. The Resveratrol Cleansing Kit comprises of two cleansing products.</span></p><p style="border: 0px; font-family: Lato, &quot;Helvetica Neue&quot;, Helvetica, Arial, sans-serif; font-size: 13px; margin-bottom: 1.03em; padding: 0px; vertical-align: baseline; line-height: 1.5; text-align: justify; color: rgb(115, 115, 115); font-variant-ligatures: normal; orphans: 2; widows: 2;"><b>Resveratrol Milk Cleanser&nbsp;</b><br><span style="border: 0px; font-family: inherit; font-style: inherit; margin: 0px; padding: 0px; vertical-align: baseline;">Specifically designed for delicate skin, this cleanser gently rids the skin of makeup and grime buildup. This product also delivers a potent mixture of skin care benefits, including the anti-aging and antioxidant properties of Resveratrol.</span></p><p style="border: 0px; font-family: Lato, &quot;Helvetica Neue&quot;, Helvetica, Arial, sans-serif; font-size: 13px; margin-bottom: 1.03em; padding: 0px; vertical-align: baseline; line-height: 1.5; text-align: justify; color: rgb(115, 115, 115); font-variant-ligatures: normal; orphans: 2; widows: 2;"><b>Resveratrol Balance Toner&nbsp;</b><br><span style="border: 0px; font-family: inherit; font-style: inherit; margin: 0px; padding: 0px; vertical-align: baseline;">Maximise your skin care products by first applying this skin-balancing toner, which removes dirt and oil that prevents the absorption of anti-aging and antioxidant ingredients.</span></p><p style="border: 0px; font-family: Lato, &quot;Helvetica Neue&quot;, Helvetica, Arial, sans-serif; font-size: 13px; margin-bottom: 1.03em; padding: 0px; vertical-align: baseline; line-height: 1.5; text-align: justify; color: rgb(115, 115, 115); font-variant-ligatures: normal; orphans: 2; widows: 2;"><b>How to Use</b></p><p style="border: 0px; font-family: Lato, &quot;Helvetica Neue&quot;, Helvetica, Arial, sans-serif; font-size: 13px; margin-bottom: 1.03em; padding: 0px; vertical-align: baseline; line-height: 1.5; text-align: justify; color: rgb(115, 115, 115); font-variant-ligatures: normal; orphans: 2; widows: 2;"><b>Resveratrol Milk Cleanser</b><br><span style="border: 0px; font-family: inherit; font-style: inherit; margin: 0px; padding: 0px; vertical-align: baseline;">Apply generously on a cotton ball and move around face and neck areas. Repeat until skin is clean. Use daily.</span></p><p style="border: 0px; font-family: Lato, &quot;Helvetica Neue&quot;, Helvetica, Arial, sans-serif; font-size: 13px; margin-bottom: 1.03em; padding: 0px; vertical-align: baseline; line-height: 1.5; text-align: justify; color: rgb(115, 115, 115); font-variant-ligatures: normal; orphans: 2; widows: 2;"><b>Resveratrol Balance Toner&nbsp;</b><br><span style="border: 0px; font-family: inherit; font-style: inherit; margin: 0px; padding: 0px; vertical-align: baseline;">Soak a cotton ball and gently wipe across face and neck area. Repeat as needed. Use daily.</span></p>', NULL, NULL, NULL),
	(341, 1, NULL, 'Resveratrol Eye Collection Age Defying Eye Serum', 'This light and smooth eye serum is designed to reduce the appearance of fine lines and wrinkles surrounding the eye area. Rich, yet non-greasy, this eye serum was formulated with Resveratrol Ferment extract, green tea extract (Camellia Sinensis Leaf Extract) and vitamin C (Ascorbic Acid) derivative to help reduce the signs of aging.', 100.00, 100.00, '1', 23, NULL, 20, 3, 1, '', NULL, NULL, NULL),
	(342, 1, NULL, 'Resveratrol Eye Collection Dark Circle Eye Cream', 'This cream will help reduce the appearance of dark circles and fatigue under the eyes. It is formulated with Resveratrol Ferment extract, Caffeine and Vitamins A (Retinyl Palmitate) and E (Tocopheryl Acetate) derivatives to awaken and refresh the delicate skin under the eyes.', 100.00, 100.00, '1', 23, NULL, 20, 3, 1, '', NULL, NULL, NULL),
	(343, 1, NULL, 'Resveratrol Sauvignon Blanc Neck & Chest Mask', 'Pay attention to the areas of your skin that you may not think to look at — your chin, neck and chest. These areas may secretly give away your real age. The Sauvignon Blanc Collection contains Resveratrol, Hyaluronic Acid and Glycerol, balanced to give your skin the right amount of nutrients and moisture to improve elasticity and tone.', 100.00, 100.00, '1', 23, NULL, 6, 3, 1, '', NULL, NULL, NULL),
	(344, 1, NULL, 'Resveratrol Sauvignon Blanc Neck & Chest Cream', 'The neck and chest area is one of the most exposed areas of the body, but is one of the most ignored parts of our skin care regimen. This rich formula helps fight the signs of over-exposure to the sun’s harmful rays and overall aging. The combination of Resveratrol Ferment extract, Sodium Hyaluronate Vitamin E (Tocopheryl Acetate) and Vitamin A (Retinyl Palmitate) derivatives will help reduce the appearance of deep wrinkles and aging of the neck and chest area.', 100.00, 100.00, '1', 23, NULL, 12, 3, 1, '', NULL, NULL, NULL),
	(345, 1, NULL, 'Resveratrol Men’s After Shave Balm', 'Resveratrol Men’s After-Shave Balm was formulated for any man who does not want razor bumps or post-shave irritation. Let your skin soak in all the nourishing ingredients, keeping your skin feeling soft, hydrated and younger-looking.', 100.00, 100.00, '1', 23, NULL, 12, 3, 1, '', NULL, NULL, NULL),
	(346, 1, NULL, 'Resveratrol Men\'s Sauna Energazing Mask', 'Resveratrol Men’s Sauna Energizing Mask has a unique heating effect when mixed with water and applied to skin. This special mask will help you achieve a radiant, fresh and youthful look. Resveratrol Men’s Sauna Energizing Mask is formulated with Resveratrol Ferment extract, vitamins A (Retinyl Palmitate), C (Ascorbic Acid) & E (Tocopheryl Acetate) derivatives, along with Aloe extract to nourish your skin, leaving it looking soft and radiant.', 100.00, 100.00, '1', 23, NULL, 12, 3, 1, '', NULL, NULL, NULL),
	(347, 1, NULL, 'Resveratrol Men\'s Sauna Serum', 'Spoil your skin and intensify results of the Resveratrol Men’s Sauna Energizing Mask using this rare serum. This effective blend of Resveratrol Ferment extract, Palmitoyl Tripeptide-1 and Soluble Collagen will help reduce the appearance of wrinkles and fine lines.', 100.00, 100.00, '1', 23, NULL, 12, 3, 1, '', NULL, NULL, NULL),
	(348, 1, NULL, 'Resveratrol Men\'s Tool Box', 'Resveratrol Men’s Tool Box from Vine Vera provides the luxurious experience of a professional shave in a conveniently curated kit for home and travel. Its sleekly styled Stainless Steel Classic Razor features a patented design that allows the blades to safely and effectively glide across your skin for flawlessly close shave. Included in the set are the antioxidant-rich Resveratrol Pre-Shaving Gel and post-shave Resveratrol Men’s Balm that will ensure that your skin is touchably soft and all-over calm.', 100.00, 100.00, '1', 23, NULL, 12, 3, 1, '', NULL, NULL, NULL),
	(349, 1, NULL, 'Resveratrol Pre-Shaving Gel 30ml', NULL, 100.00, 100.00, '1', 23, NULL, 60, 3, 1, '', NULL, NULL, NULL),
	(350, 1, NULL, 'Resveratrol Skin Tone Correcting Serum', NULL, 100.00, 100.00, '1', 23, NULL, 12, 3, 1, '', NULL, NULL, NULL),
	(351, 1, NULL, 'Zinfandel Illuminating Pre Mask', 'The Zinfandel Illuminating Pre-Mask is the ideal way to prepare your skin for the Zinfandel Illuminating Petal-Peel System. This creamy Pre-Mask is infused with Ostrea Shell extract and gently exfoliates your skin to help reduce appearance of discoloration and sun damage.', 100.00, 100.00, '1', 23, NULL, 12, 3, 1, '', NULL, NULL, NULL),
	(352, 1, NULL, 'Zinfandel Illuminating Petal-Peel System', 'Roses and resveratrol are known for their beauty enhancing benefits and antioxidant properties. This one of a kind set is designed to reveal a more radiant and even skin tone. Formulated with ingredients such as Diatomite, collagen and rose bud powder, the Resveratrol Illuminating Petal-Peel System is the ideal solution for discoloration and dull skin.', 100.00, 100.00, '1', 23, NULL, 6, 3, 1, '', NULL, NULL, NULL),
	(353, 1, NULL, 'Resveratrol Chianti Morning Recovery', 'This creamy yet lightweight formula is like a fresh breeze for your skin. The combination of ingredients such as Palmitoyl Tripeptide-1, Olea Europaea Oil (Olive Oil) and Resveratrol Ferment extract will help fight the signs of aging and intensify results from the Chianti collection.', 100.00, 100.00, '1', 23, NULL, 12, 3, 1, '', NULL, NULL, NULL),
	(354, 1, NULL, 'Resveratrol Chianti Thermic Mask', 'This unique formula has an instant warming effect when applied to skin. Bring the sauna to your own home with this magnificent thermic mask. Infused with Sweet Almond Extract (Prunus Amygdalus Dulcis Seed Extract) and Aloe Barbadensis Leaf Extract, your skin will feel softer and more radiant.', 100.00, 100.00, '1', 23, NULL, 12, 3, 1, '', NULL, NULL, NULL),
	(355, 1, NULL, 'Resveratrol Chianti Revival Serum', 'This blend of Resveratrol Ferment extract, vitamin C (Ascorbic Acid), Palmitoyl Tripeptide-1 and the hydrating ingredient Sodium Hyaluronate, is a magnificent formula that helps reduce the appearance of wrinkles. This serum will leave your skin feeling softer, looking more radiant and refreshed.', 100.00, 100.00, '1', 23, NULL, 12, 3, 1, '', NULL, NULL, NULL),
	(356, 1, NULL, 'Resveratrol Chianti True Balance', 'Balance out skin imperfections with this smooth, lightweight formula. Blended with Resveratrol, Vitamin A (Retinol) and Hyaluronic Acid, this perfecting cream delivers potent skin care ingredients to reduce the appearance of wrinkles and imperfections.', 100.00, 100.00, '1', 23, NULL, 12, 3, 1, '', NULL, NULL, NULL),
	(357, 1, NULL, 'Resveratrol Pinot Noir Longevity Cream', 'This unique formula was created to lengthen your skin’s natural looking glow and restore the radiance that has been lost. Formulated with a variety of vitamins such as vitamin A derivative (Retinyl Palmitate) and fruit extracts such as Citrus Fruit Extract, in combination with Resveratrol Ferment extract, this light yet effective cream will help diminish signs of aging.', 100.00, 100.00, '1', 23, NULL, 12, 3, 1, '', NULL, NULL, NULL),
	(358, 1, NULL, 'Resveratrol Pinot Noir Phyto Silk', 'This silky solution delivers a smooth unique formula, leaving your skin feeling younger. Infused with Collagen, Acetyl-Hexapeptide-8, Sodium Hyaluronate and Resveratrol Ferment extract to instantly reduce the appearance of wrinkles and aged skin.', 100.00, 100.00, '1', 23, NULL, 12, 3, 1, '', NULL, NULL, NULL),
	(359, 1, NULL, 'Resveratrol Pinot Noir Longevity Serum', 'This unique formula was created to help restore your skin’s natural youthful glow and radiance. It is formulated with a variety of vitamins such as vitamin A (Retinyl Palmitate) derivative and fruit extracts such as Citrus Fruit Extract. In combination with Resveratrol ferment extract, this light yet effective serum will help diminish signs of aging.', 100.00, 100.00, '1', 23, NULL, 12, 3, 1, '', NULL, NULL, NULL),
	(360, 1, NULL, 'Resveratrol Pinot Noir Phyto Silk Mask', 'This light-weight serum will leave your skin feeling silky smooth. A unique blend of collagen, Acetyl-Hexapeptide-8, Sodium Hyaluronate and Resveratrol provides your skin with a younger look. Peptides offer your skin an array of benefits, such as, stimulating the deeper layers of your skin to aid the skin in healing itself. Results show that this increases smoothness and collagen synthesis giving you the sought after appearance of younger skin.', 100.00, 100.00, '1', 23, NULL, 12, 3, 1, '', NULL, NULL, NULL),
	(361, 1, NULL, 'Pinot Noir Dissolving Pre Mask', 'The Pinot Noir Dissolving Pre-Mask is a gentle, leave-on exfoliator designed to prepare skin for the Pinot Noir Phyto-Silk Mask. Infused with Marigold Flower (Calendula Officinalis), Green Tea (Camellia Oleifera) and Cucumber Extract (Cucumis Sativus), this pre-mask gets rid of skin impurities while increasing the efficacy of the anti-aging benefits found in the Pinot Noir Phyto-Silk Mask.', 100.00, 100.00, '1', 23, NULL, 12, 3, 1, '', NULL, NULL, NULL),
	(362, 1, NULL, 'Resveratrol Moscato Sensitive Skin Cleanser', 'This gentle cleanser removes skin impurities, dirt and oil without being too harsh on sensitive skin. Featuring Resveratrol and Green Tea Extract (Camellia Sinensis Leaf Extract), this formula helps reveal fresher, cleaner skin.', 100.00, 100.00, '1', 23, NULL, 12, 3, 1, '', NULL, NULL, NULL),
	(363, 1, NULL, 'Resveratrol Moscato Sensitive Skin Cream', 'Moisturize sensitive skin with this gentle, unique formula. Infused with Aloe Vera (Aloe Barbadensis Leaf Extract) and Ceramide 2, this cream indulges delicate skin with some kind loving.', 100.00, 100.00, '1', 23, NULL, 12, 3, 1, '', NULL, NULL, NULL),
	(364, 1, NULL, 'Resveratrol Moscato Sensitive Skin Eye Serum', 'Care for the skin around your eyes with this delicate serum. Formulated with Resveratrol, Green Tea (Camellia Sinensis Leaf Extract) and Marigold (Calendula Officinalis Flower Extract), this solution is bound to brighten and refresh the appearance of weary eyes.', 100.00, 100.00, '1', 23, NULL, 12, 3, 1, '', NULL, NULL, NULL),
	(365, 1, NULL, 'Resveratrol Moscato Sensitive Skin Eye Cream', 'The extraordinary Resveratrol Moscato Sensitive Skin Eye Cream is designed to enrich your skin without irritations, and help reduce signs of fatigue and puffiness surrounding the eye area. The Resveratrol Moscato Sensitive Skin Eye Cream is infused with the finest ingredients to enhance skin’s performance.', 100.00, 100.00, '1', 23, NULL, 12, 3, 1, '', NULL, NULL, NULL),
	(366, 1, NULL, 'Resveratrol Cabernet High-Potency Cream', 'This unique ultra-light cream will leave your skin feeling silky smooth and radiant. Infused with derivatives of vitamin A (Retinyl Palmitate) and vitamin E (Tocopheryl Acetate), Avocado oil (Persea Gratissima Oil), Seaweed Extract (Laminaria Japonica Extract) along with Resveratrol Ferment Extract, this fabulous cream will help fight the signs of aging.', 100.00, 100.00, '1', 23, NULL, 12, 3, 1, '', NULL, NULL, NULL),
	(367, 1, NULL, 'Resveratrol Cabernet High Potency Contour Eye Firming', 'The Resveratrol Cabernet High-Potency Contour Eye Firming is formulated to enrich your skin, leaving it looking soft, plump and firm. The combination of ingredients and vitamins such as Resveratrol (Pichia/ Resveratrol Ferment Extract), Vitamin E and Vitamin A will help improve skin tone and skin texture as well as reduce signs of fatigue and aging around eye area. Caffeine is also included in the formula to help with reducing puffiness and dark circles.', 100.00, 100.00, '1', 23, NULL, 12, 3, 1, '', NULL, NULL, NULL),
	(368, 1, NULL, 'Resveratrol Cabernet High Potency Eye Serum', 'The revolutionary Resveratrol Cabernet High-Potency Eye Serum is the ideal complement to your daily eye care routine. The combination of the 3 main ingredients, Resveratrol ( Pichia/ Resveratrol Ferment Extract), Palmitoyl Oligopeptide and Vitamin C (Ascorbic Acid), will help reduce the visibility of wrinkles and fine lines. The Eye Serum will also improve skin tone and texture, leaving your skin looking rejuvenated, smooth and radiant.', 100.00, 100.00, '1', 23, NULL, 12, 3, 1, '', NULL, NULL, NULL),
	(369, 1, NULL, 'Resveratrol Cabernet High-Potency Celluar Peel', 'The Resveratrol High Potency Cellular Peel is carefully designed to rid the skin of dirt and oils caught beneath the surface. Our unique formula will cleanse the skin without damaging your skin. This cellular peel is formulated with a high dose of Resveratrol to give you all the benefits of this wonderful ingredient. The peel also has visible traces of Nut Shell Powder, which is a natural exfoliant, and Glycerin, to hold in extra moisture, giving you the ultimate hydration. The Resveratrol High potency Cellular Peel will leave your skin feeling fresh and looking radiant.', 100.00, 100.00, '1', 23, NULL, 12, 3, 1, '', NULL, NULL, NULL),
	(370, 1, NULL, 'Resveratrol Cabernet High-Potency Serum', 'This unique, moisturizing serum will leave your skin feeling silky smooth and radiant. Infused with Kelp Extract (Laminaria Digitata), vitamin C derivative (Tetrahexyldecyl Ascorbate) and Sweet Almond Oil (Prunus Amygdalus Dulcis) along with Seaweed Extract (Laminaria Japonica Extract) and Resveratrol Ferment extract, this extraordinary serum will help with the signs of aging.', 100.00, 100.00, '1', 23, NULL, 12, 3, 1, '', NULL, NULL, NULL),
	(371, 1, NULL, 'Resveratrol Cabernet High Potency Powder', 'Resveratrol Cabernet High-Potency Powder is a unique formula which begins as a powder and transforms into a hydrating liquid. Resveratrol Cabernet High-Potency Powder boosts your skin with ingredients such as Vitamin C (Ascorbyl Palmitate) derivative, Green Algae (Hydrolyzed Lola Implexa Extract) and seaweed (Alaria Esculenta Extract). This formula will leave your skin looking radiantly beautiful.', 100.00, 100.00, '1', 23, NULL, 12, 3, 1, '', NULL, NULL, NULL),
	(372, 1, NULL, 'Resveratrol Cabernet 60 Second Eye Solution', 'This innovative new applicator is like a magic wand for youthful eyes. Designed with resveratrol and acetyl hexapeptide-8, this unique 60-second Eye Solution will help you achieve younger looking eyes. The finest ingredients were selected to provide the best results, and the lightly textured formula helps to create a 3-dimensional tightening effect on the appearance of under eye skin.', 100.00, 100.00, '1', 23, NULL, 12, 3, 1, '', NULL, NULL, NULL),
	(373, 1, NULL, 'Cabernet Rejuvenation Facial & Eye Mask', 'The beauty benefits that the compound Resveratrol offers are nearly endless. When applied topically, your skin can soak up all the beautifying benefits of this wondrous ingredient, leaving your skin feeling radiantly smooth and younger looking.', 100.00, 100.00, '1', 23, NULL, 6, 3, 1, '', NULL, NULL, NULL),
	(374, 1, NULL, 'Resveratrol Shiraz Instentic NON Surgical Syringe', 'This advanced formula is packed with powerful ingredients such as Resveratrol Ferment extract, vitamin E (Tocopheryl Acetate) derivative, Hyaluronic Acid and Avocado Oil (Persea Gratissima Oil). Immediately reduce the look of deep wrinkles with this innovative formulation and advanced application method.', 100.00, 100.00, '1', 23, NULL, 12, 3, 1, '', NULL, NULL, NULL),
	(375, 1, NULL, 'Resveratrol Shiraz Instentic Serum', 'This potent skin firming serum was formulated with Sodium Hyaluronate, Dimethylaminoethanol Tartrate, vitamin A (Retinyl Palmitate) derivative and Resveratrol Ferment extract to visibly reduce the look of wrinkled skin. Used regularly, this serum will reduce the appearance of aging, for a more youthful look.', 100.00, 100.00, '1', 23, NULL, 12, 3, 1, '', NULL, NULL, NULL),
	(376, 1, NULL, 'Resveratrol Shiraz Instentic Facelift', 'This cream is the grand finale of the Resveratrol Shiraz Collection. Boost your skin with the trendy ingredient DMAE, Resveratrol Ferment extract and vitamins. This rich yet non-greasy formula will leave your skin feeling firmer and more youthful looking.', 100.00, 100.00, '1', 23, NULL, 12, 3, 1, '', NULL, NULL, NULL),
	(377, 1, NULL, 'Resveratrol Shiraz Instentic Mask', 'This revolutionary mask helps with achieving an immediate youthful appearance. Formulated with derivatives of vitamins A (Retinyl Palmitate) and E (Tocopheryl Acetate), Resveratrol and Seaweed Extract, it will help reduce the appearance of wrinkles and sagging skin, resulting in more youthful, radiant appearance.', 100.00, 100.00, '1', 23, NULL, 12, 3, 1, '', NULL, NULL, NULL),
	(378, 1, NULL, 'Resveratrol Vitamin C Cleanser', 'The Resveratrol Vitamin C Cleanser will leave your skin looking radiant. Formulated with Resveratrol Ferment extract, vitamin C (Ascorbic Acid), vitamin A (Retinyl Palmitate) and Aloe, your skin will feel beautiful and refreshed. Use the Resveratrol Vitamin C Cleanser to achieve a feel of smooth and refreshed skin.', 100.00, 100.00, '1', 23, NULL, 12, 3, 1, '', NULL, NULL, NULL),
	(379, 1, NULL, 'Resveratrol Vitamin C Moisturizer', 'Enrich your skin with ingredients like vitamin C derivatives, Resveratrol ferment extract and pro-vitamin B5 to help moisturize and replenish your appearance. This moisturizer will leave you with a healthier looking complexion.', 100.00, 100.00, '1', 23, NULL, 20, 3, 1, '', NULL, NULL, NULL),
	(380, 1, NULL, 'Resveratrol Vitamin C Peeling', 'Use the Resveratrol Vitamin C Peeling as part of your daily skincare routine to remove traces of makeup, dirt and oil, and reveal a beautiful appearance. Blended with Resveratrol Ferment extract, vitamin C (Ascorbic Acid) and Vitamin A (Retinyl Palmitate) derivatives, your skin is left feeling refreshed and clean.', 100.00, 100.00, '1', 23, NULL, 20, 3, 1, '', NULL, NULL, NULL),
	(381, 1, NULL, 'Resveratrol Vitamin C Serum', 'Resveratrol Vitamin C Serum is infused with Resveratrol Ferment extract, Vitamin A (Retinyl Palmitate) and Vitamin C (Tetrahexyldecyl Ascorbate) derivatives to leave your skin looking radiant. Enjoy the beautifying benefits of this rich serum.', 100.00, 100.00, '1', 23, NULL, 12, 3, 1, '', NULL, NULL, NULL),
	(382, 1, NULL, 'Resveratrol Vitamin C Lip Balm', 'The Resveratrol Vitamin C Lip Balm is infused with potent ingredients to help protect and maintain healthy lips. Let your lips taste nature with healing ingredients like avocado oil, shea butter and vitamin C. Use the Resveratrol Vitamin C Lip Balm to soothe and hydrate chapped lips.', 100.00, 100.00, '1', 23, NULL, 20, 3, 1, '', NULL, NULL, NULL),
	(383, 1, NULL, 'Body Cream', 'Anti-aging skin care doesn’t need to focus only on the face. Use Vine Vera’s luxurious body cream everywhere you want your skin to feel soft, pampered and youthful.', 100.00, 100.00, '1', 23, NULL, 40, 3, 1, '', NULL, NULL, NULL),
	(384, 1, NULL, 'Foot Cream', 'Vine Vera Foot Cream is formulated with shea butter to soften dry, cracked feet and provide hydrating ingredients to skin.', 100.00, 100.00, '1', 23, NULL, 40, 3, 1, '', NULL, NULL, NULL),
	(385, 1, NULL, 'Intensive Body Butter', 'Vine Vera Intensive Shea Body Butter is infused with rich moisturizing ingredients derived from aloe vera, jojoba oil and shea butter to help achieve smoother and softer skin. This unique body butter will leave your skin with a natural looking glow and a revitalized sensation.', 100.00, 100.00, '1', 23, NULL, 24, 3, 1, '', NULL, NULL, NULL),
	(386, 1, NULL, 'Travel Hand Cream', 'Our popular Hand & Body Lotion is also available in a convenient travel size. Experience the pampering benefits of this moisturizer on the go.', 100.00, 100.00, '1', 23, NULL, 70, 3, 1, '', NULL, NULL, NULL),
	(387, 1, NULL, 'Facial Renewal Brush System', 'The Facial Renewal Brush System from Vine Vera offers an invigorating spin on exfoliating and cleansing. This gentle yet powerful deep-cleansing and moisturizing dual-brush system helps to both sweep away impurities and rough, dry skin as well as help to deliver optimal benefits and product penetration of your Vine Vera skin care solutions. Signs of dull, lackluster and uneven skin tone are smoothed away to reveal a more youthful-looking and brilliantly balanced complexion.', 100.00, 100.00, '1', 23, NULL, 5, 3, 1, '', NULL, NULL, NULL),
	(388, 1, NULL, 'Resveratrol Malbec DNA Redefying Serum', 'This revolutionary serum was formulated to change the appearance of aging. Formulated with Acetyl Hexapeptide-8, Green Tea Extract (Camellia Sinensis Leaf Extract) and Resveratrol Ferment extract to reduce the look of aged skin, due to loss of elasticity.', 100.00, 100.00, '1', 23, NULL, 12, 3, 1, '', NULL, NULL, NULL),
	(389, 1, NULL, 'Resveratrol Malbec DNA Redefying Cream', 'This unique cream will leave your skin feeling silky smooth and radiant. Formulated with vitamin E (Tocopheryl Acetate) derivative, Sweet Almond Extract (Prunus Amygdalus Dulcis), Seaweed extract (Laminaria Japonica Extract) along with Resveratrol Ferment extract, this fabulous cream will help reduce signs of aging.', 100.00, 100.00, '1', 23, NULL, 12, 3, 1, '', NULL, NULL, NULL),
	(390, 1, NULL, 'Resveratrol Malbec DNA Biology Emulsion', 'Discover smoother, younger-looking skin with these beautifying capsules. Clinical analysis shows that the effect from the Resveratrol Malbec DNA Biology Emulsion is visible in terms of a decreased wrinkle visibility and of an improvement of skin smoothness. Formulated with vegetable oils and Sodium Hyaluronate, this blend will feel like pure silk on your skin.', 100.00, 100.00, '1', 23, NULL, 12, 3, 1, '', NULL, NULL, NULL),
	(391, 1, NULL, 'Resveratrol Malbec DNA Melting Pre-Mask', 'The Malbec DNA Melting Pre-Mask is a transforming blend designed to prepare your skin for the Vine Vera facial mask of your choice. It is formulated with sweet almond oil, vitamins and resveratrol to give the skin a soft, radiant look. The pre-mask melts into a silky oil and then transforms into a clarifying foam to gently remove impurities, maximizing the benefits of any facial mask applied immediately after.', 100.00, 100.00, '1', 23, NULL, 12, 3, 1, '', NULL, NULL, NULL),
	(392, 1, NULL, 'Resveratrol Malbec Magnetic Mask', 'The Resveratrol Malbec Magnetic Mask renews mature skin for a youthful and luminous appearance. Using a revolutionary technology, the Magnetic Mask delivers a potent dose of anti-aging oils and botanicals directly to your skin, leaving it lustrous and sumptuously soft.', 100.00, 100.00, '1', 23, NULL, 20, 3, 1, '', NULL, NULL, NULL),
	(393, 1, NULL, 'ADVANCED MANICURE SET', 'An Exquisite Manicure set that is ideal for salon quality results at home. In two easy steps, meet all your beauty needs without a lot of time and effort.', 100.00, 100.00, '1', 23, NULL, 20, 3, 1, '', NULL, NULL, NULL),
	(394, 1, NULL, 'Body Scrub', NULL, 100.00, 100.00, '1', 23, NULL, 24, 3, 1, '', NULL, NULL, NULL),
	(395, 1, NULL, 'Exquisite Manicure Set', NULL, 100.00, 100.00, '1', 23, NULL, 20, 3, 1, '', NULL, NULL, NULL),
	(396, 1, NULL, 'Body Soap', NULL, 100.00, 100.00, '1', 23, NULL, 50, 3, 1, '', NULL, NULL, NULL),
	(397, 1, NULL, 'Elastique Energy Masque', 'The Elastique Energy Masque is a unique device that uses LED light technology to address an array of skin concerns. It uses blue, amber, and red LED lights.', 100.00, 100.00, '1', 23, NULL, 4, 3, 1, '', NULL, NULL, NULL),
	(398, 1, NULL, 'Beauty Suitcase', NULL, 100.00, 100.00, '1', 23, NULL, 2, 3, 1, '', NULL, NULL, NULL),
	(399, 1, NULL, 'Sample Day Cream', NULL, 100.00, 100.00, '1', 23, NULL, 1440, 3, 1, '', NULL, NULL, NULL),
	(400, 1, NULL, 'Resveratrol Vitamin C Serum Small Sample', NULL, 100.00, 100.00, '1', 23, NULL, 1500, 3, 1, '', NULL, NULL, NULL),
	(401, 1, NULL, 'Mini Organza Bags', NULL, 100.00, 100.00, '1', 23, NULL, 2000, 3, 1, '', NULL, NULL, NULL),
	(402, 1, NULL, 'Organza Bag for Gift Set', NULL, 100.00, 100.00, '1', 23, NULL, 50, 3, 1, '', NULL, NULL, NULL),
	(403, 1, NULL, 'Small Plastic Bags', NULL, 100.00, 100.00, '1', 23, NULL, 500, 3, 1, '', NULL, NULL, NULL),
	(404, 1, NULL, 'Plastic Bags', NULL, 100.00, 100.00, '1', 23, NULL, 500, 3, 1, '', NULL, NULL, NULL),
	(405, 1, NULL, 'Medium Paper Bag', NULL, 100.00, 100.00, '1', 23, NULL, 100, 3, 1, '', NULL, NULL, NULL),
	(406, 1, NULL, 'Chianti Paper Bag', NULL, 100.00, 100.00, '1', 23, NULL, 100, 3, 1, '', NULL, NULL, NULL),
	(407, 1, NULL, 'Pinot Noir Paper Bag', NULL, 100.00, 100.00, '1', 23, NULL, 100, 3, 1, '', NULL, NULL, NULL),
	(408, 1, NULL, 'Shiraz Paper Bag', NULL, 100.00, 100.00, '1', 23, NULL, 100, 3, 1, '', NULL, NULL, NULL),
	(409, 1, NULL, 'Malbec Big Paper Bag', NULL, 100.00, 100.00, '1', 23, NULL, 100, 3, 1, '', NULL, NULL, NULL),
	(410, 1, NULL, 'Cabernet Big Paper Bag', NULL, 100.00, 100.00, '1', 23, NULL, 100, 3, 1, '', NULL, NULL, NULL),
	(411, 1, NULL, 'XXL Paper Bag for Suitcase', NULL, 100.00, 100.00, '1', 23, NULL, 25, 3, 1, '', NULL, NULL, NULL),
	(412, 1, NULL, 'Perfectio Gold', 'The limited edition has a combination of more powerful Infrared LEDs that will provide deeper and more effective treatment to all skin layers. The Perfectio plus comes with a lifetime warranty for both online and in store customers. The most powerful home use anti-wrinkle device.', 100.00, 100.00, '1', 15, NULL, 20, 3, 1, '', NULL, NULL, NULL),
	(413, 1, NULL, 'Perfectio Gold & Blue', 'Inside the pro luxury kit, you get the Perfectio Plus and Sapphire for your ultimate treat. A combination of red light therapy with blue light therapy for full body treatment and protection.', 100.00, 100.00, '1', 15, NULL, 5, 3, 1, '', NULL, NULL, NULL),
	(414, 1, NULL, 'Perfectio Blue', 'The Sapphire blue light is safe and effective skin care technology that helps your skin to look clearer and will minimize the appearance of blemishes. The Sapphire uses blue light therapy and topical heat to disinfect, detoxifies and eliminates bacteria under the skin, by that revealing a smoother healthier complexion that will help your skin tone to appear more even.', 100.00, 100.00, '1', 15, NULL, 20, 3, 1, '', NULL, NULL, NULL),
	(415, 1, NULL, 'Perfectio X Gell', 'Red Algae\'s main benefit is its ability to promote healthy circulation in the body, regulate blood sugar ,It is also a rich source of calcium and magnesium so it contributes to bone health and since it is loaded with antioxidants it helps boost the immune system and nourishes the skin.', 100.00, 100.00, '1', 15, NULL, 20, 3, 1, '', NULL, NULL, NULL),
	(416, 1, NULL, 'Elevare Skin Ivory', 'Give your skin the ultimate glow with Ivory, the newest skincare device from Elevare.', 100.00, 100.00, '1', 15, NULL, 20, 3, 1, '', NULL, NULL, NULL),
	(417, 1, NULL, 'Elevare Skin Gold', 'Clinically proven and dermatologist recommended, the Elevare Plus + uses red and infrared light and topical heating to rejuvenate the skin – all without side effects.', 100.00, 100.00, '1', 15, NULL, 20, 3, 1, '', NULL, NULL, NULL),
	(418, 1, NULL, 'Elevare Skin Silver', 'Clinically proven and dermatologist recommended, the Elevare Limited Edition uses red and infrared light as well as topical heating to rejuvenate the skin – all without side effects.', 100.00, 100.00, '1', 15, NULL, 20, 3, 1, '', NULL, NULL, NULL),
	(419, 1, NULL, 'Grandio Device', 'Grandio is a self-treatment device designed to deal with hair loss, thinning hair and baldness. By using the Grandio device for just 5 to 8 minutes a day at home, in the office or anywhere else, you will see amazing results in just a few months.', 100.00, 100.00, '1', 15, NULL, 6, 3, 1, '', NULL, NULL, NULL),
	(420, 1, NULL, 'Cartridge Short', 'Replaceable cartridge for GRANDIO device. 2 options according to your hair length. 8 Discs Short Hair Cartridge or 4 Discs Long Hair Cartridge', 100.00, 100.00, '1', 15, NULL, NULL, 3, 1, '', NULL, NULL, NULL),
	(421, 1, NULL, 'Cartridge Long', 'Replaceable cartridge for GRANDIO device. 2 options according to your hair length. 8 Discs Short Hair Cartridge or 4 Discs Long Hair Cartridge', 100.00, 100.00, '1', 15, NULL, NULL, 3, 1, '', NULL, NULL, NULL);
/*!40000 ALTER TABLE `products` ENABLE KEYS */;

-- Copiando estrutura para tabela wholesales.product_brands
CREATE TABLE IF NOT EXISTS `product_brands` (
  `id` int(11) NOT NULL AUTO_INCREMENT,
  `name` varchar(255) DEFAULT NULL,
  `route` varchar(255) DEFAULT NULL,
  `created_at` datetime DEFAULT NULL,
  `updated_at` datetime DEFAULT NULL,
  `active` bit(1) DEFAULT NULL,
  PRIMARY KEY (`id`)
) ENGINE=InnoDB AUTO_INCREMENT=56 DEFAULT CHARSET=latin1;

-- Copiando dados para a tabela wholesales.product_brands: ~55 rows (aproximadamente)
/*!40000 ALTER TABLE `product_brands` DISABLE KEYS */;
INSERT IGNORE INTO `product_brands` (`id`, `name`, `route`, `created_at`, `updated_at`, `active`) VALUES
	(1, 'ADORE', 'adore', '2019-05-30 15:54:34', '2019-05-30 15:54:34', b'1'),
	(2, 'X', 'x', '2019-05-30 15:54:34', '2019-05-30 15:54:34', b'1'),
	(3, 'OTHER', 'other', '2019-05-30 15:54:34', '2019-05-30 15:54:34', b'1'),
	(4, 'DOR24K', 'dor24k', '2019-05-30 15:54:34', '2019-05-30 15:54:34', b'1'),
	(5, 'EVALECTRIC', 'evalectric', '2019-05-30 15:54:34', '2019-05-30 15:54:34', b'1'),
	(6, 'NUBI', 'nubi', '2019-05-30 15:54:34', '2019-05-30 15:54:34', b'1'),
	(7, 'VENOFYE', 'venofye', '2019-05-30 15:54:34', '2019-05-30 15:54:34', b'1'),
	(8, 'VINEVERA', 'vinivera', '2019-05-30 15:54:34', '2019-05-30 15:54:34', b'1'),
	(9, 'ELEGANT SLEEP', 'elegant-sleep', '2019-05-30 15:54:34', '2019-05-30 15:54:34', b'1'),
	(10, 'CELESTOLITE', 'celestolite', '2019-05-30 15:54:34', '2019-05-30 15:54:34', b'1'),
	(11, 'EVALETRIC', 'evalectric', '2019-05-30 15:54:34', '2019-05-30 15:54:34', b'1'),
	(12, 'EVOLUTION', 'evolution', '2019-05-30 15:54:34', '2019-05-30 15:54:34', b'1'),
	(13, 'JUVINESSE', 'juvinesse', '2019-05-30 15:54:34', '2019-05-30 15:54:34', b'1'),
	(14, 'SOLEIL', 'soleil', '2019-05-30 15:54:34', '2019-05-30 15:54:34', b'1'),
	(15, 'ZERO GRAVITY', 'zero-gravity', '2019-05-30 15:54:34', '2019-05-30 15:54:34', b'1'),
	(16, 'OROGOLD', 'orogold', '2019-05-30 15:54:34', '2019-05-30 15:54:34', b'1'),
	(17, 'ROYAL HONEY', 'royal-honey', '2019-05-30 15:54:34', '2019-05-30 15:54:34', b'1'),
	(18, 'ARGANMIDAS', 'arganmidas', '2019-05-30 15:54:34', '2019-05-30 15:54:34', b'1'),
	(19, 'POSH', 'posh', '2019-05-30 15:54:34', '2019-05-30 15:54:34', b'1'),
	(20, 'THE BEAN PEOPLE', 'the-bean-people', '2019-05-30 15:54:34', '2019-05-30 15:54:34', b'1'),
	(21, 'ROYAL BEE', 'royal-bee', '2019-05-30 15:54:34', '2019-05-30 15:54:34', b'1'),
	(22, 'BELLA PIERRE', 'bella-perre', '2019-05-30 15:54:34', '2019-05-30 15:54:34', b'1'),
	(23, 'VINE VERA', 'vine-vera', '2019-05-30 15:54:34', '2019-05-30 15:54:34', b'1'),
	(24, 'HAIROUND', 'hairound', '2019-05-30 15:54:34', '2019-05-30 15:54:34', b'1'),
	(25, 'THERAPY DNA', 'therapy-dna', '2019-05-30 15:54:34', '2019-05-30 15:54:34', b'1'),
	(26, 'LIONESSE', 'lionesse', '2019-05-30 15:54:34', '2019-05-30 15:54:34', b'1'),
	(27, 'PYT', 'pyt', '2019-05-30 15:54:34', '2019-05-30 15:54:34', b'1'),
	(28, 'CHA CHA', 'cha-cha', '2019-05-30 15:54:34', '2019-05-30 15:54:34', b'1'),
	(29, 'KRISTALS', 'kristals', '2019-05-30 15:54:34', '2019-05-30 15:54:34', b'1'),
	(30, 'PARFUM', 'parfum', '2019-05-30 15:54:34', '2019-05-30 15:54:34', b'1'),
	(31, 'DYNAMIC LABS', 'dynamic-labs', '2019-05-30 15:54:34', '2019-05-30 15:54:34', b'1'),
	(32, 'ELEVARE', 'elevare', '2019-05-30 15:54:34', '2019-05-30 15:54:34', b'1'),
	(33, 'EMMA', 'emma', '2019-05-30 15:54:34', '2019-05-30 15:54:34', b'1'),
	(34, 'EMPIRE', 'empire', '2019-05-30 15:54:34', '2019-05-30 15:54:34', b'1'),
	(35, 'FLIP N GO', 'flip-n-go', '2019-05-30 15:54:34', '2019-05-30 15:54:34', b'1'),
	(36, 'FOREVER FLAWLESS', 'forever-flawless', '2019-05-30 15:54:34', '2019-05-30 15:54:34', b'1'),
	(37, 'ZERO GRAVITY SKIN', 'zero-gravity-skin', '2019-05-30 15:54:34', '2019-05-30 15:54:34', b'1'),
	(38, 'HERSTYLER', 'herstyler', '2019-05-30 15:54:34', '2019-05-30 15:54:34', b'1'),
	(39, 'HAIREGEN', 'hairegen', '2019-05-30 15:54:34', '2019-05-30 15:54:34', b'1'),
	(40, 'HEAT IN A CLICK', 'heat-in-a-click', '2019-05-30 15:54:34', '2019-05-30 15:54:34', b'1'),
	(41, 'HERMES', 'hermes', '2019-05-30 15:54:34', '2019-05-30 15:54:34', b'1'),
	(42, 'HRS', 'hrs', '2019-05-30 15:54:34', '2019-05-30 15:54:34', b'1'),
	(43, 'INFINITY', 'infinity', '2019-05-30 15:54:34', '2019-05-30 15:54:34', b'1'),
	(44, 'JEWELS', 'jewels', '2019-05-30 15:54:34', '2019-05-30 15:54:34', b'1'),
	(45, 'MICABELLA', 'micabella', '2019-05-30 15:54:34', '2019-05-30 15:54:34', b'1'),
	(46, 'MOROCCAN ARGAN OIL', 'moroccan-argan-oil', '2019-05-30 15:54:34', '2019-05-30 15:54:34', b'1'),
	(47, 'OPATRA', 'opatra', '2019-05-30 15:54:34', '2019-05-30 15:54:34', b'1'),
	(48, 'RESVERALIFE', 'resveralife', '2019-05-30 15:54:34', '2019-05-30 15:54:34', b'1'),
	(49, 'ROYALE', 'royale', '2019-05-30 15:54:34', '2019-05-30 15:54:34', b'1'),
	(50, 'SUTRA', 'sutra', '2019-05-30 15:54:34', '2019-05-30 15:54:34', b'1'),
	(51, 'SHE EXTENSIONS', 'she-extensions', '2019-05-30 15:54:34', '2019-05-30 15:54:34', b'1'),
	(52, 'VIVO PER LEI', 'vivo-per-lei', '2019-05-30 15:54:34', '2019-05-30 15:54:34', b'1'),
	(53, 'Everything', 'everything', NULL, NULL, NULL),
	(54, 'marco', 'marco', NULL, NULL, NULL),
	(55, 'TESTING', 'testings', NULL, NULL, b'0');
/*!40000 ALTER TABLE `product_brands` ENABLE KEYS */;

-- Copiando estrutura para tabela wholesales.product_categories
CREATE TABLE IF NOT EXISTS `product_categories` (
  `id` int(11) NOT NULL AUTO_INCREMENT,
  `name` varchar(50) DEFAULT NULL,
  `route` varchar(50) DEFAULT NULL,
  `active` bit(1) DEFAULT NULL,
  `description` varchar(255) DEFAULT NULL,
  PRIMARY KEY (`id`)
) ENGINE=InnoDB AUTO_INCREMENT=55 DEFAULT CHARSET=latin1;

-- Copiando dados para a tabela wholesales.product_categories: ~2 rows (aproximadamente)
/*!40000 ALTER TABLE `product_categories` DISABLE KEYS */;
INSERT IGNORE INTO `product_categories` (`id`, `name`, `route`, `active`, `description`) VALUES
	(53, 'teste', '', b'0', 'tester'),
	(54, 'Hairound', NULL, b'1', NULL);
/*!40000 ALTER TABLE `product_categories` ENABLE KEYS */;

-- Copiando estrutura para tabela wholesales.product_categories_old
CREATE TABLE IF NOT EXISTS `product_categories_old` (
  `id` int(11) NOT NULL AUTO_INCREMENT,
  `name` varchar(50) DEFAULT NULL,
  PRIMARY KEY (`id`)
) ENGINE=InnoDB AUTO_INCREMENT=48 DEFAULT CHARSET=latin1;

-- Copiando dados para a tabela wholesales.product_categories_old: ~47 rows (aproximadamente)
/*!40000 ALTER TABLE `product_categories_old` DISABLE KEYS */;
INSERT IGNORE INTO `product_categories_old` (`id`, `name`) VALUES
	(1, 'ADORE'),
	(2, 'ARGANMIDAS'),
	(3, 'BELLA PIERRE'),
	(4, 'CELESTOLITE'),
	(5, 'CHA CHA'),
	(6, 'D\'OR24K'),
	(7, 'DYNAMIC LABS'),
	(8, 'ELEGANT SLEEP'),
	(9, 'ELEVARE'),
	(10, 'EMMA'),
	(11, 'EMPIRE'),
	(12, 'EVALECTRIC'),
	(13, 'EVOLUTION'),
	(14, 'FOREVER FLAWLESS'),
	(15, 'HAIREGEN'),
	(16, 'HAIROUND'),
	(17, 'HEAT IN A CLICK'),
	(18, 'HERMES'),
	(19, 'HERSTYLER'),
	(20, 'HRS'),
	(21, 'INFINITY'),
	(22, 'JEWELS'),
	(23, 'JUVINESSE'),
	(24, 'KRISTALS'),
	(25, 'MICABELLA'),
	(26, 'MOROCCAN ARGAN OIL'),
	(27, 'NUBI'),
	(28, 'OPATRA'),
	(29, 'OROGOLD'),
	(30, 'OTHER'),
	(31, 'PARFUM'),
	(32, 'POSH'),
	(33, 'PYT'),
	(34, 'ROYAL BEE'),
	(35, 'RESVERALIFE'),
	(36, 'SHE EXTENSIONS'),
	(37, 'SOLEIL'),
	(38, 'SUTRA'),
	(39, 'THE BEAN PEOPLE'),
	(40, 'THERAPY DNA'),
	(41, 'VENOFYE'),
	(42, 'VINE VERA'),
	(43, 'VINEVERA'),
	(44, 'VIVO PER LEI'),
	(45, 'X'),
	(46, 'ZERO GRAVITY'),
	(47, 'ZERO GRAVITY SKIN');
/*!40000 ALTER TABLE `product_categories_old` ENABLE KEYS */;

-- Copiando estrutura para tabela wholesales.product_images
CREATE TABLE IF NOT EXISTS `product_images` (
  `id` int(11) NOT NULL AUTO_INCREMENT,
  `name` longtext,
  `original_name` longtext,
  `extension` longtext,
  `user_id` int(11) DEFAULT NULL,
  `product_id` int(11) DEFAULT NULL,
  `location` longtext,
  PRIMARY KEY (`id`)
) ENGINE=InnoDB AUTO_INCREMENT=833 DEFAULT CHARSET=latin1;

-- Copiando dados para a tabela wholesales.product_images: ~720 rows (aproximadamente)
/*!40000 ALTER TABLE `product_images` DISABLE KEYS */;
INSERT IGNORE INTO `product_images` (`id`, `name`, `original_name`, `extension`, `user_id`, `product_id`, `location`) VALUES
	(81, '220126201905085cd351b6c00ec', 'OROGOLD-24K-Bio-Brightening-Pigment-Balancing-Mask-1.png', 'png', 1, 86, 'app/uploads/dLBHNYEF01c8xgcYeVlco8LelH7t24mJox2bNFIw.jpg'),
	(82, '220131201905085cd351bb91133', 'OROGOLD-24K-Bio-Brightening-Pigment-Balancing-Mask-3.png', 'png', 1, 86, 'app/uploads/vMYC3c7ifVin8ACQbZpsEtUc6wyCyx1iyhllSxpu.jpg'),
	(83, '220136201905085cd351c049b11', 'OROGOLD-24K-Bio-Brightening-Pigment-Balancing-Mask-2.png', 'png', 1, 86, 'app/uploads/c3mwusn2ZqU5HtJFog40Z9HjRYJ0M7jFOfs45J7i.jpg'),
	(84, '220140201905085cd351c485758', 'OROGOLD-24K-Bio-Brightening-Pigment-Balancing-Mask-4.png', 'png', 1, 86, 'app/uploads/77WEZWxoCjrvINJCVDWtAmO8W1NrGAfnnXjngLRd.jpg'),
	(85, '220216201905085cd351e87dbfb', 'OROGOLD-24K-Bio-Brightening-Dark-Spot-Solution-2 (1).png', 'png', 1, 85, 'app/uploads/tLntCkd2rWRdCsTpxticMPx0GsL8LkIMMr6ZsfpE.jpg'),
	(86, '220221201905085cd351edc01b7', 'OROGOLD-24K-Bio-Brightening-Dark-Spot-Solution-1.png', 'png', 1, 85, 'app/uploads/41rjn7yjU1TjCzezMONEEKMf0sAOmDANjkZKpDbv.jpg'),
	(87, '220228201905085cd351f41ad11', 'OROGOLD-24K-Bio-Brightening-Dark-Spot-Solution-3.png', 'png', 1, 85, 'app/uploads/OZp6wDiLYV9VUeEtedyDS3JPuYbZ1ikuPvg4ISNd.jpg'),
	(88, '220952201905085cd353b04c358', 'OROGOLD-24K-Bio-Brightening-Skin-Tone-Moisturizer-SPF-30-1.png', 'png', 1, 84, 'app/uploads/sHRB3Mzosi2mHzDlwqWLxvUflh2HclZU65zYGllz.jpg'),
	(89, '220956201905085cd353b4e3d3b', 'OROGOLD-24K-Bio-Brightening-Skin-Tone-Moisturizer-SPF-30-3.png', 'png', 1, 84, 'app/uploads/KuQC6dsL9SMpM0imzZgpbhuO8EcFi2ehFEav0lRL.jpg'),
	(90, '221002201905085cd353bac3d74', 'OROGOLD-24K-Bio-Brightening-Skin-Tone-Moisturizer-SPF-30-2.png', 'png', 1, 84, 'app/uploads/eTrLCaMI0911IGSWGIcW4RQdeHmcVmLT3eOPrpO8.jpg'),
	(91, '221012201905085cd353c408e2b', 'OROGOLD-24K-Bio-Brightening-Skin-Tone-Moisturizer-SPF-30-4.png', 'png', 1, 84, 'app/uploads/xMOvhJfR5n1ZxV5jnVySuniIgxfI208w0IncIrZB.jpg'),
	(92, '221602201905085cd3552260a0f', 'OROGOLD-24K-Collagen-and-Seaeweed-Mask.png', 'png', 1, 87, 'app/uploads/ks08h5kRHYpf3C8ZaoD4oIp6fQgcvkZxVH4zSrnq.jpg'),
	(93, '221607201905085cd3552722616', 'OROGOLD-24K-Collagen-and-Seaeweed-Mask-3.png', 'png', 1, 87, 'app/uploads/C5WXU11YsXFhhgy1b8nmdujbpNPGEJuYPlNtluO9.jpg'),
	(94, '221611201905085cd3552ba8533', 'OROGOLD-24K-Collagen-and-Seaeweed-Mask-2.png', 'png', 1, 87, 'app/uploads/HsmsV1iyuqWBwIBZp284q3fvrDAAhgiALtg3O6ZK.jpg'),
	(95, '221616201905085cd3553093684', 'OROGOLD-24K-Collagen-and-Seaeweed-Mask-4.png', 'png', 1, 87, 'app/uploads/NTF920PADT8SzBBb87bhvf8Hq2muGyvlD4IzFPwR.jpg'),
	(96, '221853201905085cd355cd6c27f', 'OROGOLD-24K-Collagen-Renewal-Cream-1.png', 'png', 1, 88, 'app/uploads/Rc1nOaekfDBXx6UnF4eX9xKyLppBICSgBi8iY6ky.jpg'),
	(97, '221857201905085cd355d161540', 'OROGOLD-24K-Collagen-Renewal-Cream-3.png', 'png', 1, 88, 'app/uploads/qgsPzplQiLASHxZ41U876kcjPnqAoHdaBuAxbouf.jpg'),
	(98, '221902201905085cd355d6c3453', 'OROGOLD-24K-Collagen-Renewal-Cream-2.png', 'png', 1, 88, 'app/uploads/6fJKuoX6mJKh86Nv5PmlMgblKVYMCH3xBgZ3jaPY.jpg'),
	(99, '221907201905085cd355db493eb', 'OROGOLD-24K-Collagen-Renewal-Cream-4.png', 'png', 1, 88, 'app/uploads/38dC0Esb4xvnSm0PClePprUatCPxiUlCzdoJ89pq.jpg'),
	(100, '222220201905085cd3569c38aa5', 'OROGOLD-24K-Collagen-Renewal-Serum-1.png', 'png', 1, 89, 'app/uploads/0MIIRD63PEOg3M35oZbDfE3JJRVsmKkz8AE2QFln.jpg'),
	(101, '222224201905085cd356a05bfc4', 'OROGOLD-24K-Collagen-Renewal-Serum-2.png', 'png', 1, 89, 'app/uploads/XwGs2xM2OdWosstZsiW08MsQMyHsa5TnDYtwKAUO.jpg'),
	(102, '222228201905085cd356a48cc18', 'OROGOLD-24K-Collagen-Renewal-Serum-3.png', 'png', 1, 89, 'app/uploads/xEnWGn7cflydysgm9FOrOk6ET1LkaIfTqgVIrS0W.jpg'),
	(103, '222427201905085cd3571b56a0f', 'OROGOLD-24K-Collagen-Pre-Mask-1.png', 'png', 1, 90, 'app/uploads/zNEvTMFYHoI9qvLsuqaY8AK2r3DAnMFa8gFmf3JC.jpg'),
	(104, '222431201905085cd3571f6160a', 'OROGOLD-24K-Collagen-Pre-Mask-2.png', 'png', 1, 90, 'app/uploads/XC2glr0WicO2dRppdtrRuJf21H2wyvaZIcYvUQD0.jpg'),
	(105, '222435201905085cd35723e36ca', 'OROGOLD-24K-Collagen-Pre-Mask-3.png', 'png', 1, 90, 'app/uploads/iC8npXB6wY1NO5N4A8dbRICkUJJ3fUOZYof36WCi.jpg'),
	(106, '222850201905085cd3582220d5b', 'OROGOLD-24K-DMAE-Bodylift-Cream-1.png', 'png', 1, 91, 'app/uploads/KViDxoKnR1uLN54EoMeL2q6DfKTU4gkhzadmc3Pi.jpg'),
	(107, '222858201905085cd3582a00c8b', 'OROGOLD-24K-DMAE-Bodylift-Cream-2.png', 'png', 1, 91, 'app/uploads/0NmALIliyzbN1k7QyUusrNoNYq0aS5g7HbYM7OR8.jpg'),
	(110, '222951201905085cd3585fd6002', 'OROGOLD-24K-DMAE-Bodylift-Cream-3.png', 'png', 1, 91, 'app/uploads/jiKrzCfDufj0X5AbQ95gnQksy87LEzaBZfrcVsLv.jpg'),
	(111, '223016201905085cd35878970c6', 'OROGOLD-24K-DMAE-Bodylift-Cream-4.png', 'png', 1, 91, 'app/uploads/8NQfFs4aOCSj54BdrtnmrR0zWOMeoXtCiEPvdZaG.jpg'),
	(112, '223252201905085cd35914079f0', 'OROGOLD-24K-DMAE-Deep-Wrinkle-Tightening-Solution-1.png', 'png', 1, 92, 'app/uploads/z0oDhLMoo2Hi4QkaXPnQOPMDKvs2F1MsbExVCpjG.jpg'),
	(113, '223311201905085cd35927ec143', 'OROGOLD-24K-DMAE-Deep-Wrinkle-Tightening-Solution-2.png', 'png', 1, 92, 'app/uploads/cG6vkmF7w63aoT2L5OB8XFJNVcChdkn3wUF5YARk.jpg'),
	(114, '223317201905085cd3592d2db2e', 'OROGOLD-24K-DMAE-Deep-Wrinkle-Tightening-Solution-3.png', 'png', 1, 92, 'app/uploads/gCFqQUpAou4ZAeQPvCJ23q6Drz6JMmEsZBcuLOK5.jpg'),
	(115, '223547201905085cd359c37b468', 'OROGOLD-24K-DMAE-Lifting-Firming-Cream-1.png', 'png', 1, 93, 'app/uploads/NN1vJfv05L1SG7bLs8aq9jsLxG3ZoIgEoUVPPa37.jpg'),
	(116, '223552201905085cd359c876584', 'OROGOLD-24K-DMAE-Lifting-Firming-Cream-3.png', 'png', 1, 93, 'app/uploads/LDyzWNT48bJAvFnVUBZVfhX3FM3WgLjDLhT7cpR9.jpg'),
	(117, '223557201905085cd359cd50301', 'OROGOLD-24K-DMAE-Lifting-Firming-Cream-2.png', 'png', 1, 93, 'app/uploads/sGyBteITlIcpOaMdhyEZl6ZTxoSxnGWU4kabUfyF.jpg'),
	(118, '223602201905085cd359d2a4106', 'OROGOLD-24K-DMAE-Lifting-Firming-Cream-4.png', 'png', 1, 93, 'app/uploads/NiTVystNBt1tPq6XRNLTUJgqydv1ZTUICEQtv87H.jpg'),
	(119, '223850201905085cd35a7a9ed03', 'OROGOLD-24K-DMAE-Instant-Stretching-Mask-1.png', 'png', 1, 94, 'app/uploads/5TIr5qclVmQ5cngrryJzZNSZB0RZNBKgEuBjLAQI.jpg'),
	(120, '223854201905085cd35a7eb34cc', 'OROGOLD-24K-DMAE-Instant-Stretching-Mask-3.png', 'png', 1, 94, 'app/uploads/Yf6SWBD5ZhPtJevPviqbMrAqiKtsrog1wEWXP3IL.jpg'),
	(121, '223900201905085cd35a840090a', 'OROGOLD-24K-DMAE-Instant-Stretching-Mask-2.png', 'png', 1, 94, 'app/uploads/jjUJs1H1UwhDgfz4RWjP0grTj9bf10Dlu1BAbtLl.jpg'),
	(122, '223905201905085cd35a8920857', 'OROGOLD-24K-DMAE-Instant-Stretching-Mask-4.png', 'png', 1, 94, 'app/uploads/ZGVhceRwtWY8o0h1D1qO3Lt6bwdqp3pkLPS3OTS3.jpg'),
	(123, '224154201905085cd35b32c69fa', 'OROGOLD-24K-Vitamin-C-Booster-Facial-Serum-1.png', 'png', 1, 95, 'app/uploads/RjLGWQdpTLox99aT58X0mGzjfrbq0bcYhouPILSH.jpg'),
	(124, '224159201905085cd35b37e796e', 'OROGOLD-24K-Vitamin-C-Booster-Facial-Serum-2.png', 'png', 1, 95, 'app/uploads/lxJiFq9ZfDIkLrEZh5eVJuvQLi1ks4cYg4DzCn90.jpg'),
	(125, '224326201905085cd35b8e94947', 'OROGOLD-24K-Vitamin-C-Facial-Cleanser-1.png', 'png', 1, 96, 'app/uploads/Rf5FhqY9M5iraXe8JqIYBVYvPEbUZN0l4XheAjfa.jpg'),
	(126, '224333201905085cd35b95a532a', 'OROGOLD-24K-Vitamin-C-Facial-Cleanser-2.png', 'png', 1, 96, 'app/uploads/XCZ7MzOejcMIVtXVuQSxlRThXwQymUIWwLOFevUW.jpg'),
	(127, '224337201905085cd35b99b16bf', 'OROGOLD-24K-Vitamin-C-Facial-Cleanser-3.png', 'png', 1, 96, 'app/uploads/0fdZDbbZm1rmPHID7AZOcXd1aCXHuXoXWLG8P1PQ.jpg'),
	(128, '224619201905085cd35c3b7e7a7', 'OROGOLD-White-Gold-24K-Multi-Vitamin-Deep-Peeling-1.png', 'png', 1, 97, 'app/uploads/iRzt4JVpJJHD73nP1CIsbVP8HPdSYUuC4cQFwgQj.jpg'),
	(129, '224624201905085cd35c40c4067', 'OROGOLD-White-Gold-24K-Multi-Vitamin-Deep-Peeling-2.png', 'png', 1, 97, 'app/uploads/zcQOBohYxCWa6789Ptfv6396Bk0cSJPN0IyOk8hp.jpg'),
	(130, '224629201905085cd35c45edcdf', 'OROGOLD-White-Gold-24K-Multi-Vitamin-Deep-Peeling-3.png', 'png', 1, 97, 'app/uploads/JflEmtnNpJWNd4kzKsO0Fcomk1b5Mtlx90AEfUbu.jpg'),
	(131, '224825201905085cd35cb930122', 'OROGOLD-White-Gold-24K-Deep-Moisturizer-1.png', 'png', 1, 98, 'app/uploads/nVNtteshaPRXSr2spY3c16NyRPVHEBExK8gnKP8E.jpg'),
	(132, '224829201905085cd35cbd71993', 'OROGOLD-White-Gold-24K-Deep-Moisturizer-3.png', 'png', 1, 98, 'app/uploads/3GsmXlBUOrUbzCyiRrEW5OyOU9yhE2DKHvj9n36Z.jpg'),
	(133, '224834201905085cd35cc2d3546', 'OROGOLD-White-Gold-24K-Deep-Moisturizer-2.png', 'png', 1, 98, 'app/uploads/R3WjZve44FMHlXpjr2iphuF50qOIIKMSAkrWEIjs.jpg'),
	(134, '224839201905085cd35cc7884aa', 'OROGOLD-White-Gold-24K-Deep-Moisturizer-4.png', 'png', 1, 98, 'app/uploads/lZNJOSBleRHnwbLBH45uVQmSlRssiux6QtZZvgsq.jpg'),
	(135, '225032201905085cd35d3885866', 'OROGOLD-White-Gold-24k-Overnight-Cream-1-1.png', 'png', 1, 99, 'app/uploads/ne7Do2vqGwcGxTNtdOO1FIU9F0231V6cwXufIxSs.jpg'),
	(136, '225038201905085cd35d3e524f9', 'OROGOLD-White-Gold-24k-Overnight-Cream-5-1.png', 'png', 1, 99, 'app/uploads/KN5QrLi9BqYf5J2CYMgZ9mHY85hQpKNtAszU1PYF.jpg'),
	(137, '225043201905085cd35d4321dc8', 'OROGOLD-White-Gold-24k-Overnight-Cream-4-1.png', 'png', 1, 99, 'app/uploads/ApXBR273ZhSrW2oBYXrVo6Pqu5ACFZitTYGJ4fJh.jpg'),
	(138, '225048201905085cd35d48a8112', 'OROGOLD-White-Gold-24k-Overnight-Cream-3-1.png', 'png', 1, 99, 'app/uploads/ngZvxs6Kdl8T9bJrKIpdci1E9tAVQC9Jpo5RAT0k.jpg'),
	(139, '225053201905085cd35d4d89d85', 'OROGOLD-White-Gold-24k-Overnight-Cream-2-1.png', 'png', 1, 99, 'app/uploads/vTcZUoELxvCg1PaVsOraLg9wmEKfERagFG1GILaR.jpg'),
	(140, '225239201905085cd35db7e9a9f', 'body-butter-1-1.jpg', 'jpeg', 1, 100, 'app/uploads/uOQ04NkA6WVap316f58PZJ03Y3VBwjdC9IT6eU2O.jpg'),
	(141, '225244201905085cd35dbcf13f6', 'body-butter-2-1.jpg', 'jpeg', 1, 100, 'app/uploads/fnV9fTo3yqEoEKtNR4iTatj0WrDkoJnXzHLdQdNG.jpg'),
	(142, '225249201905085cd35dc1d5629', 'body-butter-3-1.jpg', 'jpeg', 1, 100, 'app/uploads/CvjB8o1OIB6UoM0gp7MTw4Dfz9QYW4VsVSQw83Vw.jpg'),
	(143, '225418201905085cd35e1a4d9a2', 'OROGOLD-White-Gold-24K-Classic-Body-Scrub-1.png', 'png', 1, 101, 'app/uploads/eEKxWgzI7i59ORFlqZn3MuWSzYIVm7t9YeSYUEh2.jpg'),
	(144, '225422201905085cd35e1eb7332', 'OROGOLD-White-Gold-24K-Classic-Body-Scrub-2.png', 'png', 1, 101, 'app/uploads/HZzrIdbuHk6xzqsc9cEgjdCQcOPEkVRn5eQU6tUQ.jpg'),
	(145, '225427201905085cd35e237e160', 'OROGOLD-White-Gold-24K-Classic-Body-Scrub-3.png', 'png', 1, 101, 'app/uploads/iAQPVOOKoVCuChfEPS3NkeL5l1k5YdkRLu0vvGgS.jpg'),
	(146, '225629201905085cd35e9d98655', 'OROGOLD-White-Gold-24K-Mousse-Cleanser-1.png', 'png', 1, 102, 'app/uploads/v8oETIjIcvOn4iVVRsXCTMopvWUBNvXQMaTmYsuM.jpg'),
	(147, '225634201905085cd35ea215128', 'OROGOLD-White-Gold-24K-Mousse-Cleanser-2.png', 'png', 1, 102, 'app/uploads/SHDwLBktqYhbaHnpsao7p8jenntVs3egHGz92y3d.jpg'),
	(148, '225638201905085cd35ea68763e', 'OROGOLD-White-Gold-24K-Mousse-Cleanser-4.png', 'png', 1, 102, 'app/uploads/CzU1TawPHhZ6r0IVpFmF87lz7GVxykZizIGvT1i9.jpg'),
	(150, '225802201905085cd35efaddd0e', 'OROGOLD-White-Gold-24K-Purifying-Toner-1.png', 'png', 1, 103, 'app/uploads/iYgue6dwPVE4CAZ8pHnzUVYtrHA7MAykRmurzp9g.jpg'),
	(151, '225813201905085cd35f056d99f', 'OROGOLD-White-Gold-24K-Purifying-Toner-2.png', 'png', 1, 103, 'app/uploads/TrZVIJZQpoAe4UZHSJaDNTZ7dbNccASvcUh3WhVj.jpg'),
	(152, '225819201905085cd35f0b58e3a', 'OROGOLD-White-Gold-24K-Purifying-Toner-4.png', 'png', 1, 103, 'app/uploads/41zXoNotgk32h7QUrPMu53dfNOpjLKCwdN8AhK4I.jpg'),
	(153, '230014201905085cd35f7e90ea9', 'aromatherapy-oil-1-1.jpg', 'jpeg', 1, 104, 'app/uploads/FaZCVOv2VPT7ZY7D9ytMSLwCCjzzTZzUJZGrfWVV.jpg'),
	(154, '230020201905085cd35f84f1b2e', 'aromatherapy-oil-2-1.jpg', 'jpeg', 1, 104, 'app/uploads/MKbCgkcQEcWtrvuIifI79wIMz6ffKV6UUZlmcKkl.jpg'),
	(155, '230026201905085cd35f8abc236', 'aromatherapy-oil-3-1.jpg', 'jpeg', 1, 104, 'app/uploads/8Z5PgA1Hy7XaOsK2uxMOVSlKHGoPUxMskjNQyufD.jpg'),
	(157, '230146201905085cd35fdabdb98', 'OROGOLD-White-Gold-24K-Classic-Hand-and-Body-Cream-Font-1.png', 'png', 1, 105, 'app/uploads/XtvwOPx7GTH2PxYvsAB9SNSJHQH7Adklwg6ZIkdE.jpg'),
	(158, '230150201905085cd35fded2b99', 'OROGOLD-White-Gold-24K-Classic-Hand-and-Body-Cream-Back-2.png', 'png', 1, 105, 'app/uploads/GFE9PCWmJ79Dw6t2TgtdZigKmd0D9oOSQFvmuMEg.jpg'),
	(159, '230359201905085cd3605f76479', 'orogold-Lip-Balm_New_0004_Renewal-Lip-Balm-1-1.png', 'png', 1, 106, 'app/uploads/O2dQyvXqK5UpiNoQx9CM8totN595SWAmhOSM0N93.jpg'),
	(160, '230404201905085cd360649f3b0', 'orogold-Lip-Balm_New_0003_Renewal-Lip-Balm-2-1.png', 'png', 1, 106, 'app/uploads/LUWdCOT5chf9wXNrMyi7aIWmq9Buqsfctswdsvyd.jpg'),
	(161, '230409201905085cd36069301eb', 'orogold-Lip-Balm_New_0002_Renewal-Lip-Balm-3-1.png', 'png', 1, 106, 'app/uploads/bLxBWU6IzsO66hYTdOeW87KIesIR9HAC1CEyS8Qy.jpg'),
	(162, '230414201905085cd3606e5e01f', 'orogold-Lip-Balm_New_0000_Renewal-Lip-Balm-5-1.png', 'png', 1, 106, 'app/uploads/MGQLiI2nNEeVYsmWqzzcEfmqwX6ubcw48w335RIj.jpg'),
	(163, '230418201905085cd360726e6b4', 'orogold-Lip-Balm_New_0001_Renewal-Lip-Balm-4-1.png', 'png', 1, 106, 'app/uploads/iimymydJwXwBUHx8JrOUzCTuQBqOgX7Y6AeZDR9m.jpg'),
	(164, '230657201905085cd36111ddecf', 'OROGOLD-Exclusive-24K-Deep-Tissue-Rejuvenation-Mask-and-Collagen-Eye-Renewal-Mask-1.png', 'png', 1, 107, 'app/uploads/dGocBcqzBn49eoVgR5Lyyhe14nHkAVqhLGLanB2A.jpg'),
	(165, '230705201905085cd3611981e9c', 'OROGOLD-Exclusive-24K-Deep-Tissue-Rejuvenation-Mask-and-Collagen-Eye-Renewal-Mask-3.png', 'png', 1, 107, 'app/uploads/2LIsX7z97SQW3k5GT5vKKASmqsSXPd3cvdl4gsrb.jpg'),
	(166, '230710201905085cd3611eeef99', 'OROGOLD-Exclusive-24K-Deep-Tissue-Rejuvenation-Mask-and-Collagen-Eye-Renewal-Mask-2.png', 'png', 1, 107, 'app/uploads/CmTBGO4rBqEn0A9AdFlG7dQ6fVX1PzX9035lDvST.jpg'),
	(167, '230717201905085cd361258d216', 'OROGOLD-Exclusive-24K-Deep-Tissue-Rejuvenation-Mask-and-Collagen-Eye-Renewal-Mask-4.png', 'png', 1, 107, 'app/uploads/6Svcrc21n5WS8poTkW2abNgSuTSOCEwUJdpLZwMP.jpg'),
	(168, '230934201905085cd361ae8a0c0', 'OROGOLD-24K-Anti-Aging-Eye-Serum.png', 'png', 1, 108, 'app/uploads/CFlupzFUEa3y5L4dz8ubLSmz275FeWB7LFIjjYrH.jpg'),
	(169, '231221201905085cd3625597b1a', 'mvp-day-1-1.jpg', 'jpeg', 1, 109, 'app/uploads/8rqX74hhQkgy8IbS1qLZSOCeeE1tjTHlrYaIuuBj.jpg'),
	(170, '231237201905085cd3626576b9d', 'mvp-day-2_2-1.jpg', 'jpeg', 1, 109, 'app/uploads/plnMm7gYOftVec5UH7qp3BdBMQ53d4Z6R1kWfZmg.jpg'),
	(171, '231242201905085cd3626a64e6d', 'mvp-day-3_2-1.jpg', 'jpeg', 1, 109, 'app/uploads/bK0qY2DP8F29bxwZeEWqGdseG4CacdswK9xRLtr3.jpg'),
	(172, '231546201905085cd363227f85e', 'mvp-night-1-1.jpg', 'jpeg', 1, 110, 'app/uploads/iaY1DYnY1Gaf4JcoNDK4OdVhg15f2XPjWAXZpn2L.jpg'),
	(173, '231556201905085cd3632c6962a', 'mvp-night-2_2-1.jpg', 'jpeg', 1, 110, 'app/uploads/FJQclxbMLjqOANcQihRwTdP2A0lT1tMDlTz9VKKe.jpg'),
	(174, '231601201905085cd36331141b0', 'mvp-night-3_2-1.jpg', 'jpeg', 1, 110, 'app/uploads/ckSibBDV3NyaW00udNyvDNtNn81k1nVLvYooH44V.jpg'),
	(175, '232007201905085cd36427e3882', 'mvp-peeling-1_1-1.jpg', 'jpeg', 1, 111, 'app/uploads/iuaUPh1HlUGSYHwbgcHqyyD9GIAIc7Zl2SOCQCHB.jpg'),
	(176, '232012201905085cd3642c3d971', 'mvp-peeling-2_1-1.jpg', 'jpeg', 1, 111, 'app/uploads/ThUhEDGN2mNNgmjOzxlzrGtbvsMXkzzPoqjepiBg.jpg'),
	(177, '232017201905085cd36431be5a8', 'mvp-peeling-3_1-1.jpg', 'jpeg', 1, 111, 'app/uploads/ocOfOqhcddtOcepX03ChB8VR5LkKqjsK8VFSYheu.jpg'),
	(178, '232323201905085cd364ebbe248', 'OROGOLD-Exclusive-24K-Intensive-Eye-Serum-2.png', 'png', 1, 112, 'app/uploads/cGL7cjqJgcgOyAW8SCYpr84XtAVLCuWtVbVZ3IDD.jpg'),
	(179, '232327201905085cd364ef3ceb9', 'OROGOLD-Exclusive-24K-Intensive-Eye-Serum-3.png', 'png', 1, 112, 'app/uploads/W6wZEbaJwKGqUMEypXvum3REh7wqYF035uoJi0eu.jpg'),
	(180, '232444201905085cd3653c20321', 'OROGOLD-Exclusive-24K-Dark-Circle-Eye-Solution-2.png', 'png', 1, 113, 'app/uploads/kLFHZ8N3zty2oP3CnzZkGKjAAGGlhIQXa1LN4twE.jpg'),
	(181, '232448201905085cd365404cd05', 'OROGOLD-Exclusive-24K-Dark-Circle-Eye-Solution-3.png', 'png', 1, 113, 'app/uploads/J0AUBCcesvgdVu3Ez5GGO5L30EiPuYZJgqY12JHA.jpg'),
	(182, '232720201905085cd365d8c4310', 'OROGOLD-Exclusive-24K-Intensive-Eye-Formula-Cream-1.png', 'png', 1, 114, 'app/uploads/iHMvXsiUUwFiS4lksPEMsWeQvFIIuWHWfvvnuKpo.jpg'),
	(183, '232727201905085cd365df30ccc', 'OROGOLD-Exclusive-24K-Intensive-Eye-Formula-Cream-3.png', 'png', 1, 114, 'app/uploads/DdoVUyNJepvAmpXnjS88GzrViahJBeVMNXAfBq7W.jpg'),
	(190, '233112201905085cd366c04bbe7', 'OROGOLD-24K-Neck-Duo-Treatment-1-2.png', 'png', 1, 115, 'app/uploads/IxuKIiT8TZb41M95dC1RR9Egu9p8JwnSAAHfZZgO.jpg'),
	(191, '233116201905085cd366c45a56e', 'OROGOLD-24K-Neck-Duo-Treatment-2-2.png', 'png', 1, 115, 'app/uploads/T4ImMqItFVo8WSfiIhDGb8gFwzBXlw9AFTQiUn3b.jpg'),
	(194, '233202201905085cd366f23e9d0', 'OROGOLD-24K-Neck-Duo-Treatment-3-2.png', 'png', 1, 115, 'app/uploads/RfoAQlrvnkgrfUsdnZcBgYCV3vdUeWYcjrp3j9bC.jpg'),
	(195, '233213201905085cd366fd917a8', 'OROGOLD-24K-Neck-Duo-Treatment-4-1.png', 'png', 1, 115, 'app/uploads/TCkFi35h3Gtp0VRY1WyGauRWCyQFU7tnrvlqDm17.jpg'),
	(196, '233217201905085cd36701afdc2', 'OROGOLD-24K-Neck-Duo-Treatment-5-1.png', 'png', 1, 115, 'app/uploads/fCv1pxBu8WyeUUziDIYdopdkohUYYaburH9TryMq.jpg'),
	(197, '233632201905085cd36800a865e', 'OROGOLD-24K-Neck-Lifting-and-Chest-Firming-Mask-3.png', 'png', 1, 116, 'app/uploads/X7LmVq39buBmK08mH789rNPQVPzwCA4umm8sR8fL.jpg'),
	(198, '233636201905085cd368048c636', 'OROGOLD-24K-Neck-Lifting-and-Chest-Firming-Mask-1.png', 'png', 1, 116, 'app/uploads/JqW4Hx2GIKsTrpXBQll8JxiwCNyR7ktlE5t5Mo35.jpg'),
	(199, '233645201905085cd3680daca3a', 'OROGOLD-24K-Neck-Lifting-and-Chest-Firming-Mask-2.png', 'png', 1, 116, 'app/uploads/VjpPAISTSdZsCxVZ2GMo9gzu2ikLXAE7FfoiLGDZ.jpg'),
	(200, '003733201905095cd3764db3e4d', 'OROGOLD-Exclusive-24K-Termica-Energizing-mask-1.png', 'png', 1, 117, 'app/uploads/pF7iE2fhwaynQezcY3ZY2ofH7g5ymIyudjrFkdIk.jpg'),
	(201, '003739201905095cd376530711a', 'OROGOLD-Exclusive-24K-Termica-Energizing-mask-3.png', 'png', 1, 117, 'app/uploads/nnX1nCtxaPGFDHhGHv7uNGJRq7qd0fjVpI9Bn4sJ.jpg'),
	(202, '003744201905095cd3765869b7c', 'OROGOLD-Exclusive-24K-Termica-Energizing-mask-2.png', 'png', 1, 117, 'app/uploads/aLjUkmCkLYdebFDQd630ViHu84GsL5RCYt3XBIF5.jpg'),
	(203, '003749201905095cd3765db9c36', 'OROGOLD-Exclusive-24K-Termica-Energizing-mask-4.png', 'png', 1, 117, 'app/uploads/sXQlOemcJFYGu21uvFropmgIYj7TvuBQv2JSWXRY.jpg'),
	(204, '004134201905095cd3773eeda20', 'OROGOLD-Exclusive-24K-Termica-Completion-Cream-1.png', 'png', 1, 118, 'app/uploads/wkpjlokPgMKtK1fnjGYFN3Q3jWrB8BUI41p9ZF0s.jpg'),
	(205, '004140201905095cd377440bfad', 'OROGOLD-Exclusive-24K-Termica-Completion-Cream-3.png', 'png', 1, 118, 'app/uploads/1tSRYssxbL94HJDNEbJp8KuKIrUcqzo7xLAtO1Hr.jpg'),
	(206, '004145201905095cd377493f7db', 'OROGOLD-Exclusive-24K-Termica-Completion-Cream-2.png', 'png', 1, 118, 'app/uploads/f9w0cpkHAtxL2r9TU7UfaHjz4dEmeilCJnOC1CfP.jpg'),
	(207, '004153201905095cd3775150dcb', 'OROGOLD-Exclusive-24K-Termica-Completion-Cream-4.png', 'png', 1, 118, 'app/uploads/ZBOQP9GSLc32jMINJ1TjnYjEWAPnQ1xhuqmVXFCo.jpg'),
	(208, '004408201905095cd377d86590b', 'OROGOLD-Exclusive-24K-Termica-Activation-Serum-1.png', 'png', 1, 119, 'app/uploads/fduWOa4veYmTGDxBg8jfHN6j0GzjCsdqKFHuk03R.jpg'),
	(209, '004413201905095cd377dd5ce3a', 'OROGOLD-Exclusive-24K-Termica-Activation-Serum-2.png', 'png', 1, 119, 'app/uploads/IzOkU9acZ6QEVBNW6vzGF98DS2zPFsbmn0zNHqzQ.jpg'),
	(210, '004417201905095cd377e1e562c', 'OROGOLD-Exclusive-24K-Termica-Activation-Serum-3.png', 'png', 1, 119, 'app/uploads/X7yhkducLXyS7BEjA9IBylviZlq0T1njYG9dmiaL.jpg'),
	(211, '004633201905095cd37869d3601', 'OROGOLD-Exclusive-24K-Termica-HD-Solution-1.png', 'png', 1, 120, 'app/uploads/aJPvB2jhfpJ8MZPvXozOohrDiy4GVJgSbbLqD7kN.jpg'),
	(212, '004720201905095cd378987ff3e', 'OROGOLD-Exclusive-24K-Termica-HD-Solution-3.png', 'png', 1, 120, 'app/uploads/MgUiqLuuetstKWDa5zR2d6GosJsQHdDspfl4GGPn.jpg'),
	(213, '004725201905095cd3789d92d7f', 'OROGOLD-Exclusive-24K-Termica-HD-Solution-2.png', 'png', 1, 120, 'app/uploads/8WUUa8iL0IeKLHFHBdywAADY5kxCNCGebNSTl6AD.jpg'),
	(214, '004732201905095cd378a49a0e4', 'OROGOLD-Exclusive-24K-Termica-HD-Solution-4.png', 'png', 1, 120, 'app/uploads/BPYIPiGyXHinTIg3ziPAmKUBEjjUi6zItDFUqOMJ.jpg'),
	(215, '004931201905095cd3791b202bf', 'OROGOLD-Exclusive-24K-HD-Touch-1.png', 'png', 1, 121, 'app/uploads/VM55JkBQNdCo86lzJTIX5NT1amXb6JC0nwQlLcsn.jpg'),
	(216, '004935201905095cd3791fad4c6', 'OROGOLD-Exclusive-24K-HD-Touch-2.png', 'png', 1, 121, 'app/uploads/kVghAbJ3YiQEWarVqueJqfS9vOdSoBmS7Q5sq6OP.jpg'),
	(217, '004940201905095cd3792455f4b', 'OROGOLD-Exclusive-24K-HD-Touch-3.png', 'png', 1, 121, 'app/uploads/MGUo60KGF9zWpfcqfhAsjjnzt8W47f8aqE0oDWHf.jpg'),
	(218, '005407201905095cd37a2f20ea6', 'OROGOLD-Exclusive-24K-Cryogenic-Magnolift-Mask-1.png', 'png', 1, 122, 'app/uploads/1Sgr4dwR7KEJSUpKS1EJLLCstXzZ3XvdbD62fHqy.jpg'),
	(219, '005412201905095cd37a3445a96', 'OROGOLD-Exclusive-24K-Cryogenic-Magnolift-Mask-2.png', 'png', 1, 122, 'app/uploads/EifN0CqzWSdLsZ1vVB7ekPyn0qYRm19a2U5o8Bji.jpg'),
	(220, '005418201905095cd37a3a1b4e3', 'OROGOLD-Exclusive-24K-Cryogenic-Magnolift-Mask-4.png', 'png', 1, 122, 'app/uploads/aLxq8l8osyl8IggzRM8sNwHFGG90MHemNPkHrvfM.jpg'),
	(221, '005424201905095cd37a40a47b5', 'OROGOLD-Exclusive-24K-Cryogenic-Magnolift-Mask-5.png', 'png', 1, 122, 'app/uploads/hRnSQTpc6lFj4UxoW0mDZwihBWtkR4etQUxsG0JA.jpg'),
	(222, '005430201905095cd37a469513f', 'OROGOLD-Exclusive-24K-Cryogenic-Magnolift-Mask-6.png', 'png', 1, 122, 'app/uploads/gMvi4zAW6L0jo6chyMV5FtGFF7j53XPpzXO8JZtK.jpg'),
	(223, '005553201905095cd37a99ae1e3', 'OROGOLD-Exclusive-24K-Cryogenic-Pearl-Revival-Elixir-1.png', 'png', 1, 123, 'app/uploads/kJZKc6bMw4LhEvj9NsfBQgEUkLIo0VZnGHDhVAnT.jpg'),
	(224, '005558201905095cd37a9e1e831', 'OROGOLD-Exclusive-24K-Cryogenic-Pearl-Revival-Elixir-2.png', 'png', 1, 123, 'app/uploads/AoNdpNO0bEMq8Jcb3pPxZoynKMlsTe2lkALIhpdb.jpg'),
	(225, '005603201905095cd37aa3ebc9b', 'OROGOLD-Exclusive-24K-Cryogenic-Pearl-Revival-Elixir-3.png', 'png', 1, 123, 'app/uploads/bgdfOPI2VOwpBVjBDuAmw5dIS1Spk2l2t0AZ8EtM.jpg'),
	(226, '005609201905095cd37aa97b78f', 'OROGOLD-Exclusive-24K-Cryogenic-Pearl-Revival-Elixir-4.png', 'png', 1, 123, 'app/uploads/lQmIOdyMR8TxOtMLxGG9JQ8sc6YqoWssFry5E65E.jpg'),
	(227, '005942201905095cd37b7e039c1', 'OROGOLD-Exclusive-24K-Cryogenic-Contour-Eye-Firming-1.png', 'png', 1, 124, 'app/uploads/gm3a1IYnwIfrsF8TDms0dVhrBwyesQO3dzkdqtX0.jpg'),
	(228, '005952201905095cd37b88256c0', 'OROGOLD-Exclusive-24K-Cryogenic-Contour-Eye-Firming-3.png', 'png', 1, 124, 'app/uploads/zL2EQnepliET7wIAT9WDf5bIaKWifYSxvOSlmyCE.jpg'),
	(229, '005956201905095cd37b8ce9615', 'OROGOLD-Exclusive-24K-Cryogenic-Contour-Eye-Firming-2.png', 'png', 1, 124, 'app/uploads/ZCEwl2NWCAWwa07UZ1b0hTHJgNqQX5OI7iK7h5hB.jpg'),
	(230, '010002201905095cd37b9292eae', 'OROGOLD-Exclusive-24K-Cryogenic-Contour-Eye-Firming-4.png', 'png', 1, 124, 'app/uploads/G6TtpZQc0pOj0wTE5ehCiiZ50CcpNYmm6XX6J9oj.jpg'),
	(231, '010141201905095cd37bf56895a', 'OROGOLD-Exclusive-24K-Cryogenic-Restoration-Cream.png', 'png', 1, 125, 'app/uploads/Ir97ofkTl7pbwHsfMptXAZu3yZllz0iRXXEg0R9H.jpg'),
	(232, '010146201905095cd37bfa8664e', 'OROGOLD-Exclusive-24K-Cryogenic-Restoration-Cream-3.png', 'png', 1, 125, 'app/uploads/wefpyXjgTvP5PspNsuGRVqCfsi5Cuf9n38lmUMJT.jpg'),
	(233, '010150201905095cd37bfef20e2', 'OROGOLD-Exclusive-24K-Cryogenic-Restoration-Cream-2.png', 'png', 1, 125, 'app/uploads/5k5OASdesIH5benp3DHCijFsh1fO1lPOmtK9QdoZ.jpg'),
	(234, '010155201905095cd37c0346d8f', 'OROGOLD-Exclusive-24K-Cryogenic-Restoration-Cream-4.png', 'png', 1, 125, 'app/uploads/GVB3zesekVpNjDCQPK5ONfkl9fd8uueYrn9r3VzM.jpg'),
	(235, '010318201905095cd37c5686ad7', 'OROGOLD-Exclusive-24K-Cryogenic-Diamond-Gommage-1.png', 'png', 1, 126, 'app/uploads/dk5byTfESAUuIkqaswgj1DyVXXOFVfg1YL01xuHH.jpg'),
	(236, '010322201905095cd37c5aed8a0', 'OROGOLD-Exclusive-24K-Cryogenic-Diamond-Gommage-2.png', 'png', 1, 126, 'app/uploads/SNsStwZVSenfg2hjOV5QklGvxRYiJjnuGVlUxQmB.jpg'),
	(237, '010328201905095cd37c60d4137', 'OROGOLD-Exclusive-24K-Cryogenic-Diamond-Gommage-3.png', 'png', 1, 126, 'app/uploads/IBDl5SeMCADM2SUOAyiuL9ofFOj32TLhJ9cr6vN4.jpg'),
	(238, '010335201905095cd37c6748fe0', 'OROGOLD-Exclusive-24K-Cryogenic-Diamond-Gommage-4.png', 'png', 1, 126, 'app/uploads/8EUgnhhhLEI0SviXxWnEN8SK34HJfra22yzA8ksa.jpg'),
	(239, '011256201905095cd37e98d4825', 'Orogold-Exclusive-24K-Cleopatra-Nano-Regimen-Collection-1.png', 'png', 1, 127, 'app/uploads/JDTICdqgdOqI4BLJZ9PBVmJP12eEYKC3H00Eug1L.jpg'),
	(240, '011301201905095cd37e9dafea6', 'Orogold-Exclusive-24K-Cleopatra-Nano-Regimen-Collection-2.png', 'png', 1, 127, 'app/uploads/sTElAbD9KFSNL7j3XJLH8B9LLTe6xeNGDAuIyzVI.jpg'),
	(241, '011306201905095cd37ea27bebe', 'Orogold-Exclusive-24K-Cleopatra-Nano-Regimen-Collection-3.png', 'png', 1, 127, 'app/uploads/uLcB7ak8rqkvLvs6OOlQjVd3URWXsp7Qj2ndUTbT.jpg'),
	(242, '011311201905095cd37ea749f06', 'Orogold-Exclusive-24K-Cleopatra-Nano-Regimen-Collection-4.png', 'png', 1, 127, 'app/uploads/FdRwMF2K7cjLJg5mTOf5KTMbOsNp58ouG3fpRbVV.jpg'),
	(243, '011317201905095cd37ead5ca6c', 'Orogold-Exclusive-24K-Cleopatra-Nano-Regimen-Collection-5.png', 'png', 1, 127, 'app/uploads/ZRn4eZzuiYJpdOmQo1JmHNjLPdommYUXXpCkuikA.jpg'),
	(244, '011325201905095cd37eb55237a', 'Orogold-Exclusive-24K-Cleopatra-Nano-Regimen-Collection.png', 'png', 1, 127, 'app/uploads/XzAh9o8yCOnHaOD1bMbzeUFYzbUt8U89PsWY4N3h.jpg'),
	(245, '011330201905095cd37eba6ca2c', 'Orogold-Exclusive-24K-Cleopatra-Nano-Regimen-Collection-6.png', 'png', 1, 127, 'app/uploads/9H3fyf1EmHzX5DCZdV4uKOExxSyeSqgx1AQHfeZY.jpg'),
	(246, '011839201905095cd37fef83433', 'Orogold-Exclusive-24K-Nano-Day-Recovery-1.png', 'png', 1, 128, 'app/uploads/JcFpJVON6WRsjYp2OU7UDFVtfF7DfbUqjzPavuQD.jpg'),
	(247, '011845201905095cd37ff572eb6', 'Orogold-Exclusive-24K-Nano-Day-Recovery-2.png', 'png', 1, 128, 'app/uploads/0E8AJdkgWppBPtpFwwwg4tpu9epr1eJzcJrE7wpz.jpg'),
	(248, '011850201905095cd37ffab2536', 'Orogold-Exclusive-24K-Nano-Day-Recovery-3.png', 'png', 1, 128, 'app/uploads/0akkzoV5wUJRkF4nRDQ2WRKVYy5ubdB3EOyE6BuS.jpg'),
	(249, '012314201905095cd381028102c', 'Orogold-Exclusive-24K-Nano-Hydra-Silk-Mask-2.png', 'png', 1, 129, 'app/uploads/7MdC8x7Rb2J689KwndKcYVIfTJvrxkwoNoxcBHpc.jpg'),
	(250, '012318201905095cd38106f1e0d', 'Orogold-Exclusive-24K-Nano-Hydra-Silk-Mask-3.png', 'png', 1, 129, 'app/uploads/ML5VSEakgM7oDCgNDnmVfHnYWCnbmKSOXL11apnf.jpg'),
	(251, '012324201905095cd3810cb6fc2', 'Orogold-Exclusive-24K-Nano-Hydra-Silk-Mask-4.png', 'png', 1, 129, 'app/uploads/kpMNcsAJF7gwZh0hRY1J2zPsgCrgoQJ1PerkwsXF.jpg'),
	(252, '013703201905095cd3843f805ce', 'Orogold-Exclusive-24K-Nano-Ultra-Silk-Serum-1.png', 'png', 1, 130, 'app/uploads/QDuM02HZ8MNFVW50EKAEe2zWJFPygoj30HOCsl0A.jpg'),
	(253, '013708201905095cd3844411a28', 'Orogold-Exclusive-24K-Nano-Ultra-Silk-Serum-2.png', 'png', 1, 130, 'app/uploads/1DYbLUaVWz2XOXxT6esHghaDMIaOhnMQhEa2mdtB.jpg'),
	(254, '013712201905095cd384489b4b5', 'Orogold-Exclusive-24K-Nano-Ultra-Silk-Serum-3.png', 'png', 1, 130, 'app/uploads/iHqi1la4hlDerVsuQpTUUe3udqGBc7NmjDreTZQv.jpg'),
	(255, '014609201905095cd386612ab6a', 'Orogold-Exclusive-24K-Nano-Night-Recovery-1.png', 'png', 1, 131, 'app/uploads/hiXgX97nXADCvhCQtfjEnEYyJiQu01l5M3UWXviA.jpg'),
	(256, '014613201905095cd3866579fc9', 'Orogold-Exclusive-24K-Nano-Night-Recovery-2.png', 'png', 1, 131, 'app/uploads/JTtFFQtP9uvWO3326WxkZ9LMTLRbHiZi0Iupvwaz.jpg'),
	(257, '014617201905095cd38669b2f4f', 'Orogold-Exclusive-24K-Nano-Night-Recovery-3.png', 'png', 1, 131, 'app/uploads/AcBlVb09Pe6J9XvDFpVEPH5WTslh7A6TaUyYERB1.jpg'),
	(258, '014623201905095cd3866f89576', 'Orogold-Exclusive-24K-Nano-Night-Recovery-4.png', 'png', 1, 131, 'app/uploads/eogThWDsFE9nBPKWb6pDUqKjnC8KZNcador8dwwS.jpg'),
	(259, '020609201905095cd38b113b228', 'Orogold-Exclusive-24K-Nano-Collection.png', 'png', 1, 132, 'app/uploads/b3cbNtfAZWCBvOQLfn4OnAL4LlyCIgePsMHTLf4Z.jpg'),
	(260, '032236201905095cd39cfcaddcd', '3_copy_preview_600x600.png', 'png', 1, 133, 'app/uploads/jqBrmj7RX4CMGUM5JyPXxWmgZ5sEyQOU01q3bn4r.jpg'),
	(261, '032241201905095cd39d01ba980', '2_preview_600x600.png', 'png', 1, 133, 'app/uploads/sYahXmVYgK106i3tsC2QN8Jztdbd7Na8kMpXMozm.jpg'),
	(262, '032247201905095cd39d072c422', '4_copy_preview_600x600.png', 'png', 1, 133, 'app/uploads/HKXkxlrBhWP2LT5R4qH6DnndMCQZPyeyJXx5cmAJ.jpg'),
	(263, '032251201905095cd39d0bd7971', 'Amazon_Perfectio1_600x600.jpg', 'jpeg', 1, 133, 'app/uploads/EcdPWrrz8C5DODJ5OEtuT7cDwLe6kmhcyuSmX4ad.jpg'),
	(264, '032256201905095cd39d100cd39', 'Amazon_Perfectio2_600x600.jpg', 'jpeg', 1, 133, 'app/uploads/pOmx0g4Pn0kCSveyyDhac6clNSLVNQaEmaCuZAbP.jpg'),
	(265, '033355201905095cd39fa3bbddd', 'Asset_10_600x600.png', 'png', 1, 134, 'app/uploads/op6pSjcE7RJvKAc5RuxIqfppZey6U9hKtuJTctRT.jpg'),
	(266, '033355201905095cd39fa3c1e73', 'Asset_7_203x597.png', 'png', 1, 134, 'app/uploads/sdkTiOnb0NmVb4bsuVRBDJD0UeX3EMvdcFSUixDd.jpg'),
	(267, '034912201905095cd3a338f2826', 'X_grey_bkd_608x544.png', 'png', 1, 135, 'app/uploads/vkoGIJsG8AK7W4gGCwUsnEkE6Qgcmruc6v0E6ApQ.jpg'),
	(268, '034919201905095cd3a33f32e38', 'X_off_600x600.png', 'png', 1, 135, 'app/uploads/O2olfmH1nfxphN55zYbHtubdO47GCZXVqz37P8ft.jpg'),
	(269, '034924201905095cd3a344bbf56', 'X_on_600x600.png', 'png', 1, 135, 'app/uploads/0c6rknHtrchKAkqJdY7QVpK7WDbcjp6Ug3W8RDzF.jpg'),
	(270, '034929201905095cd3a349c40c2', 'X_side_600x600.png', 'png', 1, 135, 'app/uploads/Iq7Oca79GEbLwNw1dsQ1ZYngRi1QgV2HGl7EAfYi.jpg'),
	(271, '035523201905095cd3a4ab77062', '2_preview_2_600x600.jpeg', 'jpeg', 1, 136, 'app/uploads/o7xFApoYAd3TMm6zHAQ4Jls1uEe8NNI4OBqnXs7a.jpg'),
	(272, '035528201905095cd3a4b05e2bb', '1_600x600.jpg', 'jpeg', 1, 136, 'app/uploads/kh6wFjWlS98Ch7XMDuPH7zV4yHrXBRUZF8PgvdCe.jpg'),
	(273, '035536201905095cd3a4b82382a', '5_600x600.jpg', 'jpeg', 1, 136, 'app/uploads/25bMZlHhrOKfyrLuGKfW9WWh4xqzYXkFwm0cdwQj.jpg'),
	(274, '035549201905095cd3a4c569d90', '6_600x600.jpg', 'jpeg', 1, 136, 'app/uploads/ckvVkrztiuSzSFnjeQUADlo4aFXPcDR00NxZDCd1.jpg'),
	(275, '035554201905095cd3a4ca5e691', '7a_600x600.jpg', 'jpeg', 1, 136, 'app/uploads/lHl0MnlZ6bL8FyppdCuEVpqCV4xXQL4t9JC5Bgy8.jpg'),
	(276, '035559201905095cd3a4cfb09f4', '7b_600x600.jpg', 'jpeg', 1, 136, 'app/uploads/kG8Aia3f6EiU7TShx8OR48q80nLvyngEBvbIvXTE.jpg'),
	(277, '120913201905095cd4186918cf0', 'white-pearl-day-moisturizer1.jpg', 'jpeg', 1, 137, 'app/uploads/SKye91nOQjK1skcNrv0vllMB7zgDepnvRszNq4cI.jpg'),
	(278, '121027201905095cd418b354548', 'white-night-cream.jpg', 'jpeg', 1, 138, 'app/uploads/QkFhsZeLdJtfzwj5cIFQ5HFihqETmtdzQW4gCzCN.jpg'),
	(279, '121207201905095cd41917aa8ea', 'white-pearl-cleanser1-900x1350.jpg', 'jpeg', 1, 139, 'app/uploads/111X0nkXZaJPA49448g7t2Oxkuw1pLBTFrkFTyVK.jpg'),
	(280, '121316201905095cd4195cac8b7', 'white-facial-peeling-900x1350.jpg', 'jpeg', 1, 140, 'app/uploads/Hj0y0moYEv6YZuUOo9Hcr4cqddLiCXTFnLE7F6P7.jpg'),
	(281, '121605201905095cd41a05af421', '2-step-cleansing-kit-900x1350.jpg', 'jpeg', 1, 141, 'app/uploads/Qzcz3W79QZo1AsUkazvPCk4HcFwXz6VdBMVUFNM4.jpg'),
	(282, '121809201905095cd41a81cf989', 'amber-dark-circle-eye-cream1-900x1350.jpg', 'jpeg', 1, 142, 'app/uploads/GXUNdPjSFenyQhajJjVgZIFeV4piDjaYuMOEPQTc.jpg'),
	(283, '121849201905095cd41aa9d16de', 'amber-eye-cream1-900x1350.jpg', 'jpeg', 1, 143, 'app/uploads/thPKNe7gcGaR7EuV9o3JkhYDaMhj1MWtcM40Fk99.jpg'),
	(284, '121935201905095cd41ad7ef14e', 'amber-eye-serum-900x1350.jpg', 'jpeg', 1, 144, 'app/uploads/2DBsRXqeERny01zUThdGY7JwVBrjqselnTXdKLIa.jpg'),
	(285, '122033201905095cd41b11c6ebb', 'amber-syringe-1 (1).jpg', 'jpeg', 1, 145, 'app/uploads/vtdetoGbzu7WqdKNzzPjfdwXBzUshO6JXWeHSqKP.jpg'),
	(286, '122146201905095cd41b5a399a7', 'black-onyx_lionessegem__0003_black-cream.jpg', 'jpeg', 1, 146, 'app/uploads/rRwmtOGzQEWIZmNTYBxYTfRy9stftBGqrY3Gar2a.jpg'),
	(287, '122316201905095cd41bb479332', 'black-onyx_lionessegem__0000_black-serum.jpg', 'jpeg', 1, 147, 'app/uploads/PKqj2zqDgMzn8GLbm797pQL2DNA7TqVtICuLW0x0.jpg'),
	(288, '122502201905095cd41c1eb023c', 'black-onyx_lionessegem__0001_black-mask.jpg', 'jpeg', 1, 148, 'app/uploads/F1IaKCTqGBEt3NdOy7IODymo59tvBfmRBcxVoDo9.jpg'),
	(289, '123543201905095cd41e9f9ef49', 'golden-sapphire-cream1-900x1350.jpg', 'jpeg', 1, 149, 'app/uploads/5o9Ya2cChPddSKcmIbUjPKPBLSJzbzsc6bGmIgbH.jpg'),
	(290, '123632201905095cd41ed0cddd3', 'golden-saphire-peel-off-mask-gem-1.jpg', 'jpeg', 1, 150, 'app/uploads/7VIUMJPACahwYNvQ7chDfFuEklr05xTMqhjLj8UO.jpg'),
	(292, '123743201905095cd41f178f69e', 'golden-sapphire-serum1-900x1350.jpg', 'jpeg', 1, 151, 'app/uploads/9AnovzcLuQjaE1BjYniFRLF3CliWsxUhU2wk6nI5.jpg'),
	(294, '123903201905095cd41f673185e', 'golden-liquid.jpg', 'jpeg', 1, 152, 'app/uploads/o0TWn89dP2CTGsFu4qxSwPEhRWMD0qSF4TBQAzyo.jpg'),
	(295, '124059201905095cd41fdb80c37', 'diamond-rejuvenation-old1-900x1350.jpg', 'jpeg', 1, 153, 'app/uploads/3Ec7ZcnrXApInSxwNACLWO8qtiegINvXVAXMT30u.jpg'),
	(296, '124147201905095cd4200bf176e', 'diamond-lifting-mask-new-900x1350.jpg', 'jpeg', 1, 154, 'app/uploads/czlMAc6XJ1BxvQVtHikM0zG8DRkqWsAmR19AtFnG.jpg'),
	(297, '124246201905095cd420464309d', 'dia-necklift.jpg', 'jpeg', 1, 155, 'app/uploads/A5rogRjNRsB5snFkrxwqZu005dhqpm2loAEnejPs.jpg'),
	(298, '124437201905095cd420b5331e4', 'de-puffer.jpg', 'jpeg', 1, 156, 'app/uploads/XUuelEv63Mjskb4oaYByokBn8zIDpdnd6ihyDcic.jpg'),
	(299, '124726201905095cd4215ececb4', 'opal-serum-900x1350.jpg', 'jpeg', 1, 157, 'app/uploads/GTaaDp14FmnpOTUTYRtTYP8bNAEGmX50l0Vj5BI7.jpg'),
	(300, '124804201905095cd42184d7dbe', 'opal-mask-900x1350.jpg', 'jpeg', 1, 158, 'app/uploads/6DJ1QO3dCtLc8PBTpO7CVJuuNCrzvEL8zc8QIOZ9.jpg'),
	(304, '125142201905095cd4225e04196', 'opal-cream.jpg', 'jpeg', 1, 159, 'app/uploads/tmXW3qFH29X7A1Vz6b9dbiqa9Gt7EWiECc6pixf3.jpg'),
	(305, '125332201905095cd422cc13d01', 'morganite-mask-1.jpg', 'jpeg', 1, 160, 'app/uploads/9ZFxI5Jv3vww5e59is9j4NdzKSPWR72B7NZf2BcP.jpg'),
	(306, '125429201905095cd42305152fa', 'morganite-cream.jpg', 'jpeg', 1, 161, 'app/uploads/DM7cbg6ak3yNOAHS170mIflRM3OZlDE1ZTQYsvDn.jpg'),
	(307, '125531201905095cd42343234c0', 'morganite-serum-1.jpg', 'jpeg', 1, 162, 'app/uploads/zAycrGbyTob0cKqk7ymQPYEtnCT10Pou49Gp08O0.jpg'),
	(308, '125716201905095cd423ac9312b', 'White-Pearl-Body-Butter-1.jpg', 'jpeg', 1, 163, 'app/uploads/9FmNjGxdRtT9k8SIvVVIKqFhY0OFuNANHZOnMfdO.jpg'),
	(309, '125719201905095cd423aff32d8', 'White-Pearl-Body-Butter-2-1.jpg', 'jpeg', 1, 163, 'app/uploads/DbGY7WVnIhZUCQ24V0dphmuiF9YangwuXzml04Am.jpg'),
	(310, '125956201905095cd4244c17cdb', 'Lionesse-Nourishing-and-Moisturizing-Hair-Mask.jpg', 'jpeg', 1, 164, 'app/uploads/d6bXCJ6DETxTNQAJBacSy0B9VCyI8OF1GD8fGOl2.jpg'),
	(311, '135900201905095cd43224c971a', 'White-Pearl-Facial-Cleanser-1-1.jpg', 'jpeg', 1, 202, 'app/uploads/hObUC9itJ4qBLIcUedVQ0FEahFTWhUUtiyUoi5kN.jpg'),
	(312, '135905201905095cd43229579a9', 'White-Pearl-Facial-Cleanser-2-1.jpg', 'jpeg', 1, 202, 'app/uploads/c4RgGUUZp6a23pdwub1RSteMqSn8TX8MuaXwAA3O.jpg'),
	(313, '135909201905095cd4322d6b6ad', 'White-Pearl-Facial-Cleanser-3.jpg', 'jpeg', 1, 202, 'app/uploads/4vPrBEQOuNKF42ec7RExfmWuLgGiRAnGsBE01Ssf.jpg'),
	(314, '140603201905095cd433cba6a78', 'Royal-Honey-Sheet-Mask-1.jpg', 'jpeg', 1, 203, 'app/uploads/jOg1FGhVdR0794M9ABvqmEbHG9AVycKHy8PEkyUP.jpg'),
	(315, '140608201905095cd433d06bc28', 'Royal-Honey-Sheet-Mask-3-1.jpg', 'jpeg', 1, 203, 'app/uploads/xrOtaGF8m4KGIiUXQMXf7FfPMP3ErpAwJMTUeXKu.jpg'),
	(316, '140614201905095cd433d654836', 'Royal-Honey-Sheet-Mask-2-1.jpg', 'jpeg', 1, 203, 'app/uploads/w5m0r9atGf26VsdV6kxDg3OC3pHWFiDRcb7FvU1b.jpg'),
	(317, '140620201905095cd433dc61df8', 'Royal-Honey-Sheet-Mask-4-1.jpg', 'jpeg', 1, 203, 'app/uploads/AXzgfQbzy8z93yutH90QzBDVikMv4XA3f55WHt81.jpg'),
	(318, '140624201905095cd433e0a3de2', 'Royal-Honey-Sheet-Mask-5-1.jpg', 'jpeg', 1, 203, 'app/uploads/iTYdcZViY7epoystyY59xfWDkbEMnzsQ7m9I5gnL.jpg'),
	(319, '140916201905095cd4348c6e882', 'Queen-Bee-Cleansing-Duo-1.jpg', 'jpeg', 1, 204, 'app/uploads/5jLzr0gY6sd5jsmgxiWO2aRtdKgG3CHlLnymgjq5.jpg'),
	(320, '140920201905095cd43490a7acc', 'Queen-Bee-Cleansing-Duo-2-1.jpg', 'jpeg', 1, 204, 'app/uploads/ftb2pxz5zt6Xlca47OAWEkBujmN3c0gQ3q8DAPHD.jpg'),
	(321, '140924201905095cd43494d433d', 'Queen-Bee-Cleansing-Duo-3-1.jpg', 'jpeg', 1, 204, 'app/uploads/qyqjVDb8QxGYzjBU44ww3YKFmm1Xxk8wG80rzAzG.jpg'),
	(322, '140929201905095cd43499e9c7f', 'Queen-Bee-Cleansing-Duo-4-1.jpg', 'jpeg', 1, 204, 'app/uploads/yiUPIfLL7G1UsWTkhFE7muGrPRzMbGWLni9XBHLJ.jpg'),
	(323, '140936201905095cd434a033c42', 'Queen-Bee-Cleansing-Duo-5-1.jpg', 'jpeg', 1, 204, 'app/uploads/DDCWPIAdJuS8tVABmt8PCewl8bNISANPil7JD164.jpg'),
	(324, '140940201905095cd434a418bdc', 'Queen-Bee-Cleansing-Duo-6-1.jpg', 'jpeg', 1, 204, 'app/uploads/UYFAGMowxZHg5WIwSUK6lQLSnPQK7TrswEKmW9rx.jpg'),
	(325, '141121201905095cd435097e89b', 'Queen-Bee-Facial-Peeling-1.jpg', 'jpeg', 1, 205, 'app/uploads/RIUbglxhN4p45NF47Ie9kjoryAgxXy6WpcvoEcit.jpg'),
	(326, '141125201905095cd4350d5d33b', 'Queen-Bee-Facial-Peeling-2-1.jpg', 'jpeg', 1, 205, 'app/uploads/PxMtIib1UJkUKr6AXMxEvFveMhoWZd01wHkpNWte.jpg'),
	(327, '141129201905095cd43511d14c8', 'Queen-Bee-Facial-Peeling-3-1.jpg', 'jpeg', 1, 205, 'app/uploads/LXnWPQZCD2Hq2WAMPbrBMzmbGDNAvnyjOmG7jLHA.jpg'),
	(328, '141134201905095cd435165f38b', 'Queen-Bee-Facial-Peeling-4-1.jpg', 'jpeg', 1, 205, 'app/uploads/4UNiPgNpSUwR2L27hotbJXihbDifTSCbz6BHZi40.jpg'),
	(329, '141300201905095cd4356c3bbed', 'Queen-Bee-Day-Moisturizer-1.jpg', 'jpeg', 1, 206, 'app/uploads/0MUVx97STimabeNFMAlNagj64ZOOXf1zFa7JipKB.jpg'),
	(330, '141304201905095cd4357035bd4', 'Queen-Bee-Day-Moisturizer-2-1.jpg', 'jpeg', 1, 206, 'app/uploads/oIO9aUmbnixNph22DC24IFfAeNQ1j8kTZQMPnlez.jpg'),
	(331, '141308201905095cd435740de63', 'Queen-Bee-Day-Moisturizer-3-1.jpg', 'jpeg', 1, 206, 'app/uploads/lvOx4p0phKGnKVepJfp2Ww9LJJLqOS868XSTlai0.jpg'),
	(332, '141701201905095cd4365d03aa8', 'Queen-Bee-Overnight-Therapy-1.jpg', 'jpeg', 1, 207, 'app/uploads/KoKGSowzr9MCu65pJT566ShZjbngoENEoLz7Csi9.jpg'),
	(333, '141705201905095cd436615361a', 'Queen-Bee-Overnight-Therapy-2-1.jpg', 'jpeg', 1, 207, 'app/uploads/Rtmy69enkLhUCamuoYUY8wZ0AiHwyQ4nBFCLJI2F.jpg'),
	(334, '141710201905095cd43666cde5c', 'Queen-Bee-Overnight-Therapy-3-1.jpg', 'jpeg', 1, 207, 'app/uploads/8ndJZBo0lsRKkE2zJosHCDddIIUCUT1yAzr1AsCc.jpg'),
	(335, '141715201905095cd4366b8c01b', 'Queen-Bee-Overnight-Therapy-4-1.jpg', 'jpeg', 1, 207, 'app/uploads/em54Bo0aFgZGqBDu9cgiQ0yRi8OKuxIoP8wSl8Qz.jpg'),
	(336, '141954201905095cd4370a5edc3', 'Queen-Bee-Neck-Lift-1.jpg', 'jpeg', 1, 208, 'app/uploads/slKoNuNPiZ98Bg3wXYg7EC70c4k4zE5NJebU07kb.jpg'),
	(337, '141958201905095cd4370e97dea', 'Queen-Bee-Neck-Lift-2-1.jpg', 'jpeg', 1, 208, 'app/uploads/cYsCWaHk1i5tjw8WOC5YRocmZ8arFZz2bEA3tH5i.jpg'),
	(338, '142003201905095cd4371358524', 'Queen-Bee-Neck-Lift-3-1.jpg', 'jpeg', 1, 208, 'app/uploads/XTAxZ7b2T1JJI97TyQ1H61GYIFCxg4vYJjmRZDjX.jpg'),
	(339, '142008201905095cd437181e8ec', 'Queen-Bee-Neck-Lift-4-1.jpg', 'jpeg', 1, 208, 'app/uploads/UrnJQFJyjQhFkWih6tgIKJEL6jjawme31C3nEiWa.jpg'),
	(340, '142159201905095cd4378717a69', 'Queen-Bee-Vitamin-C-Serum-1.jpg', 'jpeg', 1, 209, 'app/uploads/Z4QYCNMErnUdjGgx4PX6YUhjOpio8456GpX40uhw.jpg'),
	(341, '142204201905095cd4378ca63da', 'Queen-Bee-Vitamin-C-Serum-2-1.jpg', 'jpeg', 1, 209, 'app/uploads/KTcM5vsyweh4OM8Ogl1SyWA0ZzuvQ149wjX5tgwY.jpg'),
	(342, '142209201905095cd4379162d63', 'Queen-Bee-Vitamin-C-Serum-3-1.jpg', 'jpeg', 1, 209, 'app/uploads/GLLAom9BDjmhHUBSdcsm7eWP9rfpxLIqMIaihmHd.jpg'),
	(343, '142339201905095cd437eb7d0d6', 'Clarifying-Cream-Cleanser-1.jpg', 'jpeg', 1, 210, 'app/uploads/khsQEKYDPPaot8wYwNq4WEYNoEUYvKilNPbu4UIh.jpg'),
	(344, '142342201905095cd437eeecb4d', 'Clarifying-Cream-Cleanser-2-1.jpg', 'jpeg', 1, 210, 'app/uploads/vZsttfoZC5z2071O4RU36dxmUVcVoQAcqsQbTm8V.jpg'),
	(345, '143755201905095cd43b4364ae7', 'Queen-Bee-Collection-Ageless-Energizing-Mask-Jelessi-V2-Amber.jpg', 'jpeg', 1, 211, 'app/uploads/dyzmn0vTWuubw74ZSMFrVT3QY33JOoNiWhjJTRFn.jpg'),
	(346, '143845201905095cd43b750aacb', 'Queen-Bee-Neck-Chest-Mask-3-1.jpg', 'jpeg', 1, 212, 'app/uploads/EhMX8KVx4r7SuN5M2sbxyUfTyfcWT0RQK8Da2fo2.jpg'),
	(347, '143849201905095cd43b7951989', 'Queen-Bee-Neck-Chest-Mask-1.jpg', 'jpeg', 1, 212, 'app/uploads/ZJjiLa0swnBk84KhtMO1bV1VA6BrnLLpArNNPoC5.jpg'),
	(348, '143853201905095cd43b7d7780a', 'Queen-Bee-Neck-Chest-Mask-2.jpg', 'jpeg', 1, 212, 'app/uploads/qXqagwXIlq7GJZ9yOKcRXjqNCA4w3U8VwbZb0Ehi.jpg'),
	(349, '143857201905095cd43b81c2575', 'Queen-Bee-Neck-Chest-Mask-4.jpg', 'jpeg', 1, 212, 'app/uploads/4eVE87qR22M8J3JZZDLDDq5ZL1kEMFNFmfDj4jSk.jpg'),
	(350, '144041201905095cd43be9e7fea', 'DroneBee-Mens-After-Shave-Balm-1.jpg', 'jpeg', 1, 213, 'app/uploads/1jYYFE8j9xorfuog19lnjanXGWqv7MsjDym2VmAh.jpg'),
	(351, '144046201905095cd43bee18b3e', 'DroneBee-Mens-After-Shave-Balm-2-1.jpg', 'jpeg', 1, 213, 'app/uploads/OWMBqdacmG5byktqIeY1mFbRkTVPPB5gfUcl624t.jpg'),
	(352, '144051201905095cd43bf36f544', 'DroneBee-Mens-After-Shave-Balm-3-1.jpg', 'jpeg', 1, 213, 'app/uploads/kf1tXocXhGklUVnrZFTegX1aA8Azqks1Wn6GIshf.jpg'),
	(353, '144056201905095cd43bf882745', 'DroneBee-Mens-After-Shave-Balm-4-1.jpg', 'jpeg', 1, 213, 'app/uploads/asJNBoOZT0Phe9o1m54vjs95Lq8g2pkulVeEqMXW.jpg'),
	(354, '144311201905095cd43c7f12ee4', 'Drone-Bee-Mens-Tool-Box-6-1.jpg', 'jpeg', 1, 214, 'app/uploads/SCFLUJAXqNKwDFTvgdWB2lFJPkkKt2ULzoBbNsXS.jpg'),
	(355, '145900201905095cd4403440899', 'Drone-Bee-Mens-Tool-Box-1.jpg', 'jpeg', 1, 215, 'app/uploads/BDqRwv5AoEn7t5eIQsDaCUrO8A1eNPgqJhKU4fJA.jpg'),
	(360, '150222201905095cd440fec7feb', 'Royal-Jelly-Eye-Beelift-1.jpg', 'jpeg', 1, 217, 'app/uploads/LFQYGrlC6XL96WGzKyUFY9gMraDkJjyJtKW2AdsJ.jpg'),
	(361, '150227201905095cd4410326b9e', 'Royal-Jelly-Eye-Beelift-2-1.jpg', 'jpeg', 1, 217, 'app/uploads/uoqQWriuCi2N97RC8E5nibdIrcVUqF3LWlJdU3qe.jpg'),
	(362, '150231201905095cd4410799671', 'Royal-Jelly-Eye-Beelift-3-1.jpg', 'jpeg', 1, 217, 'app/uploads/5SptfyrmDrR7SAkVP6ZhCWL1HcrHNWTgzpnjn4Y6.jpg'),
	(363, '150236201905095cd4410cb5511', 'Royal-Jelly-Eye-Beelift-4-1.jpg', 'jpeg', 1, 217, 'app/uploads/k2JTdTW2HgAsyMVu4UdVFtVZbyOmr0QxRpi4M1lg.jpg'),
	(364, '150411201905095cd4416b3cd67', 'Royal-Jelly-Bee-Luminescent-Eye-Serum-1.jpg', 'jpeg', 1, 218, 'app/uploads/n2uWwkkxj9GoRe75OigKYvyMbLPzIf1OTYUIC0go.jpg'),
	(365, '150416201905095cd441703c5e9', 'Royal-Jelly-Bee-Luminescent-Eye-Serum-2-1.jpg', 'jpeg', 1, 218, 'app/uploads/DZd1j3tNd6wcO1tFxksNqKfTpZ9Sql3C78hrzSo1.jpg'),
	(366, '150420201905095cd4417422f1b', 'Royal-Jelly-Bee-Luminescent-Eye-Serum-3-1.jpg', 'jpeg', 1, 218, 'app/uploads/V9y57Fe9xPRTxAmGfUBuxwLAvOVeJsXFdtAZBopy.jpg'),
	(367, '150544201905095cd441c8c34b3', 'Royal-Jelly-Bee-Eye-Firming-Cream-1.jpg', 'jpeg', 1, 219, 'app/uploads/E8HgcQIMJ2pnxEqlaF0mucEYa5Fv1Q3uHIFKGWPF.jpg'),
	(368, '150548201905095cd441ccc7114', 'Royal-Jelly-Bee-Eye-Firming-Cream-4-1.jpg', 'jpeg', 1, 219, 'app/uploads/3kz4NXcfOq4UWXWooPLnBycKAIU2Shb9dCd2A8Cm.jpg'),
	(369, '150553201905095cd441d18df49', 'Royal-Jelly-Bee-Eye-Firming-Cream-2-1.jpg', 'jpeg', 1, 219, 'app/uploads/PGIHAhWMRwnTn5yFz2bAPbk8uvOXguRvFsrHZEKZ.jpg'),
	(370, '150558201905095cd441d655e5f', 'Royal-Jelly-Bee-Eye-Firming-Cream-3-1.jpg', 'jpeg', 1, 219, 'app/uploads/6K4tisXgePLilFjt5XkGyaq5hZPcT2FsDtrq6x24.jpg'),
	(371, '150707201905095cd4421b60496', 'Royal-Jelly-Bee-Eye-Rejuvenation-Mask-1.jpg', 'jpeg', 1, 220, 'app/uploads/28247XioSCgibZFVs08MMA2GeiEvgRvdslNrF2vS.jpg'),
	(372, '150711201905095cd4421f4a4f6', 'Royal-Jelly-Bee-Eye-Rejuvenation-Mask-2-1.jpg', 'jpeg', 1, 220, 'app/uploads/ZonouX02tEumEyjDWNsRvJWZVmdj7lS2gKXV6UVP.jpg'),
	(373, '150830201905095cd4426e66083', 'Apitoxin-Collagen-Cream-1.jpg', 'jpeg', 1, 221, 'app/uploads/6SR1b3P3hSwkr00TO64R1vPUtcY2nYEZCVQgOJgp.jpg'),
	(374, '150835201905095cd44273e46b7', 'Apitoxin-Collagen-Cream-2-1.jpg', 'jpeg', 1, 221, 'app/uploads/ty5rVZG5Hr2xS2Qd9a4SVBViN9WiV4Ad4j9V77l7.jpg'),
	(375, '150840201905095cd4427867207', 'Apitoxin-Collagen-Cream-3-1.jpg', 'jpeg', 1, 221, 'app/uploads/62vsv6CpCHLVfDJekVprqrFqwlyAZXD5ZpqEek5d.jpg'),
	(376, '150845201905095cd4427d35a40', 'Apitoxin-Collagen-Cream-4-1.jpg', 'jpeg', 1, 221, 'app/uploads/HHqZr9hN6UDjXvdw4CkzMcwb3VcQRMyYyoW8eGut.jpg'),
	(377, '151019201905095cd442dbb6f31', 'Apitoxin-Collagen-Night-Recovery-1.jpg', 'jpeg', 1, 222, 'app/uploads/tAUtb3hS8i9Tek4Nbu3awK2CHUriF7A8faQxKer7.jpg'),
	(378, '151023201905095cd442dfe906a', 'Apitoxin-Collagen-Night-Recovery-3-1.jpg', 'jpeg', 1, 222, 'app/uploads/52FhckNXkTTtiC3ZAK8LJP3SfWIBKqVmJJ6ooTKP.jpg'),
	(379, '151027201905095cd442e3ee09a', 'Apitoxin-Collagen-Night-Recovery-2-1.jpg', 'jpeg', 1, 222, 'app/uploads/5pDKqfNrDHaRbSmBMRPiceO0NZvPexZVshbzDfTC.jpg'),
	(380, '151145201905095cd4433175797', 'Apitoxin-Collagen-Mask-1.jpg', 'jpeg', 1, 223, 'app/uploads/rtszla750KOlUfWFk3lyOXtT4rqk7v5DBIQJWmoW.jpg'),
	(381, '151149201905095cd44335d1423', 'Apitoxin-Collagen-Mask-2-1.jpg', 'jpeg', 1, 223, 'app/uploads/WvyVADIzzNPVw4Oq4GEzE3MSKSApXmOKjodK7LK8.jpg'),
	(382, '151154201905095cd4433a61995', 'Apitoxin-Collagen-Mask-3-1.jpg', 'jpeg', 1, 223, 'app/uploads/XwSCdJQA987pyvGRR6zOtd9xtTAzO6RUA7gEth7E.jpg'),
	(383, '151159201905095cd4433f35b33', 'Apitoxin-Collagen-Mask-4-1.jpg', 'jpeg', 1, 223, 'app/uploads/EEUHswVz33eyjCSgHnM6JhKjxR5hvcRSMKJSewGJ.jpg'),
	(384, '151341201905095cd443a5610cd', 'Orchard-Bee-Elevating-Balancing-Mask-1.jpg', 'jpeg', 1, 224, 'app/uploads/4STspCoMWEy7ILGHYibAxDAi1nMPReQdhH09Ku0t.jpg'),
	(385, '151349201905095cd443ad2a409', 'Orchard-Bee-Elevating-Balancing-Mask-2-1.jpg', 'jpeg', 1, 224, 'app/uploads/JcMHir2hbXvUkGiCHHIIMU80gKUz62JcKyiApaQF.jpg'),
	(386, '151353201905095cd443b18a07e', 'Orchard-Bee-Elevating-Balancing-Mask-3-1.jpg', 'jpeg', 1, 224, 'app/uploads/mDMG2akEcPqyOheDpOCPBqZZBbDUAMuS70GG5xs4.jpg'),
	(387, '151358201905095cd443b62a548', 'Orchard-Bee-Elevating-Balancing-Mask-4-1.jpg', 'jpeg', 1, 224, 'app/uploads/9N0DkX9deiWIR8l7C6l2ILEvkQTGKxv3XCNt8CRq.jpg'),
	(388, '151526201905095cd4440ee3848', 'Orchard-Bee-Dark-Spot-Solution-1.jpg', 'jpeg', 1, 225, 'app/uploads/4kgjB0ktGyPYcKA7pckfE4SCCw8kFALQyLyrn9fH.jpg'),
	(389, '151531201905095cd4441308e86', 'Orchard-Bee-Dark-Spot-Solution-2-1.jpg', 'jpeg', 1, 225, 'app/uploads/rRK64mN9hqytAndYQyv3H6Bz5ziS0znxXOC2XWsU.jpg'),
	(390, '151535201905095cd444179fd69', 'Orchard-Bee-Dark-Spot-Solution-3-1.jpg', 'jpeg', 1, 225, 'app/uploads/0ySridLduWGHVGY0sQ6hVPZjOVlTJ5BNoMo3UBLH.jpg'),
	(391, '151657201905095cd4446922812', 'Orchard-Bee-Brilliance-Cream-SPF-30-1.jpg', 'jpeg', 1, 226, 'app/uploads/4F8KGPz8e1qjwIJR5bXvyrD9WMJrwySH2tAyNjca.jpg'),
	(392, '151701201905095cd4446d6f8e6', 'Orchard-Bee-Brilliance-Cream-SPF-30-2-1.jpg', 'jpeg', 1, 226, 'app/uploads/HOdqZ0EE9e5Cx7MESu1GWNsHj9ZxuWapQpiEIeYt.jpg'),
	(393, '151705201905095cd4447152110', 'Orchard-Bee-Brilliance-Cream-SPF-30-3-1.jpg', 'jpeg', 1, 226, 'app/uploads/QYQsDrpupwWXmwwen8MJUdOKXExuYwV5Iaor0d7w.jpg'),
	(394, '155500201905095cd44d54563ed', 'ViperLift-Bio-Mask-1.jpg', 'jpeg', 1, 227, 'app/uploads/6S72uKBTGuYBNGrhOgQGZPq6YeklgV111kdorZ0X.jpg'),
	(397, '155543201905095cd44d7f82fc8', 'ViperLift-Bio-Mask-2-1.jpg', 'jpeg', 1, 227, 'app/uploads/KpUYzjRGnQeSMJh9I8VdmW8OHbN7PFCO8Stwucpv.jpg'),
	(398, '155549201905095cd44d858b891', 'ViperLift-Bio-Mask-3-1.jpg', 'jpeg', 1, 227, 'app/uploads/2DnXK4uDDBCpioqGMfvPPlQiad3ljmVeONfabwEz.jpg'),
	(399, '155553201905095cd44d89c2e4b', 'ViperLift-Bio-Mask-4-1.jpg', 'jpeg', 1, 227, 'app/uploads/U2TdxsqHZGZuSumepZaJlIsBoMqvAqtS28RAvzlM.jpg'),
	(400, '155822201905095cd44e1eabc77', 'ViperLift-Bio-Serum-1.jpg', 'jpeg', 1, 228, 'app/uploads/8MLTEWr2i5DFHTR2RnCaUovFDA9EFB7bTOrjkoYR.jpg'),
	(401, '155827201905095cd44e23324ff', 'ViperLift-Bio-Serum-2-1.jpg', 'jpeg', 1, 228, 'app/uploads/pvMPXA8ARZeAM5tqdUe4XGzoWnMzn3SUAvL49S0R.jpg'),
	(402, '155831201905095cd44e279afef', 'ViperLift-Bio-Serum-3-1.jpg', 'jpeg', 1, 228, 'app/uploads/4LhgXgOKmfraOP6gYWTZ1usDbYlS24g61evW7CUk.jpg'),
	(403, '155946201905095cd44e72ba14d', 'ViperLift-Bio-Syringe-1.jpg', 'jpeg', 1, 229, 'app/uploads/gGy1GOMIlNvsJqq358dzBYCzMdkhjjagxJRBcXgL.jpg'),
	(404, '155951201905095cd44e77eafee', 'ViperLift-Bio-Syringe-2-1.jpg', 'jpeg', 1, 229, 'app/uploads/UF0pG7ovnkFoxs5c5H3qaw7sXzTlYF006cJiFvEX.jpg'),
	(405, '155955201905095cd44e7bc1021', 'ViperLift-Bio-Syringe-3-1.jpg', 'jpeg', 1, 229, 'app/uploads/YJDec1cRh3GWqoCbcayjc4fbJW0Sf6MZifiqMTji.jpg'),
	(406, '155959201905095cd44e7fb9874', 'ViperLift-Bio-Syringe-4-1.jpg', 'jpeg', 1, 229, 'app/uploads/f75f1bvYx8mjza9dhUPlCtdWmXeGxoUupuWbK1mS.jpg'),
	(407, '160003201905095cd44e839ab82', 'ViperLift-Bio-Syringe-5-1.jpg', 'jpeg', 1, 229, 'app/uploads/aNgRgsKDjSPg9KrvoRtO9Y5cfaTGrBiJAzDCPVXk.jpg'),
	(408, '160127201905095cd44ed7be3d7', 'ViperLift-Bio-Cream-1.jpg', 'jpeg', 1, 230, 'app/uploads/lAvtk5z5xxSfAwLadpOf6sIB67CjBqZSXBjQuv4D.jpg'),
	(409, '160132201905095cd44edc44564', 'ViperLift-Bio-Cream-2-1.jpg', 'jpeg', 1, 230, 'app/uploads/s4Io2OQRbSR7rxXKwSFwHunGpO6ndJcx2zPHWl9O.jpg'),
	(410, '160136201905095cd44ee0834db', 'ViperLift-Bio-Cream-3-1.jpg', 'jpeg', 1, 230, 'app/uploads/n5eow2VBWw1mpX5j8QWUFuiK9QHvPKi3oaKFdW6E.jpg'),
	(411, '160140201905095cd44ee4a8945', 'ViperLift-Bio-Cream-4-1.jpg', 'jpeg', 1, 230, 'app/uploads/ioefksjNRfWJUi3cPUD3gLWngp2jsS0W3umSe59y.jpg'),
	(412, '160500201905095cd44faca28df', 'Iron-Bee-Boosting-Serum-1.jpg', 'jpeg', 1, 231, 'app/uploads/UCSLsmJerD8vZhEHSzK8QUluaJAsoPneko1fVRl1.jpg'),
	(413, '160504201905095cd44fb0e5cec', 'Iron-Bee-Boosting-Serum-2-1.jpg', 'jpeg', 1, 231, 'app/uploads/GrOhKcFnI4AHwrFlAiPVHbePmTr9sZLlIeTwYHaY.jpg'),
	(414, '160508201905095cd44fb4e985d', 'Iron-Bee-Boosting-Serum-3-1.jpg', 'jpeg', 1, 231, 'app/uploads/CTY5k64WAb8NaNUv91cr7aGeFGSi17k36rh2GHL6.jpg'),
	(415, '160708201905095cd4502c760c0', 'Iron-Bee-Magnetic-Mask-1.jpg', 'jpeg', 1, 232, 'app/uploads/vy5aBnznH4j0uJdBfvIrfBe6rjXbwOpw75SAi5H1.jpg'),
	(416, '160718201905095cd450360f294', 'Iron-Bee-Magnetic-Mask-2-1.jpg', 'jpeg', 1, 232, 'app/uploads/z9ByDYBDfnfo1hG6swgj66VgZmsIzb4nH2hHW2CU.jpg'),
	(417, '160722201905095cd4503a4ce78', 'Iron-Bee-Magnetic-Mask-3-1.jpg', 'jpeg', 1, 232, 'app/uploads/RogMKUq7sEECpr1Y2aLDCaxhAKJe2E8sr19O26Ey.jpg'),
	(418, '160727201905095cd4503f354a5', 'Iron-Bee-Magnetic-Mask-4-1.jpg', 'jpeg', 1, 232, 'app/uploads/lboe7L2gSzqNm6UME4xkotq5gdem4I5IsK0pP1tw.jpg'),
	(419, '160731201905095cd4504384c2b', 'Iron-Bee-Magnetic-Mask-5-1.jpg', 'jpeg', 1, 232, 'app/uploads/NGAIbn5xD3Kz7AEYiAcS1Jp3wWbjQFMbWil4EeLD.jpg'),
	(420, '160852201905095cd4509492a23', 'Iron-Bee-Transforming-Cream-1.jpg', 'jpeg', 1, 233, 'app/uploads/EepdI44k80IlaXmjtjCgrH6xdcIzFD7gxEyL8Ofa.jpg'),
	(421, '160858201905095cd4509a36a23', 'Iron-Bee-Transforming-Cream-2-1.jpg', 'jpeg', 1, 233, 'app/uploads/A26sVtGRYm6sp2v4ZiYcpG9UOSkYX8QU4Y8MEnEV.jpg'),
	(422, '160902201905095cd4509e28810', 'Iron-Bee-Transforming-Cream-3-1.jpg', 'jpeg', 1, 233, 'app/uploads/Irc1kpuIlRNNzzprzgisXKs1iVBE0t5sFtdbKrvV.jpg'),
	(423, '160906201905095cd450a223a70', 'Iron-Bee-Transforming-Cream-4-1.jpg', 'jpeg', 1, 233, 'app/uploads/WqtUVZ061xkzlpNM8ObD4FAbZ6kRqKW5zq1AOY7H.jpg'),
	(424, '161139201905095cd4513becd74', 'Body-Butter-1.jpg', 'jpeg', 1, 234, 'app/uploads/ZwOcdQAoaH4s3DsyvdgYxzDhOAR1ySi1xlouiNzP.jpg'),
	(425, '161147201905095cd451438ba0f', 'Body-Butter-2.jpg', 'jpeg', 1, 234, 'app/uploads/BX2IxgG1CFwBRGSJSjzNYziQzeZdXk6LA1ZZH7dl.jpg'),
	(426, '163321201905095cd45651d3ae9', 'celestolite-renewal-system-mask-pro-900x1350.jpg', 'jpeg', 1, 243, 'app/uploads/RFwfweWDDD3piK3zIc3gEmbFimlEVsS3eBqGOPgW.jpg'),
	(427, '163418201905095cd4568a90913', 'body-exfoliant-900x1350.jpg', 'jpeg', 1, 244, 'app/uploads/kjvRWY9rmeEvllwSlhpWUyZFf6ZcgceSFb6O1E6f.jpg'),
	(428, '163610201905095cd456fa00feb', 'body-butter-900x1350.jpg', 'jpeg', 1, 245, 'app/uploads/MVPQYn2xlTpWDIGJnUn7s55F5w0veoxdu5IuSm8r.jpg'),
	(429, '163658201905095cd4572a099d8', 'cel_hand-body-cream-front.jpg', 'jpeg', 1, 246, 'app/uploads/puH4rTs3S1pw5o2BB7U3nr0x8fkm5KDgzUTMuZ7i.jpg'),
	(430, '163838201905095cd4578e2c77a', 'venus-facial-peel-900x1350.jpg', 'jpeg', 1, 247, 'app/uploads/GTjjrWfPjJevO3HHUCZ5725Fbqo5cOUDO66PIoMR.jpg'),
	(431, '163916201905095cd457b4f2b8d', 'venus-day-cream-900x1350.jpg', 'jpeg', 1, 248, 'app/uploads/rKHIyH8K6T79t2nzswVlwebEMS31vnXVdo0ewlg9.jpg'),
	(432, '164010201905095cd457ea6ad68', 'venus-serum-900x1350.jpg', 'jpeg', 1, 249, 'app/uploads/uB7xQGOeBfxEBTXpIyheHACpySQczLzvQioQexSD.jpg'),
	(433, '164058201905095cd4581a65a04', 'venus-cream-900x1350.jpg', 'jpeg', 1, 250, 'app/uploads/9gSVia0HEJWOkuOElkoqPUhh0lbHjDfGUHibf4nC.jpg'),
	(434, '164312201905095cd458a0a3d79', 'venus-vitc-serum-900x1350.jpg', 'jpeg', 1, 251, 'app/uploads/L1KxxlFjLzQBe4kZU0VieDDpgPisNdG5iPHnYDB6.jpg'),
	(435, '164413201905095cd458ddaa375', 'venus-mousse-900x1350.jpg', 'jpeg', 1, 252, 'app/uploads/B61xphfSaK5zsFD7uMypOA3LL8iB9ucK3p4EBOgw.jpg'),
	(436, '164517201905095cd4591d12501', 'venus-cleansing-kit-large-900x1350.jpg', 'jpeg', 1, 253, 'app/uploads/3wXFRsP367gslTQBqAiQa8I8jE5C1p9TVruvoIgP.jpg'),
	(437, '164621201905095cd4595d26ecd', 'venus-cleansing-kit-large-900x1350.jpg', 'jpeg', 1, 254, 'app/uploads/jJHdHLsItP3wpqcLoZp2NgkBJZTtYNO5w3bzdZey.jpg'),
	(438, '165048201905095cd45a682a287', 'jade-mask-900x1350.jpg', 'jpeg', 1, 256, 'app/uploads/xiaTNJfi1UDnj6zQSuLmbAGV446WOP649tM1HbdU.jpg'),
	(439, '165159201905095cd45aaf54ca6', 'jade_spectraphytosilk-1.jpg', 'jpeg', 1, 257, 'app/uploads/6rv0ho8XL7iucE0bavgmxjYuL1mSYTn8K7UzJiTX.jpg'),
	(440, '165319201905095cd45aff2bfcd', 'jade-serum-900x1350.jpg', 'jpeg', 1, 258, 'app/uploads/dNZRIF2DZtkr4LfxaKhSbR1uyGsjIKY7HNLSWH96.jpg'),
	(441, '165435201905095cd45b4b4fab6', 'jade-capsules-900x1350.jpg', 'jpeg', 1, 259, 'app/uploads/fiV68C5TTbNxKKptZWA8wSXyZlAgYcsnvQhqOYYv.jpg'),
	(442, '165541201905095cd45b8d23ba3', 'jade-capsules-900x1350.jpg', 'jpeg', 1, 260, 'app/uploads/N0UTkpbnnC31yESRmxZ52oLvcnl7bZtkSFTGwKRm.jpg'),
	(443, '165811201905095cd45c23bf416', 'cosmic-serum-900x1350.jpg', 'jpeg', 1, 261, 'app/uploads/3TJJOhxZi3MpvCD3P68BuGKLWkSLuf0ou9NN450H.jpg'),
	(444, '165852201905095cd45c4c8b887', 'cosmic-mask-900x1350.jpg', 'jpeg', 1, 262, 'app/uploads/O0sMqdd2iB179Jbav3c4Zg4I3RA8tlO7Nky9WLES.jpg'),
	(445, '165940201905095cd45c7cb834f', 'cosmic-firming-neck-cream-large.jpg', 'jpeg', 1, 263, 'app/uploads/md1jUm6khzEI0Tqdnie4P7PuFcNICnoROVvSDOsv.jpg'),
	(446, '170040201905095cd45cb8c7584', 'cosmic-cream-900x1350.jpg', 'jpeg', 1, 264, 'app/uploads/qv1rCM1lKOSjEu6aJgCsvPd50qwLuQq6rUWRagFJ.jpg'),
	(447, '170118201905095cd45cde4e2db', 'cosmic_plumper-1-900x1350.jpg', 'jpeg', 1, 265, 'app/uploads/tenkJTsTHxvuLosjY51jQPI3NGhSBBcGfWg28YDV.jpg'),
	(448, '170303201905095cd45d47cd97e', 'nova-radiance-mask-jar.jpg', 'jpeg', 1, 266, 'app/uploads/G9bo4EEVIyxFclHvsssrbrPA1Skv62VZmmXkTWji.jpg'),
	(449, '170352201905095cd45d7898d40', 'nova-dark-spot-corrector.jpg', 'jpeg', 1, 267, 'app/uploads/D0UE6192eqBpTxP0ecdWSL3baLFN1U9Mp1heEnCG.jpg'),
	(450, '170459201905095cd45dbbea568', 'nova-bright-skin-cream-spf-30-jar.jpg', 'jpeg', 1, 268, 'app/uploads/A4LiUiPi6B4xK4HZXdBD1hOdGPzirrxapKGn6DR0.jpg'),
	(451, '170629201905095cd45e15a96aa', 'luna_lava-mask-900x1350.jpg', 'jpeg', 1, 269, 'app/uploads/dMcEBNnwrrvLXoDyRrrhEMONlxNsNqVGm6hkI3IK.jpg'),
	(452, '170709201905095cd45e3dc9dfc', 'luna_mineral-cream-900x1350.jpg', 'jpeg', 1, 270, 'app/uploads/11ngpMsqw3AUAOJe3zvOkBQsZa2QCiC0WTkBLmKh.jpg'),
	(453, '170749201905095cd45e657a7a8', 'luna_thermal-activator-900x1350.jpg', 'jpeg', 1, 271, 'app/uploads/CSt4bjtFutc02yDDE27UqttzjtrQEnd1PZGZillO.jpg'),
	(454, '170821201905095cd45e850e256', 'luna_thermal-activator-900x1350.jpg', 'jpeg', 1, 272, 'app/uploads/RU7gnGhBCyJ4Qgzc0ExB5FzFTdAE75NkGahI3Lgf.jpg'),
	(455, '170921201905095cd45ec194967', 'mars_mask.jpg', 'jpeg', 1, 273, 'app/uploads/LOcSIsndvajXh6jstCzASUFplViOfgRr9KxaJqDH.jpg'),
	(456, '171013201905095cd45ef51765e', 'mars_cream-1.jpg', 'jpeg', 1, 274, 'app/uploads/0ncfjczSj7GYt1HTmZ08y6JMvYnsZ1doQGDnJzAf.jpg'),
	(457, '171050201905095cd45f1aefd3a', 'mars_serum.jpg', 'jpeg', 1, 275, 'app/uploads/j1r0fcw5Sns7v6JvZxsFgbXGtXDir1EjqCSAsMx7.jpg'),
	(458, '171455201905095cd4600fb7d9f', 'celestolite-beautybag-dailybag.jpg', 'jpeg', 1, 276, 'app/uploads/pg51p7tZRgXQmXfkwGOb86jkdT8fsbiXDfjmeUKz.jpg'),
	(459, '172157201905095cd461b528e91', 'classic-styler-red.jpg', 'jpeg', 1, 281, 'app/uploads/PkRNAwa1cK3KPJwlEo4qCYK3vmtNkArsdJLesh80.jpg'),
	(460, '172204201905095cd461bc59334', 'classic-styler-red-Box.jpg', 'jpeg', 1, 281, 'app/uploads/6XM7KXlzT7nLjs1PTzcEQDQoF05J0NpcT917Z3HI.jpg'),
	(461, '172212201905095cd461c4475cb', 'classic-styler-red-Box-open.jpg', 'jpeg', 1, 281, 'app/uploads/aVxbmSJZV1WxrH5b6VyrmTYYjWwFsMz6cs87McHg.jpg'),
	(462, '172223201905095cd461cf94372', 'classic-styler-red-Box.jpg', 'jpeg', 1, 281, 'app/uploads/d8X92cEQNtvTcPkYbP4uLpRnN81VfyGiyanB05Dj.jpg'),
	(463, '172833201905095cd463419d568', 'classic-styler-blue-1.jpg', 'jpeg', 1, 282, 'app/uploads/1zQ6ds4cHr1Fg82RgVghcSYjXfxKkO9JK7RAnFW0.jpg'),
	(464, '172944201905095cd46388eb8b5', 'Evalectric-classic-styler-1.25-creazy-pink-flat-iron.jpg', 'jpeg', 1, 283, 'app/uploads/GVX02fuw8e89puwQoFvKe30XPJ3pmtIuIVIwI2s1.jpg'),
	(465, '173102201905095cd463d647a53', 'Evalectric-classic-styler-1.25-deep-purple-flat-iron.jpg', 'jpeg', 1, 284, 'app/uploads/Dj0SrXLTJIfmOiaf76n5JWcihPOqaoGyb5a4Whoi.jpg'),
	(466, '173234201905095cd46432ce1ba', 'Evalectric-classic-styler-1.25-lime-green-flat-iron.jpg', 'jpeg', 1, 285, 'app/uploads/n2i2TrNdOLBPVx7uQZr4f24EfWSG6wdLCGNKN7nW.jpg'),
	(467, '173347201905095cd4647bbec7f', 'Evalectric-classic-styler-1.25-baby-pink-flat-iron.jpg', 'jpeg', 1, 286, 'app/uploads/Sw6yUSgp3VVxUNQgvfl6hxHu7PJRrYL0rJ5SXVJX.jpg'),
	(468, '173506201905095cd464ca191c0', 'classic-styler-orange-1.jpg', 'jpeg', 1, 287, 'app/uploads/ZdauXunfj34bmO2XHVAeK1R1DcXbWlqZrEmU0rqy.jpg'),
	(469, '173511201905095cd464cfb53ee', 'classic-styler-orange-Box-open-1.jpg', 'jpeg', 1, 287, 'app/uploads/55S6Qv5S7hJdLzczPXSpfygrQCwklDFL6YBRRSa5.jpg'),
	(470, '173516201905095cd464d46d026', 'classic-styler-orange-Box-1.jpg', 'jpeg', 1, 287, 'app/uploads/3u4ldf6AwhYonK6bVsWuyTCZSfPtPSp46SApjz2B.jpg'),
	(471, '173732201905095cd4655c98157', 'pink-lace.jpg', 'jpeg', 1, 288, 'app/uploads/xYHZnLZheudp3NRhaEGcjv4XTQ3GEMgMvx1TZ6v6.jpg'),
	(472, '173738201905095cd465621e21e', 'pink-lace-box.jpg', 'jpeg', 1, 288, 'app/uploads/Rug3vcS8HDEYxee5BKiCThaRpOCPijz1drnmnVTV.jpg'),
	(473, '173958201905095cd465ee76a0a', 'sweet-n-flower.jpg', 'jpeg', 1, 289, 'app/uploads/raCHWorzwFb6qARryzgJlfNWP8bgl029L1Jk2GIO.jpg'),
	(474, '174004201905095cd465f426a0e', 'sweet-n-flower-box.jpg', 'jpeg', 1, 289, 'app/uploads/ZjzPJvKO9gb8Vmdke0O1AoA2g99qeuZtgc7mfQzz.jpg'),
	(475, '174202201905095cd4666a530c3', 'ying-yang.jpg', 'jpeg', 1, 290, 'app/uploads/B4OZjvIssEIBg8ihWTwgUMsK5UgKA3LBFLsPMJ6k.jpg'),
	(476, '174209201905095cd466719c5d0', 'ying-yang-box.jpg', 'jpeg', 1, 290, 'app/uploads/u7K0xj4Ap9iXuA6Zt6MkZk2Ds5pYsiQyrkXpOvJd.jpg'),
	(477, '174328201905095cd466c0a3680', 'zebra.jpg', 'jpeg', 1, 291, 'app/uploads/Lr1w48eBNDyeZwYVRuE0ZYSxeJAxmyYoXLhhw5Kb.jpg'),
	(478, '174332201905095cd466c437ab3', 'zebra-box.jpg', 'jpeg', 1, 291, 'app/uploads/ddR4XtPYe8HZtVNk6WqnHvCo1aHC2PhyVv8uv1x0.jpg'),
	(479, '174534201905095cd4673e448df', 'Evalectric-1.25-inch-soft-skull-flat-iron_preview.jpeg', 'jpeg', 1, 292, 'app/uploads/AIh94zPXqBVNAh7LNWOG2spDk3RoHQ6TMRdvQWnr.jpg'),
	(480, '174541201905095cd46745d3b11', 'Evalectric-1.25-inch-soft-skull-flat-iron_preview-1.jpeg', 'jpeg', 1, 292, 'app/uploads/efY5jJNlNTjVFXDG9EIbNZByUDk6WXIBTVHSrX07.jpg'),
	(481, '174655201905095cd4678fafcc1', 'pink-cheetah.jpg', 'jpeg', 1, 293, 'app/uploads/bQ4Tthld9TBGlhzBYSt5JitHVI32u9StFYK8u71Q.jpg'),
	(482, '174809201905095cd467d9d93ec', 'peacock.jpg', 'jpeg', 1, 294, 'app/uploads/n9cTzNufSb3lI3uKu0IVgWYjjriyVLjwEVhemo8o.jpg'),
	(483, '174829201905095cd467ed2fc01', 'peacock-box.jpg', 'jpeg', 1, 294, 'app/uploads/paQ2vMcboHyuzBoNDhAuQzQYmKLy1d1HvF2nIJo2.jpg'),
	(485, '175251201905095cd468f329da9', 'Evalectric-1.25-inch-soft-tuch-teal-flat-iron.jpg', 'jpeg', 1, 295, 'app/uploads/9pBq3Nnnpe2TyGVwdPuxP7TmZK5b3LV9pQpgCsBL.jpg'),
	(486, '175433201905095cd46959d9c5d', 'soft-touch-pink.jpg', 'jpeg', 1, 296, 'app/uploads/qb1ZmPsTDJtHxNVWNzkRGwj3YJkeDPASTtyi0FGu.jpg'),
	(487, '175439201905095cd4695f14dfb', 'curler-grande-pink-box.jpg', 'jpeg', 1, 296, 'app/uploads/24La3fC3PSU653Ik5FMzr7GDMPjjjJfYQYnHXnf1.jpg'),
	(488, '175531201905095cd469933b015', 'Evalectric-1.25-inch-soft-tuch-purple-flat-iron.jpg', 'jpeg', 1, 297, 'app/uploads/0j2Id2rEtolW3P0C7LYgQpZVJGweSi5GEWRfFRca.jpg'),
	(489, '175738201905095cd46a12d5276', 'turbo-black-3.jpg', 'jpeg', 1, 298, 'app/uploads/4gw1io7WgrsJ2LLS3CICkW0svEsIA03lvoP8rS07.jpg'),
	(490, '175743201905095cd46a1754ae6', 'turbo-black2.jpg', 'jpeg', 1, 298, 'app/uploads/87kcPNpqS566iF4iAiXtu9PExnLMllN8jRvjGQwu.jpg'),
	(491, '175748201905095cd46a1c1b772', 'turbo-black-box.jpg', 'jpeg', 1, 298, 'app/uploads/Zk5mA5Q2V30tV1hdpGy6vZNt6RWYd7rFnTXtZXvK.jpg'),
	(492, '181837201905095cd46efd98d98', 'grande-curl-pink.jpg', 'jpeg', 1, 301, 'app/uploads/fUcSHFLnb2r8bCHFJjMhx1umrp2jdn4AI0dpeZVj.jpg'),
	(493, '181851201905095cd46f0b7f765', 'curler-grande-pink-box (1).jpg', 'jpeg', 1, 301, 'app/uploads/jzTDlvVTQBYppbYDHM5RaHbLvORjxpxymZyM25A9.jpg'),
	(494, '182018201905095cd46f62c4aec', 'grande-curl-purple.jpg', 'jpeg', 1, 302, 'app/uploads/i6BrnQkq8ryHHaCsbEajbnzxISwNf3aXhbqcCpkq.jpg'),
	(495, '182024201905095cd46f68769c3', 'curler-grande-box.jpg', 'jpeg', 1, 302, 'app/uploads/bShwRqitE9WLezdwcHOUDYnYyWcD7BY4jYgjc9ck.jpg'),
	(496, '182305201905095cd47009b606a', 'Evalectric-venti-curler-black-25-32mm.jpg', 'jpeg', 1, 303, 'app/uploads/mUDbiVaMc3sur3Lpz85xmnXb66qin6DVULO6109b.jpg'),
	(497, '182314201905095cd470126fa7e', 'Evalectric-venti-curler-black-25-32mm-box.jpg', 'jpeg', 1, 303, 'app/uploads/biWYftIXLKk5cFuDWQJtd5ORhCse0QF0YHFQMk1e.jpg'),
	(498, '182620201905095cd470cc98510', 'skinny-curl-wand.jpg', 'jpeg', 1, 304, 'app/uploads/nfTNoL9gUouM2ecBhOejHkPApgOLsqILAJwrYHdt.jpg'),
	(499, '182757201905095cd4712d7983f', 'trenta-curler.jpg', 'jpeg', 1, 305, 'app/uploads/tVUR4mZKfpzVRgwhV9jj2unb7nlWHBkXs7oMMnE8.jpg'),
	(500, '182803201905095cd471330d439', 'curler-trenta-box.jpg', 'jpeg', 1, 305, 'app/uploads/8Wmwjx162iY2ANNrFmaRUJTdSDM3IzyGxvOouyzj.jpg'),
	(501, '184232201905095cd4749840140', 'Evalectric-Ionix-LED-Blow-Dryer.jpg', 'jpeg', 1, 310, 'app/uploads/qfYVjU9kHtybSt4gxLjslp6nxztfLd9EqzTvjJxx.jpg'),
	(502, '184256201905095cd474b040fe6', 'Evalectric-Ionix-LED-Blow-Dryer-Box.jpg', 'jpeg', 1, 310, 'app/uploads/VgCJYq2vIqesSmvhH30ZkdzRZh5k9NP6UNbAz3Dr.jpg'),
	(503, '190012201905095cd478bca8363', 'ocean-blue-sets.jpg', 'jpeg', 1, 313, 'app/uploads/sEIHrhcsu6Fb2o4g8yqxdW9QpZ14h7HP6JW2cf9w.jpg'),
	(504, '190149201905095cd4791dc7a6a', 'Evalectric-Professional-Styling-Trio-Crazy-Pink-Set.jpg', 'jpeg', 1, 314, 'app/uploads/gdpGoZejxtFee183z7CqTgV3OAXtbpTvuYz53JsA.jpg'),
	(505, '190419201905095cd479b31f697', 'Evalectric-Professional-Styling-Trio-Deep-Purple-Set.jpg', 'jpeg', 1, 315, 'app/uploads/2Za1V4WLlJtJTDqjoLzE8u0pXnVHn9VJL3pypKnt.jpg'),
	(506, '190642201905095cd47a42cdb47', 'Evalectric-Professional-Styling-Trio-Black.jpg', 'jpeg', 1, 316, 'app/uploads/bCyCFj16KH532f6F3F1DMNWO3BPG6OY984HjNiN8.jpg'),
	(507, '190834201905095cd47ab285697', 'curler-sets.jpg', 'jpeg', 1, 317, 'app/uploads/ZRSNiZWdaxJmigolrruz93A9axCrDLkdiBMouPMh.jpg'),
	(508, '190928201905095cd47ae8c0f3d', 'lace-sets.jpg', 'jpeg', 1, 318, 'app/uploads/iCFZq4RdWaNFBrUHgGviBSb1cvzU8zZnZuy5y6WY.jpg'),
	(509, '191843201905095cd47d13a2f34', 'straight-brush-pro-orange-side.jpg', 'jpeg', 1, 319, 'app/uploads/xVGmDvnndg6d0ZogRBp7hFANiMiyXyqJxiehMPCc.jpg'),
	(511, '191947201905095cd47d535ff6e', 'straight-brush-pro-orange.jpg', 'jpeg', 1, 319, 'app/uploads/AcIYwSI760VL8TTQJWsL9OUY7HSTpkUzmbD6FfKj.jpg'),
	(512, '191959201905095cd47d5fa70ed', 'straight-brush-pro-ocean-blue-front.jpg', 'jpeg', 1, 319, 'app/uploads/EAPmA3fUR3dd6Q4x8lHG7MqLZEGHdzdLSvFi5V7L.jpg'),
	(513, '192014201905095cd47d6e385bc', 'straight-brush-pro-orange-open-box-2.jpg', 'jpeg', 1, 319, 'app/uploads/Bjpnw9Suu3z5idmfWFTqCmhBzDCukfqZgRadrBBl.jpg'),
	(514, '192026201905095cd47d7a7cd6d', 'straight-brush-pro-orange-box-front.jpg', 'jpeg', 1, 319, 'app/uploads/m49suiYYLSK7iJDgMdsHrmt5QmWvct82IW8LTLFH.jpg'),
	(515, '192154201905095cd47dd2b4504', 'straight-brush-pro-pink-side.jpg', 'jpeg', 1, 320, 'app/uploads/0zPzDDN3WvYc6LFOUaNxkGicLgDyd7HpJMqYnxoO.jpg'),
	(516, '192203201905095cd47ddbabb94', 'straight-brush-pro-pink.jpg', 'jpeg', 1, 320, 'app/uploads/xtIf5swtqQNwUxJ33TYleOZZIS6TC1tijjJLbkmT.jpg'),
	(517, '192213201905095cd47de576d26', 'straight-brush-pro-pink-front.jpg', 'jpeg', 1, 320, 'app/uploads/1WBhbz1fLTgVOoCBe3qt9XrWQU0MjCPCaemyZPJ2.jpg'),
	(518, '192222201905095cd47deed70a0', 'straight-brush-pro-pink-open-box-2.jpg', 'jpeg', 1, 320, 'app/uploads/ajrNsoVJIAsR55kJ6PBjYEFCVeTpl5jV6xNbFMtE.jpg'),
	(519, '192233201905095cd47df9d774e', 'straight-brush-pro-pink-box-front.jpg', 'jpeg', 1, 320, 'app/uploads/Voh7ucxJBBXRD0tbUcMo689TSH9mrq5r7Y7qSIpL.jpg'),
	(520, '192418201905095cd47e62cff73', 'straight-brush-pro-purple-side.jpg', 'jpeg', 1, 321, 'app/uploads/qeicY4rdGyEYwsmx5ZOcUxJWQBm3AyjjUXJQpZIg.jpg'),
	(521, '192430201905095cd47e6e98009', 'straight-brush-pro-purple.jpg', 'jpeg', 1, 321, 'app/uploads/hutPxgtFsdEJvixfJrIw71gRU5BVnMDzA2obWbHY.jpg'),
	(522, '192500201905095cd47e8cd8a12', 'straight-brush-pro-pink-front (1).jpg', 'jpeg', 1, 321, 'app/uploads/dSKEmqMESBRPsliClQuNTXHO55jNVi2BixhBdfQy.jpg'),
	(523, '192510201905095cd47e9601946', 'straight-brush-pro-purple-box-front.jpg', 'jpeg', 1, 321, 'app/uploads/6BddiCSL0cwZ3MHKu5MyMjEJZbCpbwZ2pbhNp8Rr.jpg'),
	(524, '192519201905095cd47e9fcc579', 'straight-brush-pro-purple-open-box-2.jpg', 'jpeg', 1, 321, 'app/uploads/bqmIrS4CGt8kHzZ123wYjrkQU2WelKYh1qEhnpwx.jpg'),
	(525, '192605201905095cd47ecdb8b72', 'straight-brush-pro-blue-side.jpg', 'jpeg', 1, 322, 'app/uploads/GoyST84JXUHKdwfTEhTb2FU5DGc74zSioLm28rfE.jpg'),
	(526, '192614201905095cd47ed6edbb5', 'straight-brush-pro-blue.jpg', 'jpeg', 1, 322, 'app/uploads/TcxrarcWOMGgxLU1aagCLSbRY3cfdXoffSs9ctxo.jpg'),
	(527, '192625201905095cd47ee1d4fe3', 'straight-brush-pro-ocean-blue-front (1).jpg', 'jpeg', 1, 322, 'app/uploads/lqYhezeXXPeyzs4baoIpR64bjH7M5dOtobyXBHTp.jpg'),
	(528, '192634201905095cd47eea8466c', 'straight-brush-pro-blue-open-box-2.jpg', 'jpeg', 1, 322, 'app/uploads/ST86j3uvlHFQmjkaBMoVwodrMcEEhZjOlRHPO2nj.jpg'),
	(529, '192642201905095cd47ef2ef7df', 'straight-brush-pro-blue-box-front.jpg', 'jpeg', 1, 322, 'app/uploads/jpexVz1D8qhs3uLOzrDrwC5G6vOkWf4nmT6IXKmN.jpg'),
	(532, '193954201905095cd4820a02a32', 'Evalectric-Hair-Mask-Front.jpg', 'jpeg', 1, 325, 'app/uploads/cUUT4H2rjBJ2XalDoInMbXMx3PUVPr6EAPZ3jto1.jpg'),
	(533, '193959201905095cd4820f95062', 'Evalectric-Hair-Mask-Top.jpg', 'jpeg', 1, 325, 'app/uploads/TZjXmbasfBIVXp1DsoeKfFi716gvIWgrREdEWlbG.jpg'),
	(534, '194108201905095cd482541da2c', 'Evalectric-hair-serum-front-1.jpg', 'jpeg', 1, 326, 'app/uploads/ysKBjA5nhgYVF5M9vi8abMaYUB1p9q48WLYiK5xL.jpg'),
	(535, '194120201905095cd4826020279', 'Evalectric-hair-serum-box.jpg', 'jpeg', 1, 326, 'app/uploads/1otF8t2LrgF0am2E5jHxItL9hrSPbXtjZJO4h0oQ.jpg'),
	(536, '194612201905095cd483843d634', 'eva-shampoo-front.jpg', 'jpeg', 1, 327, 'app/uploads/i4xdzdGy4VLj0nRBw0r2g8uDZ17YR5M7YJ7LCAGG.jpg'),
	(537, '194617201905095cd4838970fe8', 'eva-shampoo-back.jpg', 'jpeg', 1, 327, 'app/uploads/btGtlXreIeoZm2uZppgnaO3QtPSjRw1Ukv0PLK7l.jpg'),
	(538, '194623201905095cd4838f1741c', 'eva-shampoo-open.jpg', 'jpeg', 1, 327, 'app/uploads/2nyEoA1Yk3esLYf19PK6WBVurqvhAfHlSI96zRY5.jpg'),
	(539, '195334201905095cd4853ea7619', 'eva-conditioner-front.jpg', 'jpeg', 1, 328, 'app/uploads/1jOvwcBlRSg42aSAWxwTEyD928pvmglhWjl4tlcg.jpg'),
	(540, '195337201905095cd485418c3ac', 'eva-conditioner-back.jpg', 'jpeg', 1, 328, 'app/uploads/fVoJo9X8QVpLuiZ4ldWpMYvFOfpMowJEk4Dsiqyh.jpg'),
	(541, '195340201905095cd485447888c', 'eva-conditioner-open.jpg', 'jpeg', 1, 328, 'app/uploads/ab4T5aFQ9wXpspJt779Hsr2UmQ7vhLGiYo50nlGf.jpg'),
	(542, '195454201905095cd4858edf6dd', 'Evalectric-Hair-Spray.jpg', 'jpeg', 1, 329, 'app/uploads/DszVKzc5E6g3QRmduettMBuzp2OfQCdXiy6YxqjS.jpg'),
	(543, '162913201905105cd5a6d926528', 'Vine-Vera-Resveratrol-Refining-Peeling-1.jpg', 'jpeg', 1, 336, 'app/uploads/brZO9JjPXjFUdGimCKTC66kal8tXXQN7m51Ii2QS.jpg'),
	(544, '162929201905105cd5a6e9b6aca', 'Vine-Vera-Resveratrol-Refining-Peeling-2.jpg', 'jpeg', 1, 336, 'app/uploads/PWHXsC20kqAzrgywj9H3PDwjbwj3M791vYaL1brD.jpg'),
	(545, '162946201905105cd5a6fa2715d', 'Vine-Vera-Resveratrol-Refining-Peeling-3.jpg', 'jpeg', 1, 336, 'app/uploads/0HWfz52pQ0RJmN2JWsMZ73h1k3XrSJMwRdc1hSMx.jpg'),
	(546, '163048201905105cd5a738b4f90', 'Vine-Vera-Resveratrol-Merlot-Facial-Exfoliant-4-1.jpg', 'jpeg', 1, 336, 'app/uploads/hylxLknCxFbzlNDfpyXn2ZJAFydLgnNQW4hz8eCL.jpg'),
	(547, '163105201905105cd5a7495cb82', 'Vine-Vera-Resveratrol-Refining-Peeling-5.jpg', 'jpeg', 1, 336, 'app/uploads/16KLY1IctJuLpavMv2DizZPFYht1phHZEup7vVeX.jpg'),
	(548, '163220201905105cd5a79413240', 'Vine-Vera-Resveratrol-Moisture-Day-Cream-1.jpg', 'jpeg', 1, 337, 'app/uploads/1WkSOHyjLnAjAuHhX2ZbIkOcA5pTJEW41tNifoxJ.jpg'),
	(549, '163250201905105cd5a7b20dbb6', 'Vine-Vera-Resveratrol-Moisture-Day-Cream-1.jpg', 'jpeg', 1, 337, 'app/uploads/wNzTpGIPbvWGXZnEJ21esd2O4i42zOZImzPxikZp.jpg'),
	(550, '163335201905105cd5a7df759ac', 'Vine-Vera-Resveratrol-Moisture-Day-Cream-3.jpg', 'jpeg', 1, 337, 'app/uploads/4Xb0PI3A25lHrd4XaAo7SynRDfiDtcAHD6PNHVsA.jpg'),
	(551, '163350201905105cd5a7ee3a120', 'Vine-Vera-Resveratrol-Moisture-Day-Cream-5.jpg', 'jpeg', 1, 337, 'app/uploads/7Tb5sHYjMx50j3eW7KShEXqoMPnHIUH4zAOpwkcF.jpg'),
	(552, '163445201905105cd5a82568526', 'Vine-Vera-Resveratrol-Nourishing-Night-Cream-1.jpg', 'jpeg', 1, 338, 'app/uploads/edvFW6FyefFD8Y4GfgYLexP0rFhvXE7oA8h5zkZw.jpg'),
	(553, '163454201905105cd5a82e5e9cb', 'Vine-Vera-Resveratrol-Nourishing-Night-Cream-2.jpg', 'jpeg', 1, 338, 'app/uploads/RIj5WJdxmK3S4bI4pStlcUzXUyKcU6Z2NC7wGe0m.jpg'),
	(554, '163503201905105cd5a83703cd8', 'Vine-Vera-Resveratrol-Nourishing-Night-Cream-3.jpg', 'jpeg', 1, 338, 'app/uploads/vjaAuyxvJeEj3FLKDO0KPIPTuErEKiGX1gDo6QD8.jpg'),
	(555, '163511201905105cd5a83fde6c8', 'Vine-Vera-Resveratrol-Nourishing-Night-Cream-4.jpg', 'jpeg', 1, 338, 'app/uploads/qto1pcomMJXOk0oBJIBS1Ovs0b7X4HD6JxadUEiK.jpg'),
	(556, '163607201905105cd5a8779653b', 'Vine-Vera-Resveratrol-Merlot-Facial-Exfoliant-1.jpg', 'jpeg', 1, 339, 'app/uploads/2Ee1nV0TfD6Bi5HSF8Q1QBpPXwKZ5tZdF1yJhfZP.jpg'),
	(557, '163617201905105cd5a88134b8d', 'Vine-Vera-Resveratrol-Merlot-Facial-Exfoliant-2.jpg', 'jpeg', 1, 339, 'app/uploads/X1s845AZ3uUOqxFn2U8N45XZkqDMVNcK871pOgyX.jpg'),
	(558, '163626201905105cd5a88a31a96', 'Vine-Vera-Resveratrol-Merlot-Facial-Exfoliant-3.jpg', 'jpeg', 1, 339, 'app/uploads/Tvr18GzUnhSwIGH8mV0vxk3phTjmNeXdGtsnFmug.jpg'),
	(559, '163636201905105cd5a8944cfaf', 'Vine-Vera-Resveratrol-Merlot-Facial-Exfoliant-4.jpg', 'jpeg', 1, 339, 'app/uploads/0yaTI0Mkw9ArJhxZMl5hLL5Lk7o92eoDTmOr5KBF.jpg'),
	(560, '163646201905105cd5a89e0f2a7', 'Vine-Vera-Resveratrol-Merlot-Facial-Exfoliant-5.jpg', 'jpeg', 1, 339, 'app/uploads/lFzBdigmhyvqcbmyDmWPPyTsiNdwMvCD30HDtx2W.jpg'),
	(561, '163925201905105cd5a93d4c116', 'Vine-Vera-2-Step-Cleansing-Kit-1.jpg', 'jpeg', 1, 340, 'app/uploads/hs2qcQmwNzqtG0zNswm8VVBkExvg2tWR7XGfzndo.jpg'),
	(562, '163935201905105cd5a94776d8f', 'Vine-Vera-2-Step-Cleansing-Kit-2.jpg', 'jpeg', 1, 340, 'app/uploads/stUiXtYx3vm7ufPfYSI91jIsUJbfQaJNPhWIq2ip.jpg'),
	(563, '163945201905105cd5a95151aa1', 'Vine-Vera-2-Step-Cleansing-Kit-3.jpg', 'jpeg', 1, 340, 'app/uploads/HJCfFMcdzsuwQOLSljj9eeIaOD0auA8JSF0i6Yix.jpg'),
	(564, '163954201905105cd5a95ad3da8', 'Vine-Vera-2-Step-Cleansing-Kit-4.jpg', 'jpeg', 1, 340, 'app/uploads/xK4djfIbKWOiyrEckGBjJZfkN1jkmdDC7bYRS8H1.jpg'),
	(565, '164615201905105cd5aad79023c', 'Vine-Vera-Resveratrol-Eye-Collection-Age-Defying-Eye-Serum-1.jpg', 'jpeg', 1, 341, 'app/uploads/XRThoDGQf0ctVYKNkJqp4Bmba02Md6cSYsmnwUVE.jpg'),
	(566, '164647201905105cd5aaf7b6f30', 'Vine-Vera-Resveratrol-Eye-Collection-Age-Defying-Eye-Serum-2.jpg', 'jpeg', 1, 341, 'app/uploads/deoB036HPxYTtPw7p4OVcNVrK1sseg8FFm5LRCoT.jpg'),
	(567, '164703201905105cd5ab077565b', 'Vine-Vera-Resveratrol-Eye-Collection-Age-Defying-Eye-Serum-3.jpg', 'jpeg', 1, 341, 'app/uploads/gzjp55LfZ1c5RQ6nkzUBXbjk7LG43HMr4yIAhLqq.jpg'),
	(568, '164729201905105cd5ab219148b', 'Vine-Vera-Resveratrol-Eye-Collection-Age-Defying-Eye-Serum-5.jpg', 'jpeg', 1, 341, 'app/uploads/eNGRN5zkAlShkBoxuwgsIZW4pA3cSIQUj9yhcIZt.jpg'),
	(569, '164814201905105cd5ab4e3ce5f', 'Vine-Vera-Resveratrol-Eye-Collection-Dark-Circle-Eye-Cream-1.jpg', 'jpeg', 1, 342, 'app/uploads/eGziEZenIDtfteOccqF1ioCbKtyX99sszSTAnPkx.jpg'),
	(570, '164835201905105cd5ab6331244', 'Vine-Vera-Resveratrol-Eye-Collection-Dark-Circle-Eye-Cream-2.jpg', 'jpeg', 1, 342, 'app/uploads/PlnndHj1XR4fguWmKOmbSaNxl7mF9BzDGF2LG6Yx.jpg'),
	(571, '164846201905105cd5ab6e83a1a', 'Vine-Vera-Resveratrol-Eye-Collection-Dark-Circle-Eye-Cream-3.jpg', 'jpeg', 1, 342, 'app/uploads/e9SzMnVrmOuRWwYnljKgToWM4B5jbfjIwjMm3k8m.jpg'),
	(572, '164855201905105cd5ab77c4be3', 'Vine-Vera-Resveratrol-Eye-Collection-Dark-Circle-Eye-Cream-4.jpg', 'jpeg', 1, 342, 'app/uploads/b3fai1CDWb3wYfaCzm5cUi84vJnp1h6bDQC5zUFV.jpg'),
	(573, '164910201905105cd5ab8654711', 'Vine-Vera-Resveratrol-Eye-Collection-Dark-Circle-Eye-Cream-5.jpg', 'jpeg', 1, 342, 'app/uploads/tOc3pYGAmWVj0jkyEHErsbmQSmprpru8rQjxnwKj.jpg'),
	(574, '164921201905105cd5ab91d2ece', 'Vine-Vera-Resveratrol-Eye-Collection-Dark-Circle-Eye-Cream-6.jpg', 'jpeg', 1, 342, 'app/uploads/v2BoiQujmZVorcvc8EmEsOuhWxeFnHvCBw2AJESD.jpg'),
	(575, '165059201905105cd5abf34833e', 'Vine-Vera-Resveratrol-Sauvignon-Blanc-Neck-Chest-Mask-1.jpg', 'jpeg', 1, 343, 'app/uploads/BywUEVZ4JDBkZpm4cPGgasnbN2oX2OCAoiYmmprj.jpg'),
	(576, '165107201905105cd5abfb7a8cd', 'Vine-Vera-Resveratrol-Sauvignon-Blanc-Neck-Chest-Mask-2.jpg', 'jpeg', 1, 343, 'app/uploads/5wQb7xqOEodBP988UeQsnhNeV5O8fHKhin7ovJFW.jpg'),
	(577, '165115201905105cd5ac0312081', 'Vine-Vera-Resveratrol-Sauvignon-Blanc-Neck-Chest-Mask-3.jpg', 'jpeg', 1, 343, 'app/uploads/Jk3c4VzWY1iUeZ32atjR0NT1csHysVoJlAlndhRb.jpg'),
	(578, '165252201905105cd5ac6456ff6', 'Vine-Vera-Resveratrol-Sauvignon-Blanc-Neck-Chest-Cream-1.jpg', 'jpeg', 1, 344, 'app/uploads/se1WWqPQAjtHZ27IIB8EJyg4bgDITMu83zA60cIv.jpg'),
	(579, '165300201905105cd5ac6ce4e4a', 'Vine-Vera-Resveratrol-Sauvignon-Blanc-Neck-Chest-Cream-2.jpg', 'jpeg', 1, 344, 'app/uploads/mFm0x0q5zQCjN8pRixKDRxCm5TJZG62uDs55PYc1.jpg'),
	(580, '165310201905105cd5ac76677a6', 'Vine-Vera-Resveratrol-Sauvignon-Blanc-Neck-Chest-Cream-3.jpg', 'jpeg', 1, 344, 'app/uploads/NFr0J3ddIM2GTLSGiUfnb9ySoehE1Hd06cHGFSIc.jpg'),
	(581, '165319201905105cd5ac7f00332', 'Vine-Vera-Resveratrol-Sauvignon-Blanc-Neck-Chest-Cream-4.jpg', 'jpeg', 1, 344, 'app/uploads/lcWNHK9CjRa9KuOUT2DLS4FRESK80Pd1SKYwUxFl.jpg'),
	(582, '165448201905105cd5acd8d2eec', 'Vine-Vera-Resveratrol-Men’s-After-Shave-Balm-Tube-1.jpg', 'jpeg', 1, 345, 'app/uploads/W92yDzvxyj2x5eoAnfNxjfbbxuczK2keius2bfl2.jpg'),
	(583, '165457201905105cd5ace10b1e2', 'Vine-Vera-Resveratrol-Men’s-After-Shave-Balm-Tube-2.jpg', 'jpeg', 1, 345, 'app/uploads/i4hypIsN1ZNJ4tBpIHcXg07Uh7LnnWi3MGlsiRJF.jpg'),
	(584, '165601201905105cd5ad219a96f', 'Vine-Vera-Resveratrol-Mens-Sauna-Energazing-Mask-1.jpg', 'jpeg', 1, 347, 'app/uploads/JjrgJOJX4Crr4mmpzK1cUZKVWuUIsJloaKvHiHbL.jpg'),
	(585, '165609201905105cd5ad295d43b', 'Vine-Vera-Resveratrol-Mens-Sauna-Energazing-Mask-2.jpg', 'jpeg', 1, 347, 'app/uploads/BwcvTwSHtnHzPnGhCEghGMCZZyEwdklqBo0bTaJ4.jpg'),
	(586, '165616201905105cd5ad30e305d', 'Vine-Vera-Resveratrol-Mens-Sauna-Energazing-Mask-3.jpg', 'jpeg', 1, 347, 'app/uploads/3bMqEQUF4L1H6sthLT8g7Xrf3LiE4SzFfcG2dzww.jpg'),
	(587, '165624201905105cd5ad38192fd', 'Vine-Vera-Resveratrol-Mens-Sauna-Energazing-Mask-4.jpg', 'jpeg', 1, 347, 'app/uploads/JbKJidChEuEBk97jgRcsRZVmzTNfY0XlfbuxB76X.jpg'),
	(588, '165911201905105cd5addf40f98', 'Vine-Vera-Resveratrol-Mens-Sauna-Serum-1.jpg', 'jpeg', 1, 347, 'app/uploads/0I907haWIl7SVCUW5dMWH4YKosAVKFGLaq2UcDtJ.jpg'),
	(589, '165924201905105cd5adec74dd7', 'Vine-Vera-Resveratrol-Mens-Sauna-Serum-2.jpg', 'jpeg', 1, 347, 'app/uploads/L0kDMRUi5Y2AKDGS1snBP3q6zDAnfAbultEyLhOV.jpg'),
	(590, '165935201905105cd5adf74d598', 'Vine-Vera-Resveratrol-Mens-Sauna-Serum-3.jpg', 'jpeg', 1, 347, 'app/uploads/mu6Cz3IIHufQKiUCDHHmLMbGgVWO5zFNwGhxJs5f.jpg'),
	(591, '165944201905105cd5ae0010bf6', 'Vine-Vera-Resveratrol-Mens-Sauna-Serum-4.jpg', 'jpeg', 1, 347, 'app/uploads/mUzlZ2zU7QyDMGfuZVnh94hnT2WzTvWYOpBEjpqy.jpg'),
	(592, '170125201905105cd5ae652da4f', 'Vine-Vera-Resveratrol-Mens-Tool-Box-1.jpg', 'jpeg', 1, 348, 'app/uploads/93hxnsm7K7pwZErMgKDn8sCtgEf68QoJ55HyQ75g.jpg'),
	(593, '170133201905105cd5ae6db47c3', 'Vine-Vera-Resveratrol-Mens-Tool-Box-2.jpg', 'jpeg', 1, 348, 'app/uploads/C5PEKgUGPdRbND96YgAlIouav3LdztwMvjDMohSF.jpg'),
	(594, '170142201905105cd5ae76ea4a4', 'Vine-Vera-Resveratrol-Mens-Tool-Box-3.jpg', 'jpeg', 1, 348, 'app/uploads/vPJaOmPiA9lQPJGnM3HYz6USpLsGTVVihnTW7yM1.jpg'),
	(595, '170153201905105cd5ae810766f', 'Vine-Vera-Resveratrol-Mens-Tool-Box-4.jpg', 'jpeg', 1, 348, 'app/uploads/0P8zNHHcm3SWJ5sB3yuYth6uQMcFneKHUQLQvZQi.jpg'),
	(596, '170201201905105cd5ae89708e6', 'Vine-Vera-Resveratrol-Mens-Tool-Box-5.jpg', 'jpeg', 1, 348, 'app/uploads/rfjkc4lJVHaTV1zYPnt0fP59NobvYtOJqQyP3FEE.jpg'),
	(597, '170210201905105cd5ae9280244', 'Vine-Vera-Resveratrol-Mens-Tool-Box-6.jpg', 'jpeg', 1, 348, 'app/uploads/CPjF1ZwMA5DBcQNKF4ieRPmAMRUBhLEOhLOUZH8O.jpg'),
	(598, '170220201905105cd5ae9c9ceed', 'Vine-Vera-Resveratrol-Mens-Tool-Box-7.jpg', 'jpeg', 1, 348, 'app/uploads/BxzxhrIJCTc7nOPHyWNkGiHdIrKZUq0HWNothsv0.jpg'),
	(599, '170230201905105cd5aea6ea236', 'Vine-Vera-Resveratrol-Mens-Tool-Box-8.jpg', 'jpeg', 1, 348, 'app/uploads/BsLkYz3TGqbhqOyMfiGeiM7UjB9uciZf4IoVSMM0.jpg'),
	(600, '171753201905105cd5b241b6d6d', 'Vine-Vera-Zinfandel-Illuminating-Pre-Mask-1.jpg', 'jpeg', 1, 351, 'app/uploads/NtnaPDGYrmNjMgonrB1LHR9TflPshkZ3WzS2P8zJ.jpg'),
	(601, '171801201905105cd5b2491c631', 'Vine-Vera-Zinfandel-Illuminating-Pre-Mask-2.jpg', 'jpeg', 1, 351, 'app/uploads/ndSmneC2ySkHR9jvJ1aSncWVdTpfo53RfuB4eIfS.jpg'),
	(602, '171807201905105cd5b24fb5ce2', 'Vine-Vera-Zinfandel-Illuminating-Pre-Mask-3.jpg', 'jpeg', 1, 351, 'app/uploads/ogl1IktVEp9JX0KuZNeWWMClKAjNqnAXvDh5hPcU.jpg'),
	(603, '171815201905105cd5b25788f0b', 'Vine-Vera-Zinfandel-Illuminating-Pre-Mask-4.jpg', 'jpeg', 1, 351, 'app/uploads/WapoRP9llVV391xgdurRVDrU1bXvsibeA2a3XZLV.jpg'),
	(604, '171823201905105cd5b25fb2e7d', 'Vine-Vera-Zinfandel-Illuminating-Pre-Mask-5.jpg', 'jpeg', 1, 351, 'app/uploads/oKEbVx7wPMTfsYL1xp4GjqAp1LgNpzEtNM2YcLh6.jpg'),
	(605, '171906201905105cd5b28a5da35', 'Vine-Vera-Zinfandel-Illuminating-Petal-Peel-System-5.jpg', 'jpeg', 1, 352, 'app/uploads/YFD1HVjK5DScQ5sMf3m6QegXKBhmvurOqRxjmCWZ.jpg'),
	(606, '171914201905105cd5b2928ec70', 'Vine-Vera-Zinfandel-Illuminating-Petal-Peel-System-1.jpg', 'jpeg', 1, 352, 'app/uploads/BpIVtC0284S9K0T9qkSyNxDq5bdEO0bpBN6K9EVR.jpg'),
	(609, '172009201905105cd5b2c9d5f42', 'Vine-Vera-Zinfandel-Illuminating-Petal-Peel-System-2.jpg', 'jpeg', 1, 352, 'app/uploads/Tlub8rVTGsYxdhAyZpBGmEPbleN0HvHKI0l448Ey.jpg'),
	(610, '172023201905105cd5b2d70aa1c', 'Vine-Vera-Zinfandel-Illuminating-Petal-Peel-System-3.jpg', 'jpeg', 1, 352, 'app/uploads/6i1TV1ZjVc2zKO3msczfOMu0fkoYqkyCpF6khM5M.jpg'),
	(611, '172052201905105cd5b2f450c95', 'Vine-Vera-Zinfandel-Illuminating-Petal-Peel-System-4.jpg', 'jpeg', 1, 352, 'app/uploads/rHqKLYQUydxOJA3bvp3hsgvRHL5BUrydfILphp8d.jpg'),
	(612, '172100201905105cd5b2fcee5d0', 'Vine-Vera-Zinfandel-Illuminating-Petal-Peel-System-6.jpg', 'jpeg', 1, 352, 'app/uploads/Jhw8CfcTRKkkcYNeImwEBrdWPZhMt40RrTL7ysbE.jpg'),
	(613, '172837201905105cd5b4c5709f8', 'Vine-vera-Resveratrol-Chianti-Morning-Recovery-1.jpg', 'jpeg', 1, 353, 'app/uploads/QZASylg38MvXJT9cb2xCCPGnFAEArTY78QaAbXEc.jpg'),
	(614, '172846201905105cd5b4ce2d15d', 'Vine-vera-Resveratrol-Chianti-Morning-Recovery-2.jpg', 'jpeg', 1, 353, 'app/uploads/Ftdj2pPwVz3OTnsvvgooyWMF4jDmVvZjWvRNNeot.jpg'),
	(615, '172855201905105cd5b4d750c97', 'Vine-vera-Resveratrol-Chianti-Morning-Recovery-3.jpg', 'jpeg', 1, 353, 'app/uploads/PUVOpmyHtt8Wa3jikFWytKcNVE7IdfN3cfkbzYW5.jpg'),
	(616, '172903201905105cd5b4df1d076', 'Vine-vera-Resveratrol-Chianti-Morning-Recovery-4.jpg', 'jpeg', 1, 353, 'app/uploads/ck0a7tNYsjJJ1DvTS3iWR9MVWW4LBdGrWtRZFPdj.jpg'),
	(617, '172915201905105cd5b4eb1fbba', 'Vine-vera-Resveratrol-Chianti-Morning-Recovery-5.jpg', 'jpeg', 1, 353, 'app/uploads/cQ3nrsHoSniAK3OJL397i0c8Vu4O3aiSVBShFfAU.jpg'),
	(618, '173022201905105cd5b52eb906e', 'Vine-vera-Resveratrol-Chianti-Thermic-Mask-1.jpg', 'jpeg', 1, 354, 'app/uploads/vniXMRsihrS5xTDYFfefTWoCRXSbmL1kHylytU4k.jpg'),
	(619, '173030201905105cd5b53672ce4', 'Vine-vera-Resveratrol-Chianti-Thermic-Mask-2.jpg', 'jpeg', 1, 354, 'app/uploads/JpLNiIXQXjoBJUkznVNTIjAY5llKuUa0VInb8GJI.jpg'),
	(620, '173038201905105cd5b53e51bd0', 'Vine-vera-Resveratrol-Chianti-Thermic-Mask-4.jpg', 'jpeg', 1, 354, 'app/uploads/YbRhW7WBnpduqajnZPz1rCpCvy1Kc59bXOg6Ajot.jpg'),
	(621, '173046201905105cd5b54634d10', 'Vine-vera-Resveratrol-Chianti-Thermic-Mask-3.jpg', 'jpeg', 1, 354, 'app/uploads/MDIEUocI7pKKqbDVO0tPz4ifjqv3wxjnX6KdMZu0.jpg'),
	(622, '173054201905105cd5b54e4092e', 'Vine-vera-Resveratrol-Chianti-Thermic-Mask-5.jpg', 'jpeg', 1, 354, 'app/uploads/YUV1bM9MV7VTOdeIIh6juIJ2bm8tV3KlH2gieoFI.jpg'),
	(623, '173208201905105cd5b598d5abb', 'Vine-vera-Resveratrol-Chianti-Revival-Serum-1.jpg', 'jpeg', 1, 355, 'app/uploads/Ye8MMxnvy7zvtmIsc8fSGqq8g1NHZCw9r3NOoyDf.jpg'),
	(624, '173216201905105cd5b5a02dadd', 'Vine-vera-Resveratrol-Chianti-Revival-Serum-2.jpg', 'jpeg', 1, 355, 'app/uploads/HOl9FZUM14F70R1gPEkE4RihdcObANCIMdo2dfC9.jpg'),
	(625, '173223201905105cd5b5a7bc323', 'Vine-vera-Resveratrol-Chianti-Revival-Serum-3.jpg', 'jpeg', 1, 355, 'app/uploads/MP3mOxr6tW3S8xK8T8y8kmIZJlrpSnnNbS6Xk7Cu.jpg'),
	(626, '173231201905105cd5b5af3167f', 'Vine-vera-Resveratrol-Chianti-Revival-Serum-4.jpg', 'jpeg', 1, 355, 'app/uploads/V9LRSFgXMS6uKDEM4f0thw2r3jA2NmfZXGhMUWMZ.jpg'),
	(627, '173240201905105cd5b5b8e1ead', 'Vine-vera-Resveratrol-Chianti-Revival-Serum-5.jpg', 'jpeg', 1, 355, 'app/uploads/bfGP6T5wk5U7FpL50q8FFvBLD1NXirgmq3qNHFAK.jpg'),
	(631, '174335201905105cd5b84727e88', 're true.jpg', 'jpeg', 1, 356, 'app/uploads/rUmhP712TlU409598A69Dcm3sTKVcpt1uicvEEq7.jpg'),
	(632, '174340201905105cd5b84c2b1c2', 'Chianti-True-Balance.jpg', 'jpeg', 1, 356, 'app/uploads/gNaGlR1dDuDKtEoa8rJysEX9R63urIMJFEp1y1Vm.jpg'),
	(633, '174344201905105cd5b850c4b88', 'Vine-Vera-Resveratrol-Chianti-True-Balance.jpg', 'jpeg', 1, 356, 'app/uploads/trb500GoMieRBgLti3oMImrMW816GOFzeRVMejaD.jpg'),
	(634, '174703201905105cd5b917aa197', 'Vine-Vera-Resveratrol-Pinot-Noir-Longevity-Cream-1.jpg', 'jpeg', 1, 357, 'app/uploads/uAATX85nA0uNBhUEHnqRm0WfzfH0FGXTqp9qvURV.jpg'),
	(635, '174716201905105cd5b924ad7f4', 'Vine-Vera-Resveratrol-Pinot-Noir-Longevity-Cream-2.jpg', 'jpeg', 1, 357, 'app/uploads/bhwPJmGyyFAGAXzeoWBuHMc5eKBVLjn4eOVzDIAE.jpg'),
	(636, '174728201905105cd5b930b242e', 'Vine-Vera-Resveratrol-Pinot-Noir-Longevity-Cream-3.jpg', 'jpeg', 1, 357, 'app/uploads/PpGMiGIm5252JpNamMC8Zcwudo200ofg7zPjRo3P.jpg'),
	(637, '174737201905105cd5b939bb2ae', 'Vine-Vera-Resveratrol-Pinot-Noir-Longevity-Cream-4.jpg', 'jpeg', 1, 357, 'app/uploads/M5tkhp3IFJ13D80dMfon7XyYvxm9F5kFLmIPNRuQ.jpg'),
	(638, '174747201905105cd5b94304701', 'Vine-Vera-Resveratrol-Pinot-Noir-Longevity-Cream-5.jpg', 'jpeg', 1, 357, 'app/uploads/4xCj2tIk6hPXhGsuN5LHDwfLR0mWUSkBFVWsEH21.jpg'),
	(639, '174832201905105cd5b9707faf7', 'Vine-Vera-Resveratrol-Pinot-Noir-Phyto-Silk-1.jpg', 'jpeg', 1, 358, 'app/uploads/pj1QHDJ6I7eZo9If1nbqMB35pRC1SoJX8Q4sM8YO.jpg'),
	(640, '174840201905105cd5b97805a92', 'Vine-Vera-Resveratrol-Pinot-Noir-Longevity-Cream-2-1.jpg', 'jpeg', 1, 358, 'app/uploads/WnOxz0lqkj8fIGeKEkSgWQpfj1P1jfSI25C0yuzy.jpg'),
	(641, '174847201905105cd5b97f60b96', 'Vine-Vera-Resveratrol-Pinot-Noir-Phyto-Silk-3.jpg', 'jpeg', 1, 358, 'app/uploads/6B23piOHqPyG48Y7dzbkKP3OSbDuixXkCtlfFafn.jpg'),
	(642, '175007201905105cd5b9cf280a7', 'Vine-Vera-Resveratrol-Pinot-Noir-Phyto-Silk-1.jpg', 'jpeg', 1, 358, 'app/uploads/eVNUaeQIfPTTK5HCdKoziRyRKjPxPn5MXGeSnxqj.jpg'),
	(643, '175016201905105cd5b9d80c794', 'Vine-Vera-Resveratrol-Pinot-Noir-Longevity-Cream-2-1.jpg', 'jpeg', 1, 358, 'app/uploads/8lXaYgkPttZBbSP9G3KojdQanw7xw9JLsS1nOcAq.jpg'),
	(644, '175026201905105cd5b9e2d8415', 'Vine-Vera-Resveratrol-Pinot-Noir-Phyto-Silk-3.jpg', 'jpeg', 1, 358, 'app/uploads/XNzzJ91FgUYha1tTlwpKmwUTKVgD5ieSumfmlhyr.jpg'),
	(645, '175037201905105cd5b9ed5afe3', 'Vine-Vera-Resveratrol-Pinot-Noir-Phyto-Silk-4.jpg', 'jpeg', 1, 358, 'app/uploads/eVZQrmnx2cuTJofhEOMQ5Jh5cebXNSxMAwUqqEwd.jpg'),
	(646, '175045201905105cd5b9f5edba6', 'Vine-Vera-Resveratrol-Pinot-Noir-Phyto-Silk-5.jpg', 'jpeg', 1, 358, 'app/uploads/RcogUgRww1K4fC1oISdesQrAYKQIZRjuemg535S3.jpg'),
	(647, '175153201905105cd5ba398b451', 'Vine-Vera-Resveratrol-Pinot-Noir-Longevity-Serum-1.jpg', 'jpeg', 1, 359, 'app/uploads/WnwyoCSwi77aj8utWAzPcyR03ztwrRJsRCTZ8JpD.jpg'),
	(648, '175223201905105cd5ba57d34fa', 'Vine-Vera-Resveratrol-Pinot-Noir-Longevity-Serum-2.jpg', 'jpeg', 1, 359, 'app/uploads/7oD9oUT86Xp3disEufH0meH41vRFoQw8dko6bktQ.jpg'),
	(649, '175233201905105cd5ba613cae7', 'Vine-Vera-Resveratrol-Pinot-Noir-Longevity-Serum-3.jpg', 'jpeg', 1, 359, 'app/uploads/A1L6IE7qY098ZR7dfzL2EnZMm4NWXCK1cg7OFCyI.jpg'),
	(650, '175243201905105cd5ba6b46697', 'Vine-Vera-Resveratrol-Pinot-Noir-Longevity-Serum-6.jpg', 'jpeg', 1, 359, 'app/uploads/3kXiQTuwgzSBkM9QLzRSyhftepZVt2IFbcJZiODw.jpg'),
	(651, '175359201905105cd5bab7be5fe', 'Vine-Vera-Resveratrol-Pinot-Noir-Phyto-Silk-Mask-1.jpg', 'jpeg', 1, 360, 'app/uploads/KPeXXxww3t2ny63WkWzCK1fV97pflXzv91oHhFSr.jpg'),
	(652, '175411201905105cd5bac3a91d5', 'Vine-Vera-Resveratrol-Pinot-Noir-Phyto-Silk-Mask-2.jpg', 'jpeg', 1, 360, 'app/uploads/dAS1Ar1Wv8imbcWBhbosaBcZWkiKecETpDGKJalH.jpg'),
	(653, '175447201905105cd5bae7329e8', 'Vine-Vera-Resveratrol-Pinot-Noir-Phyto-Silk-Mask-3.jpg', 'jpeg', 1, 360, 'app/uploads/pWGNg1mJCdIuT7C7LszTaqeBoV63dP9wa2IfjdLk.jpg'),
	(654, '175506201905105cd5bafa8fe01', 'Vine-Vera-Pinot-Noir-Dissolving-Pre-Mask-4-1.jpg', 'jpeg', 1, 360, 'app/uploads/SLJ1yq2VNwJNBUMsf2cyyygZijgNdxPRq97qNFLd.jpg'),
	(655, '175514201905105cd5bb02c1514', 'Vine-Vera-Resveratrol-Pinot-Noir-Phyto-Silk-Mask-5.jpg', 'jpeg', 1, 360, 'app/uploads/Lm0tjuD36AcEJ6e4VaJjgiGbBzjJ0DGziq5nRLA5.jpg'),
	(656, '175916201905105cd5bbf48e0ab', 'Vine-Vera-Resveratrol-Pinot 2.jpg', 'jpeg', 1, 361, 'app/uploads/IZVn6F5DNnQahnNXYMGcHi9Z1cMMeGuosmoOJLJH.jpg'),
	(657, '180542201905105cd5bd76c7adb', 'moscato-resveratrol-sensitive-skin-cleanser.jpg', 'jpeg', 1, 362, 'app/uploads/mEBvEFhPQ0Jj4C61WZQnfsPQxRpelV6lFJToCbjf.jpg'),
	(658, '180858201905105cd5be3a1401e', 'Moscato-Sensitive-Skin-Day-Cream-2.jpg', 'jpeg', 1, 363, 'app/uploads/nFqhEXbmMBrT2hyxWvvayEwr5z7EAYEqge4JLrMO.jpg'),
	(659, '181132201905105cd5bed46dcbb', 'Moscato-Sensitive-Skin-Eye-Serum-1-500x3742.jpg', 'jpeg', 1, 364, 'app/uploads/V4HKzCTwECENDg52PZvZQ1xUXVRPkv2TlatBDPj3.jpg'),
	(660, '181427201905105cd5bf83012ec', 'moscato-skin-eye-cream-1_1.jpg', 'jpeg', 1, 365, 'app/uploads/RvMzsFw7k0dI0YYL1vfBkRBYGViKjBWA6I9UVlsp.jpg'),
	(661, '183204201905105cd5c3a4995d1', 'Vine-Vera-Resveratrol-Cabernet-High-Potency-Cream-1.jpg', 'jpeg', 1, 366, 'app/uploads/uDkKz79mqWPnOGYzMyhsCMnckFc500keeAQPm0N4.jpg'),
	(662, '183212201905105cd5c3ac8cb10', 'Vine-Vera-Resveratrol-Cabernet-High-Potency-Cream-2.jpg', 'jpeg', 1, 366, 'app/uploads/tMmfh6oZ7sniDobAIeDt3KDKOkIXxsN4QFqyz9sG.jpg'),
	(663, '183220201905105cd5c3b491271', 'Vine-Vera-Resveratrol-Cabernet-High-Potency-Cream-3.jpg', 'jpeg', 1, 366, 'app/uploads/q6zTmeaQhIxpqu98OaXWQUwVjW2kxJvBFMwsTzZu.jpg'),
	(664, '183235201905105cd5c3c39a64c', 'Vine-Vera-Resveratrol-Cabernet-High-Potency-Cream-4.jpg', 'jpeg', 1, 366, 'app/uploads/CrxqVbtLjndChdr40HXsnlmAwtsUqw57Q1vaX9ff.jpg'),
	(665, '183403201905105cd5c41b7a545', 'Vine-Vera-Resveratrol-Cabernet-High-Potency-Contour-Eye-Firming-1.jpg', 'jpeg', 1, 367, 'app/uploads/MpPdU29Zkejw6Vj2s7OPUJUXknMnUHKV5qvkwhPF.jpg'),
	(666, '183411201905105cd5c4232dfb9', 'Vine-Vera-Resveratrol-Cabernet-High-Potency-Contour-Eye-Firming-2.jpg', 'jpeg', 1, 367, 'app/uploads/uwIEFvbPd4n0ShgVtEbhApuLEtAe4jjMUHUZB2hL.jpg'),
	(667, '183421201905105cd5c42ddd1fc', 'Vine-Vera-Resveratrol-Cabernet-High-Potency-Contour-Eye-Firming-3.jpg', 'jpeg', 1, 367, 'app/uploads/R04BSqeNfBxDWKxYZPIY16Qa3HDw04CycyZTVb6m.jpg'),
	(668, '183430201905105cd5c43618a52', 'Vine-Vera-Resveratrol-Cabernet-High-Potency-Contour-Eye-Firming-4.jpg', 'jpeg', 1, 367, 'app/uploads/763Mx542uQlDkj3wjdYRp3KvDfQBgxGkhNWhecOA.jpg'),
	(669, '183623201905105cd5c4a74c681', 'Vine-Vera-Resveratrol-Cabernet-High-Potency-Eye-Serum-1.jpg', 'jpeg', 1, 368, 'app/uploads/e3DJY5IcN9k6eBZmkWkp0MDzClZhc9GKn3js5IDE.jpg'),
	(670, '183632201905105cd5c4b03575f', 'Vine-Vera-Resveratrol-Cabernet-High-Potency-Eye-Serum-2.jpg', 'jpeg', 1, 368, 'app/uploads/xXvjILEiZ0HNI9HbPfrgH91UveCu3cVs72EdA3IO.jpg'),
	(671, '183642201905105cd5c4ba59add', 'Vine-Vera-Resveratrol-Cabernet-High-Potency-Serum-3-1.jpg', 'jpeg', 1, 368, 'app/uploads/apTOVl45RilNQ0xo6los4Nz7h5trlKPeOrbOdaOv.jpg'),
	(672, '183753201905105cd5c50171a15', 'Vine-Vera-Resveratrol-Cabernet-High-Potency-Celluar-Peel-1.jpg', 'jpeg', 1, 369, 'app/uploads/tdTTJYUtlZMcXVwzGvAKpBZ1NkMshWVATgb5DnMS.jpg'),
	(673, '183801201905105cd5c509a827d', 'Vine-Vera-Resveratrol-Cabernet-High-Potency-Celluar-Peel-2.jpg', 'jpeg', 1, 369, 'app/uploads/LDWzydgKD2riBDIYNEFywWbLLxT6VLZDBDR62SjR.jpg'),
	(674, '183810201905105cd5c5127fa02', 'Vine-Vera-Resveratrol-Cabernet-High-Potency-Celluar-Peel-3.jpg', 'jpeg', 1, 369, 'app/uploads/gcpyY75LFkEadlMMMEosstvGPUGijlC52vt1ODMW.jpg'),
	(675, '183818201905105cd5c51a24c7e', 'Vine-Vera-Resveratrol-Cabernet-High-Potency-Celluar-Peel-4.jpg', 'jpeg', 1, 369, 'app/uploads/eHo9x6o1XkMy6ctnOS6wtSZqqD4I1YKEza3cTvMv.jpg'),
	(676, '184008201905105cd5c58884e2d', 'Vine-Vera-Resveratrol-Cabernet-High-Potency-Serum-1.jpg', 'jpeg', 1, 370, 'app/uploads/6eJJiHITabzycl4TTIcjYuDHHZJukYbHRdOBynBn.jpg'),
	(677, '184018201905105cd5c5929a6b9', 'Vine-Vera-Resveratrol-Cabernet-High-Potency-Serum-2.jpg', 'jpeg', 1, 370, 'app/uploads/lVQo6IFB9nW9LcXvLs9vA6fvA4ECDnq3ggbQSivj.jpg'),
	(678, '184029201905105cd5c59d667e8', 'Vine-Vera-Resveratrol-Cabernet-High-Potency-Serum-3.jpg', 'jpeg', 1, 370, 'app/uploads/R5neebykztZCLb6Rjd9SZqgIKMshVsahMyVpBBPY.jpg'),
	(679, '184040201905105cd5c5a8c3ca6', 'Vine-Vera-Resveratrol-Cabernet-High-Potency-Eye-Serum-4.jpg', 'jpeg', 1, 370, 'app/uploads/AryZ0q4ZKLxaN6bEMPb4KGFsYbFTULzNMqDZUOj3.jpg'),
	(680, '184133201905105cd5c5dd90764', 'Vine-Vera-Resveratrol-Cabernet-High-Potency-Powder-1-1.jpg', 'jpeg', 1, 371, 'app/uploads/HkAW19zEtLaA05oh2aW3gkoofPapgx41nTGsPVkH.jpg'),
	(681, '184140201905105cd5c5e449422', 'Vine-Vera-Resveratrol-Cabernet-High-Potency-Powder-2-1.jpg', 'jpeg', 1, 371, 'app/uploads/OGsrTJ3vvnLjNDFbSdZyU7IRv9X4ipwDLNadZmww.jpg'),
	(682, '184148201905105cd5c5ecac3fe', 'Vine-Vera-Resveratrol-Cabernet-High-Potency-Powder-3-2.jpg', 'jpeg', 1, 371, 'app/uploads/as293BwrUJWEw1rOH7gPijQfoA9PNhtEg6inAxuG.jpg'),
	(683, '184257201905105cd5c631e248f', 'Vine-Vera-Resveratrol-Cabernet-60-Second-Eye-Solution-1.jpg', 'jpeg', 1, 372, 'app/uploads/nDZHwEAcyAU9Q2r8fDIVznACzyQes90PoLWlXnhl.jpg'),
	(684, '184305201905105cd5c6397ab76', 'Vine-Vera-Resveratrol-Cabernet-60-Second-Eye-Solution-2.jpg', 'jpeg', 1, 372, 'app/uploads/1vFV8t0G2LwQ3vlceWErAO2TjWL10aeYc4LVUF3m.jpg'),
	(685, '184315201905105cd5c643094fe', 'Vine-Vera-Resveratrol-Cabernet-60-Second-Eye-Solution-3.jpg', 'jpeg', 1, 372, 'app/uploads/oqaHW4gvkqyVn51myrgTTJjuVAyJCigI1TVXSi4K.jpg'),
	(686, '184323201905105cd5c64b1d962', 'Vine-Vera-Resveratrol-Cabernet-60-Second-Eye-Solution-4.jpg', 'jpeg', 1, 372, 'app/uploads/y1JwbIbW3V10E5lCpbb6Zs2XchCzhmJgxX9okzpa.jpg'),
	(687, '184333201905105cd5c65591c37', 'Vine-Vera-Resveratrol-Cabernet-60-Second-Eye-Solution-5.jpg', 'jpeg', 1, 372, 'app/uploads/zOnJrmfGK5piFz1WlfbMnDNFGFQ3fc3O7m7dUW8C.jpg'),
	(688, '184514201905105cd5c6ba3ec75', 'Vine-Vera-Cabernet-Rejuvenation-Facial-Eye-Mask.jpg', 'jpeg', 1, 373, 'app/uploads/7FZ5H51v4qF4epCgtZoeqOzThlJwni81DwIe8iDx.jpg'),
	(689, '184523201905105cd5c6c30b17b', 'Vine-Vera-Cabernet-Rejuvenation-Facial-Eye-Mask-2.jpg', 'jpeg', 1, 373, 'app/uploads/JNjKoq3BzPKPX99CEQvzt75t7qXOn1cmpTxngy3E.jpg'),
	(690, '184635201905105cd5c70b8bd77', 'Vine-Vera-Cabernet-Rejuvenation-Facial-Eye-Mask-3.jpg', 'jpeg', 1, 373, 'app/uploads/i6Opkr3ezcZUURMe1aiBqtN8sEmmxsn1P6QWhLW0.jpg'),
	(691, '184644201905105cd5c7141211e', 'Vine-Vera-Cabernet-Rejuvenation-Facial-Eye-Mask-4.jpg', 'jpeg', 1, 373, 'app/uploads/4pWaM0jTobaah5lJHFbl0HVEthJeiWVaCbOLmcNc.jpg'),
	(692, '184653201905105cd5c71d2a3a6', 'Vine-Vera-Cabernet-Rejuvenation-Facial-Eye-Mask-5.jpg', 'jpeg', 1, 373, 'app/uploads/qFKAgbRQM1nqShbvrZ5QcdLh2y8pXukdHwY1WMDj.jpg'),
	(693, '184702201905105cd5c726708bf', 'Vine-Vera-Cabernet-Rejuvenation-Facial-Eye-Mask-6.jpg', 'jpeg', 1, 373, 'app/uploads/WwZOHHY2sX6jvCqwQXz1TlPVQDM1zG4SsbyqluRK.jpg'),
	(694, '191204201905105cd5cd04669dc', 'Resveratrol-Shiraz-Instentic-NON-Surgical-Syringe-Front.jpg', 'jpeg', 1, 374, 'app/uploads/IGZJwn8IGUj5CGXpzGkubrBjQocwuGmKli8SuRdc.jpg'),
	(695, '191213201905105cd5cd0db559c', 'Resveratrol-Shiraz-Instentic-NON-Surgical-Syringe-Back.jpg', 'jpeg', 1, 374, 'app/uploads/XyDRyCS7ORk25bEHqZmI3bJU1XwXGmVKUhBbplzR.jpg'),
	(696, '191314201905105cd5cd4a042bd', 'Resveratrol-Shiraz-Instentic-Serum-1.jpg', 'jpeg', 1, 375, 'app/uploads/wROAXBEPDaPN4fT0gWlRcGM9uZbBr47x2kPawodu.jpg'),
	(697, '191323201905105cd5cd53a1d3b', 'Resveratrol-Shiraz-Instentic-Serum-2.jpg', 'jpeg', 1, 375, 'app/uploads/KzpcKE6jEOdebB73u1osGah3rdbAGHfyj5h6tod2.jpg'),
	(698, '191336201905105cd5cd609673d', 'Resveratrol-Shiraz-Instentic-Serum-3.jpg', 'jpeg', 1, 375, 'app/uploads/JMOzXrgUuS0HqjJIKA8BxZTHBarRkn8rB1RxlXGa.jpg'),
	(699, '191343201905105cd5cd67af19b', 'Resveratrol-Shiraz-Instentic-Serum-4.jpg', 'jpeg', 1, 375, 'app/uploads/LJw6EfsSrXnNwiZQDEzzTsZ0x82ljrNmI6GFW5LF.jpg'),
	(700, '191351201905105cd5cd6fe7008', 'Resveratrol-Shiraz-Instentic-Serum-5.jpg', 'jpeg', 1, 375, 'app/uploads/bU9cHXtTGVfLdMpeZEaZ4xF0aNu2M735IGLM3YS2.jpg'),
	(701, '191555201905105cd5cdeb65bc1', 'Resveratrol-Shiraz-Instentic-Facelift-1.jpg', 'jpeg', 1, 376, 'app/uploads/SUECipJPEAnC52W7AgdVmYrnkrdcPeYxzpD2ZSGD.jpg'),
	(702, '191604201905105cd5cdf419489', 'Resveratrol-Shiraz-Instentic-Facelift-2.jpg', 'jpeg', 1, 376, 'app/uploads/wnGuyBHgs1W0LrNqaOS7W3956UWzfZL3NDXlh4Ub.jpg'),
	(703, '191613201905105cd5cdfd0a2d0', 'Resveratrol-Shiraz-Instentic-Facelift-3.jpg', 'jpeg', 1, 376, 'app/uploads/2zeGnkWFvaSSYlBy6gRpY8C6vRMBt85tYa6ZbHEn.jpg'),
	(704, '191620201905105cd5ce047c90c', 'Resveratrol-Shiraz-Instentic-Facelift-4.jpg', 'jpeg', 1, 376, 'app/uploads/KmjXyD26CbO6xmOquLeuVtriBZO54zMEm8jE8lmi.jpg'),
	(705, '191629201905105cd5ce0de8302', 'Resveratrol-Shiraz-Instentic-Facelift-5.jpg', 'jpeg', 1, 376, 'app/uploads/z6EHs620OoZRtJwQMXpSohHH5bwxNMdxU5xR1PJE.jpg'),
	(706, '191709201905105cd5ce3597845', 'Resveratrol-Shiraz-Instentic-Mask-1.jpg', 'jpeg', 1, 377, 'app/uploads/YGAVH3ZUUIEmbhkgZFxrdW44Mkp37n7wNqux6tqH.jpg'),
	(707, '191717201905105cd5ce3d545bb', 'Resveratrol-Shiraz-Instentic-Mask-2.jpg', 'jpeg', 1, 377, 'app/uploads/ExmYUXiTIDPQc2XFZjnLT2LJ2ovfT5F4UyGebAHE.jpg'),
	(708, '191724201905105cd5ce44d2d51', 'Resveratrol-Shiraz-Instentic-Mask-3.jpg', 'jpeg', 1, 377, 'app/uploads/ElIRSwX6cQBvF7xR9SvVVltPcg2d6kUDyJpPdVjb.jpg'),
	(709, '191735201905105cd5ce4f59a75', 'Resveratrol-Shiraz-Instentic-Mask-4.jpg', 'jpeg', 1, 377, 'app/uploads/m4r2K8A5SmfWkPVOVkqmFB5gKE3OuIE7eU9taFPd.jpg'),
	(710, '191745201905105cd5ce59866b6', 'Resveratrol-Shiraz-Instentic-Mask-5.jpg', 'jpeg', 1, 377, 'app/uploads/iq1Q4PjknVkFbxEzGdaZnLRr75MlT4auZkUrYT8r.jpg'),
	(711, '191936201905105cd5cec8d5b8f', 'Vine-vera-Resveratrol-Vitamin-C-Cleanser-1.jpg', 'jpeg', 1, 378, 'app/uploads/q4d0dU2CyJ1wwykZ5LF8zmaTE8bnSz0Ug578Zaw6.jpg'),
	(712, '191944201905105cd5ced05858a', 'Vine-vera-Resveratrol-Vitamin-C-Cleanser-2.jpg', 'jpeg', 1, 378, 'app/uploads/sLOR82YydeZxZbPMDKAHoDfnJSPQSg5ZEbFQj3wP.jpg'),
	(713, '191952201905105cd5ced87d0f7', 'Vine-vera-Resveratrol-Vitamin-C-Cleanser-3.jpg', 'jpeg', 1, 378, 'app/uploads/LFTffxS85tFxZHNwWXgUsJobxajV6jNOCZVTHf7Q.jpg'),
	(714, '192000201905105cd5cee0bd451', 'Vine-vera-Resveratrol-Vitamin-C-Cleanser-4.jpg', 'jpeg', 1, 378, 'app/uploads/Ou8LBeb7XtNdiVhjITmIaNnbsiVYaOnNkARHa3Fi.jpg'),
	(715, '192108201905105cd5cf246517e', 'Vine-Vera-Resveratrol-Vitamin-C-Moisturizer-1.jpg', 'jpeg', 1, 379, 'app/uploads/VZEkNetKTpqtcgzYAxCsS5ffrerjby6ufkLFq6or.jpg'),
	(716, '192115201905105cd5cf2b4ec44', 'Vine-Vera-Resveratrol-Vitamin-C-Moisturizer-2.jpg', 'jpeg', 1, 379, 'app/uploads/HlCRKWRmvQuLd8qJGWP3CLBhMgAnXVgAbyRIcASU.jpg'),
	(717, '192122201905105cd5cf32ec33e', 'Vine-Vera-Resveratrol-Vitamin-C-Moisturizer-3.jpg', 'jpeg', 1, 379, 'app/uploads/K79kNxtsTij5jrGLxDLjdHysJspO3prU3vbPYkqS.jpg'),
	(718, '192130201905105cd5cf3a9db72', 'Vine-Vera-Resveratrol-Vitamin-C-Moisturizer-4.jpg', 'jpeg', 1, 379, 'app/uploads/LD1eLo5pIMsKxgIUclzv34Tr8N5OezvKxwiu8Qwj.jpg'),
	(719, '192139201905105cd5cf4347daa', 'Vine-Vera-Resveratrol-Vitamin-C-Moisturizer-5.jpg', 'jpeg', 1, 379, 'app/uploads/cFrDEkMbpFVGIgVbuZftnRvAGGsLjFphhA0Y7aRM.jpg'),
	(720, '192247201905105cd5cf8772e38', 'Vine-Vera-Resveratrol-Vitamin-C-Peeling-1.jpg', 'jpeg', 1, 380, 'app/uploads/XmjaOUK4QUMkfXrCFz8uzh3mz73E5qGlC0uPRY8J.jpg'),
	(721, '192253201905105cd5cf8dd4c29', 'Vine-Vera-Resveratrol-Vitamin-C-Peeling-2.jpg', 'jpeg', 1, 380, 'app/uploads/TzM9iG4A9HUbehUk38tyWFCDTWrSKCUeGyUoDUMO.jpg'),
	(722, '192302201905105cd5cf96b377c', 'Vine-Vera-Resveratrol-Vitamin-C-Peeling-3.jpg', 'jpeg', 1, 380, 'app/uploads/KPovLpFmh6O0XVsTyWO2zyTWINTDnBkUhmrxLpZP.jpg'),
	(723, '192310201905105cd5cf9e2155b', 'Vine-Vera-Resveratrol-Vitamin-C-Peeling-4.jpg', 'jpeg', 1, 380, 'app/uploads/kjyI1Yj7lrEgZKMkzoI09Vgu1fQuN8XXDmJQ2ggR.jpg'),
	(724, '192319201905105cd5cfa7892af', 'Vine-Vera-Resveratrol-Vitamin-C-Peeling-5.jpg', 'jpeg', 1, 380, 'app/uploads/CMcKnXCUxxfKg1RiRBJ6ebaMm6y3jNAA2TfRPP8f.jpg'),
	(725, '192430201905105cd5cfee0d84b', 'Vine-Vera-Resveratrol-Vitamin-C-Serum-1.jpg', 'jpeg', 1, 381, 'app/uploads/bvAIqf5Q5YxN4P0iMIrZW7dkElxnQ1ukOl1gnuXg.jpg'),
	(726, '192439201905105cd5cff7d960f', 'Vine-Vera-Resveratrol-Vitamin-C-Serum-2.jpg', 'jpeg', 1, 381, 'app/uploads/SzB4gjMB7FTNFMvRfYpkIqSRDXPgcSl2AEyKfXLM.jpg'),
	(727, '192449201905105cd5d001e4d83', 'Vine-Vera-Resveratrol-Vitamin-C-Serum-3.jpg', 'jpeg', 1, 381, 'app/uploads/FfGU7ck6F2ZvzPRPW9CyI8CGa2IFFMIfDpopVpcj.jpg'),
	(728, '192503201905105cd5d00f1f853', 'Vine-Vera-Resveratrol-Vitamin-C-Serum-4.jpg', 'jpeg', 1, 381, 'app/uploads/eULcXnAnNPTw8V1zqeyjpHeJKXin2FrmpHun4PAH.jpg'),
	(729, '192626201905105cd5d06216b97', 'Vine-Vera-Resveratrol-Vitamin-C-Lip-Balm-1.jpg', 'jpeg', 1, 382, 'app/uploads/nsfRmLp2MnhIJDOJve5CRDdaLMudbxJRzoGK2VQI.jpg'),
	(730, '192635201905105cd5d06b08e1d', 'Vine-Vera-Resveratrol-Vitamin-C-Lip-Balm-2.jpg', 'jpeg', 1, 382, 'app/uploads/kBVD5ZLXR89WAVQqO83ZiDcURiX9v93GoJngzm1v.jpg'),
	(731, '192643201905105cd5d0733d6db', 'Vine-Vera-Resveratrol-Vitamin-C-Lip-Balm-3.jpg', 'jpeg', 1, 382, 'app/uploads/91divg8KMoPSPIdGRL1J5B8hMwjEcA7DHhS6OyxS.jpg'),
	(732, '192650201905105cd5d07a42b72', 'Vine-Vera-Resveratrol-Vitamin-C-Lip-Balm-4.jpg', 'jpeg', 1, 382, 'app/uploads/Ygr4ENOITIVxWoysOyn1LhhH88Us7HBNEEz3S4zL.jpg'),
	(733, '192658201905105cd5d082cbcdf', 'Vine-Vera-Resveratrol-Vitamin-C-Lip-Balm-5.jpg', 'jpeg', 1, 382, 'app/uploads/OzqwVFbxXyUMyfl1wOHkC3jA78j2WDwXxiABGjB6.jpg'),
	(734, '192710201905105cd5d08e0ab0f', 'Vine-Vera-Resveratrol-Vitamin-C-Lip-Balm-6.jpg', 'jpeg', 1, 382, 'app/uploads/yu8aQwVbJb307jnclzAy1HD3qOHIVyksYyZ92EI4.jpg'),
	(735, '193624201905105cd5d2b86c55d', 'Vine-Vera-Body-Cream.jpg', 'jpeg', 1, 383, 'app/uploads/bRNwAnnph7smdQCqLkhG9qfplmvHf1IdCYmLJDZ4.jpg'),
	(736, '193628201905105cd5d2bcdcce3', 'Vine-Vera-Body-Cream-2.jpg', 'jpeg', 1, 383, 'app/uploads/IhRwAw4VlD4uOGEhddLlUXmiBvNBXGzpSOQcD3pw.jpg'),
	(737, '193634201905105cd5d2c28281d', 'Vine-Vera-Body-Cream-3.jpg', 'jpeg', 1, 383, 'app/uploads/esaGxnH9zsRsfQagMP85bInW4j9ew2yOF2ccW4hy.jpg'),
	(738, '193913201905105cd5d36140fdc', 'Vine-Vera-Foot-Cream.jpg', 'jpeg', 1, 384, 'app/uploads/54rDmD2eTgjK2gLOXI6jke3t7RQ0wZEPecG4iv50.jpg'),
	(739, '193921201905105cd5d369891ee', 'Vine-Vera-Foot-Cream-2.jpg', 'jpeg', 1, 384, 'app/uploads/x9v8OV4zBJJtywkJ0oOboAyjDDoA5JjDgku9OG7E.jpg'),
	(740, '194043201905105cd5d3bb14669', 'Vine-Vera-Intensive-Body-Butter-1.jpg', 'jpeg', 1, 385, 'app/uploads/iP9lw1kg6KeGK6Aoaf08hdD1nkJIcTUD7KEen8OP.jpg'),
	(741, '194054201905105cd5d3c604299', 'Vine-Vera-Intensive-Body-Butter-2.jpg', 'jpeg', 1, 385, 'app/uploads/VN5q1X6OsqETOIvjdcxM3ETJuWWBr036vqL30mxz.jpg'),
	(742, '194104201905105cd5d3d02505f', 'Vine-Vera-Intensive-Body-Butter-3.jpg', 'jpeg', 1, 385, 'app/uploads/rk0jpfLPdPC9bNYDzcR8bImNt67VHr70dZ0odJna.jpg'),
	(743, '194402201905105cd5d482840b3', 'Vine-Vera-Travel-Hand-Cream.jpg', 'jpeg', 1, 386, 'app/uploads/fQd7TAjZCgYHc3S8Rl2bp2R4ukJw8I82PhGVSB23.jpg'),
	(744, '195053201905105cd5d61d63c90', 'Facial-Renewal-Brush-System-1.jpg', 'jpeg', 1, 387, 'app/uploads/DnOOwL43XBzKrfQzshYmIek0KbT0i1BLVZsqhSJm.jpg'),
	(745, '195101201905105cd5d62589f74', 'Facial-Renewal-Brush-System-2.jpg', 'jpeg', 1, 387, 'app/uploads/wsLFt5WAJzACnZOO07VQc4u3AgMUgZ9yOFyKE2MZ.jpg'),
	(746, '195109201905105cd5d62d9d23b', 'Facial-Renewal-Brush-System-3.jpg', 'jpeg', 1, 387, 'app/uploads/XyG5YHtX0XiHEdQTKZbjEqkGa942ikYV3Q4FJus0.jpg'),
	(747, '195116201905105cd5d634bf168', 'Facial-Renewal-Brush-System-4.jpg', 'jpeg', 1, 387, 'app/uploads/HbOEWDXKt9ZYjtcwK7XONqY0MPb8snJaRZz3D0Rh.jpg'),
	(748, '195125201905105cd5d63d4ce4d', 'Facial-Renewal-Brush-System-5.jpg', 'jpeg', 1, 387, 'app/uploads/Jrg9aCN7EYj4s1xrK6VxduFSs3uYMEHIjvLVw3fx.jpg'),
	(749, '195134201905105cd5d646320a3', 'Facial-Renewal-Brush-System-6.jpg', 'jpeg', 1, 387, 'app/uploads/GHu94mMzoLzkvhs57EjgoVaH1B3zCh5u4Mx7HGpD.jpg'),
	(750, '195142201905105cd5d64e8c6ca', 'Facial-Renewal-Brush-System-7.jpg', 'jpeg', 1, 387, 'app/uploads/vdggQzN2GyWQmazinKVUYPeCnZU3dXMcxVY8JVDI.jpg'),
	(751, '195216201905105cd5d67047558', 'Facial-Renewal-Brush-System-8.jpg', 'jpeg', 1, 387, 'app/uploads/XoQyYoaHWhzhf9Xm3NkA0O9xNBXJP5Gop84Avy3v.jpg'),
	(752, '201913201905105cd5dcc1ca882', '71q5ITNid1L._SX522_.jpg', 'jpeg', 1, 388, 'app/uploads/nhntVELi2p4epp7TyMoid9eRgDKt883jcZeQGLpF.jpg'),
	(753, '202124201905105cd5dd44115c6', 'Vine-Vera-Resveratrol-Malbec-DNA-Redefying-Cream-1.jpg', 'jpeg', 1, 389, 'app/uploads/JYOceFwJThWJ3G1QK1lPW5NcBhs632kSwCWxauHt.jpg'),
	(754, '202132201905105cd5dd4c27f27', 'Vine-Vera-Resveratrol-Malbec-DNA-Redefying-Cream-2.jpg', 'jpeg', 1, 389, 'app/uploads/WCtC6WyiFQYxPNey42igper1YpXNav1azJnEwDHw.jpg'),
	(755, '202140201905105cd5dd5452cac', 'Vine-Vera-Resveratrol-Malbec-DNA-Redefying-Cream-3.jpg', 'jpeg', 1, 389, 'app/uploads/PRgOB3ZMzoypV8eN9X5UtGsBIeTpdCdcUL2CJ6Iu.jpg'),
	(756, '202148201905105cd5dd5c22119', 'Vine-Vera-Resveratrol-Malbec-DNA-Redefying-Cream-4.jpg', 'jpeg', 1, 389, 'app/uploads/2WtbMavJPR9C9vVjHqKUctUnFfFWKxzoPM091min.jpg'),
	(757, '202155201905105cd5dd635da3c', 'Vine-Vera-Resveratrol-Malbec-DNA-Redefying-Cream-5.jpg', 'jpeg', 1, 389, 'app/uploads/J6Ao1FLalfgfHHDwgzFQ4xpxsiqONwf6JdaAmbn8.jpg'),
	(758, '202444201905105cd5de0cc436d', 'Vine-Vera-Resveratrol-Malbec-DNA-Biology-Emulsion-1.jpg', 'jpeg', 1, 390, 'app/uploads/TW21eDolzX8YljPSWdB7OA27890NUjKXxP1yaHZ5.jpg'),
	(759, '202452201905105cd5de141fd06', 'Vine-Vera-Resveratrol-Malbec-DNA-Biology-Emulsion-2.jpg', 'jpeg', 1, 390, 'app/uploads/VrZEZGxMrezwmRkvAYu8gyEowdVmapaSm7aECFwu.jpg'),
	(760, '202500201905105cd5de1c82269', 'Vine-Vera-Resveratrol-Malbec-DNA-Biology-Emulsion-3.jpg', 'jpeg', 1, 390, 'app/uploads/lW0JA01IK3aNUTmgXQ2HnkQwrgN84QJSxnfXBr6j.jpg'),
	(761, '202508201905105cd5de2428164', 'Vine-Vera-Resveratrol-Malbec-DNA-Biology-Emulsion-4.jpg', 'jpeg', 1, 390, 'app/uploads/KWlmtGn2Qv0XgSEbiJwLP3FW6kjxzuxckmaypRO9.jpg'),
	(762, '202518201905105cd5de2e5d536', 'Vine-Vera-Resveratrol-Malbec-DNA-Biology-Emulsion-5.jpg', 'jpeg', 1, 390, 'app/uploads/z9f7q6i5lQQuu3u7j6gd5uFQDeypwAmokbYV8Qpg.jpg'),
	(763, '202609201905105cd5de61a9398', 'Vine-Vera-Resveratrol-Malbec-DNA-Melting-Pre-Mask-1.jpg', 'jpeg', 1, 391, 'app/uploads/PzhY4ZHcofoKORr9RZVzkwEEqoh36TF0iuO8SZtz.jpg'),
	(764, '202617201905105cd5de6937577', 'Vine-Vera-Resveratrol-Malbec-DNA-Melting-Pre-Mask-2.jpg', 'jpeg', 1, 391, 'app/uploads/Wb81bI28zQ6hIGl4kNHOyibmv9YXGIq9OhIIsVTT.jpg'),
	(765, '202624201905105cd5de70e81d8', 'Vine-Vera-Resveratrol-Malbec-DNA-Melting-Pre-Mask-3.jpg', 'jpeg', 1, 391, 'app/uploads/tSaYloY2phsd85OdW6FBHVma7H4VeGdVq3o8KmKP.jpg'),
	(766, '202632201905105cd5de78991a3', 'Vine-Vera-Resveratrol-Malbec-DNA-Melting-Pre-Mask-4.jpg', 'jpeg', 1, 391, 'app/uploads/hkliJR5SfkffEy15DAcRJ5ZEhHmfZX947AbKS8XE.jpg'),
	(767, '202720201905105cd5dea85e61c', 'Vine-Vera-Resveratrol-Malbec-Magnetic-Mask-1.jpg', 'jpeg', 1, 392, 'app/uploads/aoItP5cW9ZJXNcbprtA0rcwv97i9iFX1a4iSvtMv.jpg'),
	(768, '202727201905105cd5deaf95354', 'Vine-Vera-Resveratrol-Malbec-Magnetic-Mask-2.jpg', 'jpeg', 1, 392, 'app/uploads/hyAZnUXboj4WDcIeEDxOML5foIrM4pCrOpkYBtS6.jpg'),
	(769, '202736201905105cd5deb88f4a2', 'Vine-Vera-Resveratrol-Malbec-Magnetic-Mask-3.jpg', 'jpeg', 1, 392, 'app/uploads/R6JftTMToifcSHIEbIAlP8SJcn2aLcWZJXsVIsVr.jpg'),
	(770, '202744201905105cd5dec0cafe9', 'Vine-Vera-Resveratrol-Malbec-Magnetic-Mask-4.jpg', 'jpeg', 1, 392, 'app/uploads/gEzU3UUfOG8Mmm5eSLKlQyvqsnzS0SXCR6D1ZnrL.jpg'),
	(771, '202752201905105cd5dec883d37', 'Vine-Vera-Resveratrol-Malbec-Magnetic-Mask-5.jpg', 'jpeg', 1, 392, 'app/uploads/2S8oKkRZcXwAg7foGRPEomEMb1GSpbTA2PEr5HTz.jpg'),
	(772, '202802201905105cd5ded240150', 'Vine-Vera-Resveratrol-Malbec-Magnetic-Mask-6.jpg', 'jpeg', 1, 392, 'app/uploads/U4aYDADhTBHInoDSjKBAfcHOEcsfrxF2ersKa5kf.jpg'),
	(773, '202811201905105cd5dedb9101b', 'Vine-Vera-Resveratrol-Malbec-Magnetic-Mask-7.jpg', 'jpeg', 1, 392, 'app/uploads/FCwVDg2LWOW6P4utVPI1wPv8dfdOEYV9YAnPQAOv.jpg'),
	(774, '202823201905105cd5dee71f152', 'Vine-Vera-Resveratrol-Malbec-Magnetic-Mask-8.jpg', 'jpeg', 1, 392, 'app/uploads/X30Q97nJEcUB3SBOW8q5hjUH9hPvD61mxNKAHCmy.jpg'),
	(775, '204250201905105cd5e24a397c4', 'Manicure-Set-1-600x600.jpg', 'jpeg', 1, 393, 'app/uploads/tn7uApcupR71dGlr5Gcc8pkIRnBZDSdB3Q4PAeOW.jpg'),
	(776, '204259201905105cd5e2530d86d', 'Manicure-Set-6-600x600.jpg', 'jpeg', 1, 393, 'app/uploads/NcxvCv9d8hjNk0rlBpjjdKfeYuMhKKEtVGhHzEe6.jpg'),
	(777, '204309201905105cd5e25d2e9b2', 'Manicure-Set-7-600x600.jpg', 'jpeg', 1, 393, 'app/uploads/Yh0kHdRoozSZSqqu4IGbvgKT8Jw7MRaoqyq00LdT.jpg'),
	(778, '204320201905105cd5e268dee71', 'Manicure-Set-3-600x600.jpg', 'jpeg', 1, 393, 'app/uploads/H8bbsG1VO0lKT3MUny4DiEAHNsFnnHqgmzUvHHES.jpg'),
	(779, '204330201905105cd5e2725a3f3', 'Manicure-Set-4-600x600.jpg', 'jpeg', 1, 393, 'app/uploads/wpVgzMxL2hNPjcuOL42BQChiUJgn1diMyutlSYiV.jpg'),
	(780, '204339201905105cd5e27b6e084', 'Manicure-Set-5-600x600.jpg', 'jpeg', 1, 393, 'app/uploads/aSc7hd6Ht70ri05CzTw2l4iUmJvxsw9xBOVxPGKa.jpg'),
	(781, '204349201905105cd5e28507bc9', 'Manicure-Set-2-600x600.jpg', 'jpeg', 1, 393, 'app/uploads/6PRfNg85TpJGXfYbVXHhYxFzdAeF80kiJKipkoFD.jpg'),
	(782, '210124201905105cd5e6a4a6e31', 'Jelessi-Elastique-Energy-Mask.jpg', 'jpeg', 1, 397, 'app/uploads/atL9ayXITXd8re9gBCIPRnSgFYb3vuLEDWuU9axw.jpg'),
	(783, '210537201905105cd5e7a1c12d4', 'Jelessi-Elastique-Energy-Mask-box.jpg', 'jpeg', 1, 397, 'app/uploads/oC2KXRyj0HRTXZ7tSSP7zJtRf4cPhpBpnRRZDhY7.jpg'),
	(784, '210543201905105cd5e7a779e41', 'Jelessi-Elastique-Energy-Mask-box2.jpg', 'jpeg', 1, 397, 'app/uploads/aLpfQsj4L1f1A2LFvkovpKWpdT2oHmgwnc9dxBuY.jpg'),
	(785, '214015201905105cd5efbf300aa', 'b8_copy_preview_416x608.jpeg', 'jpeg', 1, 412, 'app/uploads/bsIAVeO91VxRLTd1AJAEnARkPJBDkf1yN2CQnbum.jpg'),
	(786, '214020201905105cd5efc45cc8b', 'b2_copy_preview_600x600.jpeg', 'jpeg', 1, 412, 'app/uploads/J3bWrxVLMxYykpSuBKPjDzk7e5RPxruxJCvBUTyK.jpg'),
	(787, '214025201905105cd5efc9afe3a', 'b5_copy_preview_600x600.jpeg', 'jpeg', 1, 412, 'app/uploads/Ze3Fuzawp5WOGQAR6WI3c2lER1Svqr36lmcuF0KX.jpg'),
	(788, '214034201905105cd5efd23bb0b', 'b1_600x600.jpg', 'jpeg', 1, 412, 'app/uploads/Lzil1Jl5yEFuv8WnHSX0kanzfX3SnlAZCi8ZlMDj.jpg'),
	(789, '214040201905105cd5efd869af9', 'Amazon_Perfectio_Plus2_600x600.jpg', 'jpeg', 1, 412, 'app/uploads/yKeDgHWv7Vw5T06wMMWzFED3G2qdwydYAmoDLjj0.jpg'),
	(790, '214419201905105cd5f0b3edec7', '1_preview_488bf962-0ddd-4bd6-88a6-ee0e9fa28fd6_608x608.jpeg', 'jpeg', 1, 413, 'app/uploads/BIy6Dd9dYymZwmFrnaCgtAAldWjY2wluO7k1LrMj.jpg'),
	(791, '214427201905105cd5f0bb966b1', '7a_84fdd613-ea66-46d3-a5b7-f85659520082_600x600.jpg', 'jpeg', 1, 413, 'app/uploads/HiDOR3bvo1Ro6eArLPhMstpke5U79aZVyXgzN9ze.jpg'),
	(792, '214435201905105cd5f0c305272', '7b_e6a6afcf-f81a-468c-be70-ad6efa2cd407_600x600.jpg', 'jpeg', 1, 413, 'app/uploads/F3mJh5ePVI5Zy21uZaTuIZ0OCjEhYpNMAJPZ0XTa.jpg'),
	(793, '214442201905105cd5f0ca5128a', 'Amazon_Golden_Blue_Set_bk_open_600x600.jpg', 'jpeg', 1, 413, 'app/uploads/nWWiheXeHq9tWY7yAIe9yhhF0IRiMvGCTZRAHAAx.jpg'),
	(794, '214449201905105cd5f0d1d5007', 'Amazon_Golden_Blue_Set_wh_close_up_600x600.jpg', 'jpeg', 1, 413, 'app/uploads/oKHWDpFUS8J2mkeY4kgEDeQ9ZHrqAdfmDHyhav2M.jpg'),
	(795, '214547201905105cd5f10b10004', 'new-product-trans_416x608.jpg', 'jpeg', 1, 414, 'app/uploads/QF7tkAOcB4oY6nP0B8lGfDtZXKo9dpdB7LhChAy3.jpg'),
	(796, '214554201905105cd5f11285df0', 's1_600x600.jpg', 'jpeg', 1, 414, 'app/uploads/8MOyOv8NCgTTv4qDbvNQZkCr6i3xr3NRhR8wcKLd.jpg'),
	(797, '214601201905105cd5f119ee82f', 's2_600x600.jpg', 'jpeg', 1, 414, 'app/uploads/jZBiGKN20mSfU1HdwWBo5sa3hhmJI4LUZ2Zc8hku.jpg'),
	(798, '214609201905105cd5f121adcde', 's4_600x600.jpg', 'jpeg', 1, 414, 'app/uploads/PilUZAmDfeweyIViovFMcV1C9lz3CIMjmSDVSkaU.jpg'),
	(799, '214908201905105cd5f1d45647d', 'Screen_Shot_2018-09-27_at_9.16.56_PM_320x608.png', 'png', 1, 415, 'app/uploads/EEwBIkuJ2oo8RumhbnLU5CQ1sWD2kRKAq6BkUogH.jpg'),
	(800, '214914201905105cd5f1da8f19e', 'Screen_Shot_2018-09-27_at_9.17.07_PM_600x600.png', 'png', 1, 415, 'app/uploads/nfF66xum7iH4xbKsvCfkzZXVWozxOtvRFhKkXmZ1.jpg'),
	(801, '214920201905105cd5f1e018af7', 'Screen_Shot_2018-09-27_at_9.17.20_PM_600x600.png', 'png', 1, 415, 'app/uploads/9RL9DsKZ9ZICOvCJwnLEXF01ZaTzTXUwUy97Ptmi.jpg'),
	(802, '214925201905105cd5f1e5988c4', 'Screen_Shot_2018-09-27_at_9.17.27_PM_600x600.png', 'png', 1, 415, 'app/uploads/VINfBnbpPZTVXyV3TSEApEx39iUdDGanV1yzC0ab.jpg'),
	(803, '220145201905105cd5f4c969388', 'Ivory_Device_Featured-New-Beauty.jpg', 'jpeg', 1, 416, 'app/uploads/tYvrzDIGRHNEkfwBIKCoqSckufebXyitozVopyqN.jpg'),
	(804, '220404201905105cd5f5544787c', 'Ivory_Device_02-600x600.jpg', 'jpeg', 1, 416, 'app/uploads/Cio2cHKhbJSGTKv1EOS3MMTlVMnZsGDCuN92SEqE.jpg'),
	(805, '220412201905105cd5f55c7002c', 'Ivory_Device_03-600x600.jpg', 'jpeg', 1, 416, 'app/uploads/Qi1inaqjiUsagZuwdOlIGfUSVeHAJLynLjGfCYFv.jpg'),
	(806, '220421201905105cd5f56501c6c', 'Ivory_Device_06-600x600.jpg', 'jpeg', 1, 416, 'app/uploads/61QoTcNGh8slSrdp3wPn5vNR8BPdvW5DwKveUkYU.jpg'),
	(807, '220429201905105cd5f56da5f40', 'Ivory_Device_04.jpg', 'jpeg', 1, 416, 'app/uploads/s1S9CwdNtsjk8KYiFfAA9GhdH5eCRb2OPj80rqkL.jpg'),
	(808, '220438201905105cd5f576c7d17', 'Ivory_Device_05-600x600.jpg', 'jpeg', 1, 416, 'app/uploads/Q7ebuYGj0wgnueucusXiviuLzHVNuuIyvAUfzhF1.jpg'),
	(809, '220447201905105cd5f57f2afc2', 'power-pack-600x600.jpg', 'jpeg', 1, 416, 'app/uploads/D2viGdDe0eujLdHUEFvYSRuL9RpUtuJ7dszhdr6z.jpg'),
	(810, '220456201905105cd5f58896e81', 'Ivory_Device_07-600x600.jpg', 'jpeg', 1, 416, 'app/uploads/ebm8T4LQGztB512iMR4NKSWr1AjoJ3xUpKCSVmIk.jpg'),
	(811, '220634201905105cd5f5ea1f407', 'Elevare-Plus_Featured-New-Beauty.jpg', 'jpeg', 1, 417, 'app/uploads/QErvkUp4AMPhn63wPO0fygkaOa32TmqaPXrknZ1A.jpg'),
	(812, '220642201905105cd5f5f206dde', 'Elevare-Plus_02-600x600.jpg', 'jpeg', 1, 417, 'app/uploads/EA5T5HvLo0sE4ICrTPzt3YE6LW1lyL1aOenO5Qwx.jpg'),
	(813, '220649201905105cd5f5f90c5a7', 'Elevare-Plus_03.jpg', 'jpeg', 1, 417, 'app/uploads/MXHmqqSJ01a0qc4I9Kp9J06JBqI14ktuVCpmfVkK.jpg'),
	(814, '220656201905105cd5f600c4565', 'Elevare-Plus_04-600x600.jpg', 'jpeg', 1, 417, 'app/uploads/3csEONmg0o6LkXnwaFSipZM5rOfaj2hrFll9OBEi.jpg'),
	(815, '220704201905105cd5f608c8c0a', 'Elevare-Plus_05-600x600.jpg', 'jpeg', 1, 417, 'app/uploads/iifAn8rLWJDzfG52UYzFd9ugQ6IwyaHM2awAxu9H.jpg'),
	(816, '221041201905105cd5f6e198cf9', 'Elevare-Limited_01.jpg', 'jpeg', 1, 418, 'app/uploads/YCEOH1lRZo4RXFdRgBazpULcFpyNItJ9y7Yh1oAJ.jpg'),
	(817, '221050201905105cd5f6eac4b28', 'Elevare-Limited_02-600x600.jpg', 'jpeg', 1, 418, 'app/uploads/2dwTKCWZlt1HEvAgcKny92NYSfRdKE5tkqJS4h0z.jpg'),
	(818, '221058201905105cd5f6f2d6dea', 'Elevare-Limited_03-600x600.jpg', 'jpeg', 1, 418, 'app/uploads/ROyNzL3RvbWgLwtnQyT1UPv27lB5y0bxWyegacDh.jpg'),
	(819, '221107201905105cd5f6fb3a785', 'Elevare-Limited_Black_01-600x600.jpg', 'jpeg', 1, 418, 'app/uploads/vsnTSKT096gdBsee9MgBwj8Yr9ULzJUpcS6MgPXe.jpg'),
	(820, '221117201905105cd5f705ac78c', 'Elevare-Limited_Black_02-600x600.jpg', 'jpeg', 1, 418, 'app/uploads/APyFZy8Y6MwRxMLNTEmgXnSCsnNkqUuOdA5Jcx5Q.jpg'),
	(821, '221129201905105cd5f71149845', 'Elevare-Limited_Black_03.jpg', 'jpeg', 1, 418, 'app/uploads/6YoRZVqyBfchaZm9vLLmLFsS6doBrNNZzpuXi6u9.jpg'),
	(822, '221248201905105cd5f760e1961', '2U7A1433_preview_608x416.jpeg', 'jpeg', 1, 419, 'app/uploads/TCiBiP8NJdtwlNQVYVcb4yubWKEhR94HhJCJowTu.jpg'),
	(823, '221256201905105cd5f7689704f', '2U7A1398_preview_600x600.jpeg', 'jpeg', 1, 419, 'app/uploads/r4G9yarJ2kij3c7sCi5PHONzSfyCtCV79W4ulmbQ.jpg'),
	(824, '221321201905105cd5f7816fb5e', '2_preview_600x600 (1).jpeg', 'jpeg', 1, 419, 'app/uploads/LaJ0Yg2ayoYfdeRMHHC8SomMrqTOnTyRyIFNQgEz.jpg'),
	(825, '221513201905105cd5f7f1960a4', 'CARTRIDGES_FOR_GRANDIO_600x600.jpeg', 'jpeg', 1, 420, 'app/uploads/UGLWWI7NxExLTGKXZf6ko112BL9aMPN1noHKPPdz.jpg'),
	(826, '221726201905105cd5f876640f4', 'CARTRIDGES_FOR_GRANDIO_600x600.jpeg', 'jpeg', 1, 421, 'app/uploads/oTZW55rQa9Xa1Dpm3VFBkXhl2DMTuSKM3tOA2tae.jpg'),
	(827, '222420201905105cd5fa14905e8', 'brush1.jpg', 'jpeg', 1, 165, 'app/uploads/vIA82R2bka8Bv1iLLEJjJ0x094jyNPeLx2KiLu7b.jpg'),
	(828, '222437201905105cd5fa258be84', 'brush.jpg', 'jpeg', 1, 165, 'app/uploads/wSPEoJz0mzXtJ3ztCoDDzXM0aYDlcamgRN5QnJR8.jpg'),
	(829, '222450201905105cd5fa323764a', 'brush4.jpg', 'jpeg', 1, 165, 'app/uploads/Dl6LH9gtVZIAltE1wT1trIC0v75dCKxzJBIRVbGh.jpg'),
	(830, '222459201905105cd5fa3b658d6', 'brush2.jpg', 'jpeg', 1, 165, 'app/uploads/0zjFmjtOrxIjhtb93KYxXpkQTlbokMHt02EG9T0d.jpg'),
	(831, '222506201905105cd5fa425ab22', 'brush3.jpg', 'jpeg', 1, 165, 'app/uploads/N92RvE7XRztULG0M5smod7IYFe7lmVbqsCdefSWO.jpg'),
	(832, '222515201905105cd5fa4bab8be', 'brush5.jpg', 'jpeg', 1, 165, 'app/uploads/mr9JvzR40NjyR2sUNFhsjUPQkALTcMWdi4HAX9nR.jpg');
/*!40000 ALTER TABLE `product_images` ENABLE KEYS */;

-- Copiando estrutura para tabela wholesales.product_types
CREATE TABLE IF NOT EXISTS `product_types` (
  `id` int(11) NOT NULL AUTO_INCREMENT,
  `name` varchar(50) DEFAULT NULL,
  PRIMARY KEY (`id`)
) ENGINE=InnoDB AUTO_INCREMENT=6 DEFAULT CHARSET=latin1;

-- Copiando dados para a tabela wholesales.product_types: ~5 rows (aproximadamente)
/*!40000 ALTER TABLE `product_types` DISABLE KEYS */;
INSERT IGNORE INTO `product_types` (`id`, `name`) VALUES
	(1, 'All'),
	(2, 'Service'),
	(3, 'Product'),
	(4, 'Non-inventory Part'),
	(5, 'Inventory Part');
/*!40000 ALTER TABLE `product_types` ENABLE KEYS */;

-- Copiando estrutura para tabela wholesales.purchase_items
CREATE TABLE IF NOT EXISTS `purchase_items` (
  `id` int(11) NOT NULL AUTO_INCREMENT,
  `name` varchar(255) DEFAULT NULL,
  `price` decimal(10,2) DEFAULT NULL,
  `quantity` int(11) DEFAULT NULL,
  `product_id` int(11) DEFAULT NULL,
  `hash` varchar(255) DEFAULT NULL,
  PRIMARY KEY (`id`)
) ENGINE=InnoDB AUTO_INCREMENT=20 DEFAULT CHARSET=latin1;

-- Copiando dados para a tabela wholesales.purchase_items: ~19 rows (aproximadamente)
/*!40000 ALTER TABLE `purchase_items` DISABLE KEYS */;
INSERT IGNORE INTO `purchase_items` (`id`, `name`, `price`, `quantity`, `product_id`, `hash`) VALUES
	(1, 'Adore Nail Kit', 5.00, 10, 1, NULL),
	(2, 'Adore Nail Kit', 5.00, 10, 1, NULL),
	(3, 'Adore Nail Kit', 5.00, 10, 1, NULL),
	(4, 'Adore Nail Kit', 5.00, 10, 1, NULL),
	(5, 'Adore Nail Kit', 5.00, 10, 1, NULL),
	(6, 'Adore Nail Kit', 5.00, 10, 1, NULL),
	(7, 'Adore Nail Kit', 5.00, 10, 1, NULL),
	(8, 'Adore Nail Kit', 5.00, 10, 1, NULL),
	(9, 'Adore Nail Kit', 5.00, 10, 1, NULL),
	(10, 'Adore Nail Kit', 5.00, 10, 1, NULL),
	(11, 'Adore Nail Kit', 5.00, 10, 1, NULL),
	(12, 'Adore Nail Kit', 5.00, 10, 1, NULL),
	(13, 'Adore Nail Kit', 5.00, 10, 1, NULL),
	(14, 'Adore Nail Kit', 5.00, 10, 1, NULL),
	(15, 'Adore Nail Kit', 5.00, 10, 1, NULL),
	(16, 'Adore Nail Kit', 5.00, 10, 1, NULL),
	(17, 'Adore Nail Kit', 5.00, 10, 1, NULL),
	(18, 'Adore Nail Kit', 5.00, 10, 1, NULL),
	(19, 'Adore Nail Kit', 5.00, 10, 1, NULL);
/*!40000 ALTER TABLE `purchase_items` ENABLE KEYS */;

-- Copiando estrutura para tabela wholesales.purchase_order
CREATE TABLE IF NOT EXISTS `purchase_order` (
  `id` int(11) NOT NULL AUTO_INCREMENT,
  `user_id` int(11) DEFAULT NULL,
  `created_at` datetime DEFAULT CURRENT_TIMESTAMP ON UPDATE CURRENT_TIMESTAMP,
  `total` decimal(10,2) DEFAULT NULL,
  `status_id` int(11) DEFAULT '1',
  `active` int(2) NOT NULL DEFAULT '1',
  PRIMARY KEY (`id`),
  KEY `FK_purchase_order_users` (`user_id`),
  KEY `FK_purchase_order_purchase_status` (`status_id`),
  CONSTRAINT `FK_purchase_order_purchase_status` FOREIGN KEY (`status_id`) REFERENCES `purchase_status` (`id`),
  CONSTRAINT `FK_purchase_order_users` FOREIGN KEY (`user_id`) REFERENCES `users` (`id`)
) ENGINE=InnoDB AUTO_INCREMENT=18 DEFAULT CHARSET=latin1;

-- Copiando dados para a tabela wholesales.purchase_order: ~14 rows (aproximadamente)
/*!40000 ALTER TABLE `purchase_order` DISABLE KEYS */;
INSERT IGNORE INTO `purchase_order` (`id`, `user_id`, `created_at`, `total`, `status_id`, `active`) VALUES
	(4, 1, '2019-05-31 06:33:21', 2100.00, 1, 1),
	(5, 1, '2019-05-31 06:33:21', 2000.00, 1, 1),
	(6, 1, '2019-05-31 06:33:21', 10000.00, 1, 1),
	(7, 1, '2019-05-31 06:33:21', 9500.00, 1, 1),
	(8, 1, '2019-05-31 06:33:21', 10000.00, 1, 1),
	(9, 1, '2019-05-31 06:33:21', 10000.00, 1, 1),
	(10, 1, '2019-05-31 06:33:30', NULL, 3, 1),
	(11, 1, '2019-06-11 15:54:43', 3100.00, 1, 1),
	(12, 4, '2019-05-31 09:35:12', 600.00, 2, 1),
	(13, 4, '2019-06-11 15:55:05', 600.00, 1, 1),
	(14, 17, '2019-06-11 15:55:23', 200.00, 2, 1),
	(15, 17, '2019-06-10 13:56:45', 2200.00, 1, 0),
	(16, 17, '2019-06-10 13:38:00', 2200.00, 1, 0),
	(17, 17, '2019-06-10 13:37:57', 2200.00, 1, 0);
/*!40000 ALTER TABLE `purchase_order` ENABLE KEYS */;

-- Copiando estrutura para tabela wholesales.purchase_order_has_products
CREATE TABLE IF NOT EXISTS `purchase_order_has_products` (
  `product_id` int(11) DEFAULT NULL,
  `purchase_order_id` int(11) DEFAULT NULL,
  `quantity` int(11) DEFAULT NULL,
  `price` decimal(10,2) DEFAULT NULL,
  KEY `FK_purchase_order_has_products_products` (`product_id`),
  KEY `FK_purchase_order_has_products_purchase_order` (`purchase_order_id`),
  CONSTRAINT `FK_purchase_order_has_products_products` FOREIGN KEY (`product_id`) REFERENCES `products` (`code`),
  CONSTRAINT `FK_purchase_order_has_products_purchase_order` FOREIGN KEY (`purchase_order_id`) REFERENCES `purchase_order` (`id`)
) ENGINE=InnoDB DEFAULT CHARSET=latin1;

-- Copiando dados para a tabela wholesales.purchase_order_has_products: ~21 rows (aproximadamente)
/*!40000 ALTER TABLE `purchase_order_has_products` DISABLE KEYS */;
INSERT IGNORE INTO `purchase_order_has_products` (`product_id`, `purchase_order_id`, `quantity`, `price`) VALUES
	(84, 4, 21, 100.00),
	(85, 5, 20, 100.00),
	(84, 6, 100, 100.00),
	(84, 7, 95, 100.00),
	(137, 8, 100, 100.00),
	(137, 9, 100, 100.00),
	(208, 11, 31, 100.00),
	(204, 12, 2, 100.00),
	(342, 12, 4, 100.00),
	(204, 13, 2, 100.00),
	(342, 13, 4, 100.00),
	(186, 14, 2, 100.00),
	(198, 15, 6, 100.00),
	(168, 15, 10, 100.00),
	(297, 15, 6, 100.00),
	(198, 16, 6, 100.00),
	(168, 16, 10, 100.00),
	(297, 16, 6, 100.00),
	(198, 17, 6, 100.00),
	(168, 17, 10, 100.00),
	(297, 17, 6, 100.00);
/*!40000 ALTER TABLE `purchase_order_has_products` ENABLE KEYS */;

-- Copiando estrutura para tabela wholesales.purchase_order_note
CREATE TABLE IF NOT EXISTS `purchase_order_note` (
  `id` int(11) NOT NULL AUTO_INCREMENT,
  `order_id` int(11) NOT NULL,
  `user_id` int(11) NOT NULL,
  `description` varchar(50) NOT NULL,
  PRIMARY KEY (`id`)
) ENGINE=InnoDB DEFAULT CHARSET=latin1;

-- Copiando dados para a tabela wholesales.purchase_order_note: ~0 rows (aproximadamente)
/*!40000 ALTER TABLE `purchase_order_note` DISABLE KEYS */;
/*!40000 ALTER TABLE `purchase_order_note` ENABLE KEYS */;

-- Copiando estrutura para tabela wholesales.purchase_order_old
CREATE TABLE IF NOT EXISTS `purchase_order_old` (
  `id` int(11) NOT NULL AUTO_INCREMENT,
  `first_name` varchar(50) NOT NULL,
  `last_name` varchar(50) NOT NULL,
  `company_name` varchar(255) NOT NULL,
  `email` varchar(255) NOT NULL,
  `hash` varchar(255) NOT NULL,
  `address` varchar(255) NOT NULL,
  `address_plus` varchar(255) NOT NULL,
  `country` varchar(255) NOT NULL,
  `state` varchar(255) NOT NULL,
  `zip_code` varchar(255) NOT NULL,
  `same_address` varchar(255) NOT NULL,
  `receive_quote_monthly` varchar(255) NOT NULL,
  `payment_credit_card` int(11) NOT NULL,
  `payment_debit_card` int(11) NOT NULL,
  `payment_paypal` int(11) NOT NULL,
  `payment_cash` int(11) NOT NULL,
  `payment_other` int(11) NOT NULL,
  `phone_number` varchar(50) NOT NULL,
  PRIMARY KEY (`id`)
) ENGINE=InnoDB AUTO_INCREMENT=26 DEFAULT CHARSET=latin1;

-- Copiando dados para a tabela wholesales.purchase_order_old: ~23 rows (aproximadamente)
/*!40000 ALTER TABLE `purchase_order_old` DISABLE KEYS */;
INSERT IGNORE INTO `purchase_order_old` (`id`, `first_name`, `last_name`, `company_name`, `email`, `hash`, `address`, `address_plus`, `country`, `state`, `zip_code`, `same_address`, `receive_quote_monthly`, `payment_credit_card`, `payment_debit_card`, `payment_paypal`, `payment_cash`, `payment_other`, `phone_number`) VALUES
	(3, 'adasd', 'asdasd', 'asdasdaaaaaaaaaa', 'asdasd@outlook.com', '', 'asdasd', 'asdasd', 'United States', 'California', 'adad', '1', '1', 0, 0, 0, 0, 0, ''),
	(4, 'adasd', 'asdasd', 'asdasdaaaaaaaaaa', 'asdasd@outlook.com', '', 'asdasd', 'asdasd', 'United States', 'California', 'adad', '1', '1', 0, 0, 0, 0, 0, ''),
	(5, 'adasd', 'asdasd', 'asdasdaaaaaaaaaa', 'asdasd@outlook.com', '', 'asdasd', 'asdasd', 'United States', 'California', 'adad', '1', '1', 0, 0, 0, 0, 0, ''),
	(6, 'adasd', 'asdasd', 'asdasdaaaaaaaaaa', 'asdasd@outlook.com', '', 'asdasd', 'asdasd', 'United States', 'California', 'adad', '1', '1', 0, 0, 0, 0, 0, ''),
	(7, 'adasd', 'asdasd', 'asdasdaaaaaaaaaa', 'asdasd@outlook.com', '', 'asdasd', 'asdasd', 'United States', 'California', 'adad', '1', '1', 0, 0, 0, 0, 0, ''),
	(8, 'adasd', 'asdasd', 'asdasdaaaaaaaaaa', 'asdasd@outlook.com', '', 'asdasd', 'asdasd', 'United States', 'California', 'adad', '1', '1', 0, 0, 0, 0, 0, ''),
	(9, 'adasd', 'asdasd', 'asdasdaaaaaaaaaa', 'asdasd@outlook.com', '', 'asdasd', 'asdasd', 'United States', 'California', 'adad', '1', '1', 0, 0, 0, 0, 0, ''),
	(10, 'marco', 'lima', 'marco', 'marckdx@outlook.com', '', 'rua 8', '1', 'United States', 'California', '11', '1', '0', 0, 0, 0, 0, 0, ''),
	(11, 'marco', 'lima', 'marco', 'marckdx@outlook.com', '', 'rua 8', '1', 'United States', 'California', '11', '1', '0', 0, 0, 0, 0, 0, ''),
	(12, 'marco', 'lima', 'marco', 'marckdx@outlook.com', '', 'rua 8', '1', 'United States', 'California', '11', '1', '0', 0, 0, 0, 0, 0, ''),
	(13, 'marco', 'lima', 'marco', 'marckdx@outlook.com', '', 'rua 8', '1', 'United States', 'California', '11', '1', '0', 0, 0, 0, 0, 0, ''),
	(14, 'marco', 'lima', 'marco', 'marckdx@outlook.com', '', 'rua 8', '1', 'United States', 'California', '11', '1', '0', 0, 0, 0, 0, 0, ''),
	(15, 'marco', 'lima', 'marco', 'marckdx@outlook.com', '', 'rua 8', '1', 'United States', 'California', '11', '1', '0', 0, 0, 0, 0, 0, ''),
	(16, 'marco', 'lima', 'marco', 'marckdx@outlook.com', '', 'rua 8', '1', 'United States', 'California', '11', '1', '0', 0, 0, 0, 0, 0, ''),
	(17, 'marco', 'lima', 'marco', 'marckdx@outlook.com', '', 'rua 8', '1', 'United States', 'California', '11', '1', '0', 0, 0, 0, 0, 0, ''),
	(18, 'marco', 'lima', 'marco', 'marckdx@outlook.com', '', 'rua 8', '1', 'United States', 'California', '11', '1', '0', 0, 0, 0, 0, 0, ''),
	(19, 'marco', 'lima', 'marco', 'marckdx@outlook.com', '', 'rua 8', '1', 'United States', 'California', '11', '1', '0', 0, 0, 0, 0, 0, ''),
	(20, 'marco', 'lima', 'marco', 'marckdx@outlook.com', '', 'rua 8', '1', 'United States', 'California', '11', '1', '0', 0, 0, 0, 0, 0, ''),
	(21, 'marco', 'lima', 'marco', 'marckdx@outlook.com', '', 'rua 8', '1', 'United States', 'California', '11', '1', '0', 0, 0, 0, 0, 0, ''),
	(22, 'marco', 'lima', 'marco', 'marckdx@outlook.com', '', 'rua 8', '1', 'United States', 'California', '11', '1', '0', 0, 0, 0, 0, 0, ''),
	(23, 'marco', 'lima', 'marco', 'marckdx@outlook.com', '', 'rua 8', '1', 'United States', 'California', '11', '1', '0', 0, 0, 0, 0, 0, ''),
	(24, 'marco', 'lima', 'marco', 'marckdx@outlook.com', '', 'rua 8', '1', 'United States', 'California', '11', '1', '0', 0, 0, 0, 0, 0, '+5513997574127'),
	(25, 'marco', 'lima', 'marco', 'marckdx@outlook.com', '3629f5a874aa798a61f9f70ab636960e', 'rua 8', '1', 'United States', 'California', '11', '1', '0', 0, 0, 0, 0, 0, '');
/*!40000 ALTER TABLE `purchase_order_old` ENABLE KEYS */;

-- Copiando estrutura para tabela wholesales.purchase_order_status_change_log
CREATE TABLE IF NOT EXISTS `purchase_order_status_change_log` (
  `id` int(11) NOT NULL AUTO_INCREMENT,
  `user_id` int(11) DEFAULT NULL,
  `previous_status_id` int(11) DEFAULT NULL,
  `current_status_id` int(11) DEFAULT NULL,
  `created_at` datetime DEFAULT CURRENT_TIMESTAMP,
  `purchase_order_id` int(11) DEFAULT NULL,
  PRIMARY KEY (`id`),
  KEY `fk_purchase_order_status_change_log_1_idx` (`user_id`),
  KEY `fk_purchase_order_status_change_log_2_idx` (`previous_status_id`),
  KEY `fk_purchase_order_status_change_log_3_idx` (`current_status_id`),
  KEY `fk_purchase_order_status_change_log_4_idx` (`purchase_order_id`),
  CONSTRAINT `fk_purchase_order_status_change_log_1` FOREIGN KEY (`user_id`) REFERENCES `users` (`id`) ON DELETE NO ACTION ON UPDATE NO ACTION,
  CONSTRAINT `fk_purchase_order_status_change_log_2` FOREIGN KEY (`previous_status_id`) REFERENCES `purchase_status` (`id`) ON DELETE NO ACTION ON UPDATE NO ACTION,
  CONSTRAINT `fk_purchase_order_status_change_log_3` FOREIGN KEY (`current_status_id`) REFERENCES `purchase_status` (`id`) ON DELETE NO ACTION ON UPDATE NO ACTION,
  CONSTRAINT `fk_purchase_order_status_change_log_4` FOREIGN KEY (`purchase_order_id`) REFERENCES `purchase_order` (`id`) ON DELETE NO ACTION ON UPDATE NO ACTION
) ENGINE=InnoDB AUTO_INCREMENT=31 DEFAULT CHARSET=latin1;

-- Copiando dados para a tabela wholesales.purchase_order_status_change_log: ~27 rows (aproximadamente)
/*!40000 ALTER TABLE `purchase_order_status_change_log` DISABLE KEYS */;
INSERT IGNORE INTO `purchase_order_status_change_log` (`id`, `user_id`, `previous_status_id`, `current_status_id`, `created_at`, `purchase_order_id`) VALUES
	(1, 1, 1, 1, '2019-05-30 21:59:48', 13),
	(2, 1, 1, 6, '2019-05-31 06:17:06', 13),
	(3, 1, 6, 2, '2019-05-31 06:17:11', 13),
	(4, 1, 2, 1, '2019-05-31 06:17:25', 13),
	(5, 1, 1, 2, '2019-05-31 06:17:33', 13),
	(6, 1, 2, 3, '2019-05-31 06:17:47', 13),
	(7, 1, 3, 3, '2019-05-31 06:18:02', 13),
	(8, 1, 3, 2, '2019-05-31 06:32:31', 13),
	(9, 1, 1, 1, '2019-05-31 06:32:37', 12),
	(10, 1, 1, 2, '2019-05-31 06:32:39', 12),
	(11, 1, 2, 3, '2019-05-31 06:32:51', 12),
	(12, 1, 1, 3, '2019-05-31 06:33:30', 10),
	(13, 1, 2, 1, '2019-05-31 09:34:02', 13),
	(14, 1, 1, 2, '2019-05-31 09:34:06', 13),
	(15, 1, 2, 2, '2019-05-31 09:34:56', 13),
	(16, 1, 3, 3, '2019-05-31 09:34:58', 12),
	(17, 1, 2, 2, '2019-05-31 09:35:06', 13),
	(18, 1, 1, 1, '2019-05-31 09:35:08', 11),
	(19, 1, 3, 2, '2019-05-31 09:35:12', 12),
	(20, 1, 2, 2, '2019-05-31 10:10:42', 12),
	(21, 1, 2, 2, '2019-05-31 10:28:43', 12),
	(22, 1, 2, 2, '2019-05-31 10:29:40', 12),
	(23, 1, 1, 2, '2019-05-31 10:30:54', 11),
	(24, 1, 2, 2, '2019-05-31 10:35:13', 11),
	(25, 1, 2, 2, '2019-05-31 10:37:20', 11),
	(26, 1, 2, 2, '2019-05-31 11:27:09', 11),
	(27, 1, 2, 2, '2019-05-31 11:28:31', 11),
	(28, 17, 2, 1, '2019-06-11 15:54:43', 11),
	(29, 17, 2, 1, '2019-06-11 15:55:05', 13),
	(30, 17, 1, 2, '2019-06-11 15:55:23', 14);
/*!40000 ALTER TABLE `purchase_order_status_change_log` ENABLE KEYS */;

-- Copiando estrutura para tabela wholesales.purchase_status
CREATE TABLE IF NOT EXISTS `purchase_status` (
  `id` int(11) NOT NULL AUTO_INCREMENT,
  `pin_menu_bar` int(11) NOT NULL DEFAULT '0',
  `name` varchar(50) DEFAULT NULL,
  `menu_order` int(11) DEFAULT NULL,
  `description` varchar(255) DEFAULT NULL,
  `active` bit(1) DEFAULT b'1',
  `send_sms` bit(1) DEFAULT b'0',
  `send_mail` bit(1) DEFAULT b'0',
  `email_subject` varchar(255) DEFAULT NULL,
  `message_content` varchar(255) DEFAULT NULL,
  PRIMARY KEY (`id`)
) ENGINE=InnoDB AUTO_INCREMENT=7 DEFAULT CHARSET=latin1;

-- Copiando dados para a tabela wholesales.purchase_status: ~6 rows (aproximadamente)
/*!40000 ALTER TABLE `purchase_status` DISABLE KEYS */;
INSERT IGNORE INTO `purchase_status` (`id`, `pin_menu_bar`, `name`, `menu_order`, `description`, `active`, `send_sms`, `send_mail`, `email_subject`, `message_content`) VALUES
	(1, 0, 'Waiting to be approved', NULL, 'Waiting', b'1', b'0', b'0', 'Order Status Changed', 'Order [order_id] status  Changed to [status_name]'),
	(2, 1, 'Approved', NULL, 'Status when a order is approved', b'1', b'1', b'1', 'Order Status Changed', 'Order [order_id] status  changed to [status_name]'),
	(3, 0, 'Cancelled', NULL, 'Cancelled', b'1', b'0', b'0', 'Order Status Changed', 'Order [order_id] status  Changed to [status_name]'),
	(4, 0, 'Shipping', NULL, 'Shipping', b'1', b'0', b'0', 'Order Status Changed', 'Order [order_id] status  Changed to [status_name]'),
	(5, 0, 'Processing the payment', NULL, 'Payment', b'1', b'0', b'0', 'Order Status Changed', 'Order [order_id] status  Changed to [status_name]'),
	(6, 0, 'Delivered', NULL, 'Delivered', b'1', b'0', b'0', 'Order Status Changed', 'Order [order_id] status  Changed to [status_name]');
/*!40000 ALTER TABLE `purchase_status` ENABLE KEYS */;

-- Copiando estrutura para tabela wholesales.shopping_cart
CREATE TABLE IF NOT EXISTS `shopping_cart` (
  `id` int(11) NOT NULL AUTO_INCREMENT,
  `user_id` int(11) DEFAULT NULL,
  `product_id` int(11) DEFAULT NULL,
  `quantity` int(11) DEFAULT '1',
  PRIMARY KEY (`id`),
  KEY `FK_shopping_cart_users` (`user_id`),
  KEY `FK_shopping_cart_products` (`product_id`),
  CONSTRAINT `FK_shopping_cart_products` FOREIGN KEY (`product_id`) REFERENCES `products` (`code`),
  CONSTRAINT `FK_shopping_cart_users` FOREIGN KEY (`user_id`) REFERENCES `users` (`id`)
) ENGINE=InnoDB DEFAULT CHARSET=latin1;

-- Copiando dados para a tabela wholesales.shopping_cart: ~0 rows (aproximadamente)
/*!40000 ALTER TABLE `shopping_cart` DISABLE KEYS */;
/*!40000 ALTER TABLE `shopping_cart` ENABLE KEYS */;

-- Copiando estrutura para tabela wholesales.suppliers
CREATE TABLE IF NOT EXISTS `suppliers` (
  `id` int(11) NOT NULL AUTO_INCREMENT,
  `name` varchar(50) DEFAULT NULL,
  `site` varchar(50) DEFAULT NULL,
  `email` varchar(50) DEFAULT NULL,
  PRIMARY KEY (`id`)
) ENGINE=InnoDB AUTO_INCREMENT=2 DEFAULT CHARSET=latin1;

-- Copiando dados para a tabela wholesales.suppliers: ~0 rows (aproximadamente)
/*!40000 ALTER TABLE `suppliers` DISABLE KEYS */;
INSERT IGNORE INTO `suppliers` (`id`, `name`, `site`, `email`) VALUES
	(1, 'RE Royal Trading Inc', 'https://www2.reroyaltrading.ca/', NULL);
/*!40000 ALTER TABLE `suppliers` ENABLE KEYS */;

-- Copiando estrutura para tabela wholesales.supplier_contact
CREATE TABLE IF NOT EXISTS `supplier_contact` (
  `id` int(11) NOT NULL AUTO_INCREMENT,
  `name` varchar(255) DEFAULT NULL,
  `message` varchar(255) DEFAULT NULL,
  `email` varchar(255) DEFAULT NULL,
  `created_at` datetime DEFAULT NULL,
  `updated_at` datetime DEFAULT NULL,
  PRIMARY KEY (`id`)
) ENGINE=InnoDB AUTO_INCREMENT=4 DEFAULT CHARSET=latin1;

-- Copiando dados para a tabela wholesales.supplier_contact: ~3 rows (aproximadamente)
/*!40000 ALTER TABLE `supplier_contact` DISABLE KEYS */;
INSERT IGNORE INTO `supplier_contact` (`id`, `name`, `message`, `email`, `created_at`, `updated_at`) VALUES
	(1, 'marco', 'testing', 'marckdx@outlook.com', NULL, NULL),
	(2, 'dfsdfsdf', 'sdfds', 'marckdx@outlook.com', NULL, NULL),
	(3, 'marco', 'teste', 'marckdx@outlook.com', NULL, NULL);
/*!40000 ALTER TABLE `supplier_contact` ENABLE KEYS */;

-- Copiando estrutura para tabela wholesales.supplier_contact_responses
CREATE TABLE IF NOT EXISTS `supplier_contact_responses` (
  `id` int(11) NOT NULL AUTO_INCREMENT,
  `user_id` int(11) DEFAULT NULL,
  `message` varchar(255) DEFAULT NULL,
  `created_at` datetime DEFAULT NULL,
  `updated_at` datetime DEFAULT NULL,
  `contact_id` int(11) DEFAULT NULL,
  PRIMARY KEY (`id`)
) ENGINE=InnoDB DEFAULT CHARSET=latin1;

-- Copiando dados para a tabela wholesales.supplier_contact_responses: ~0 rows (aproximadamente)
/*!40000 ALTER TABLE `supplier_contact_responses` DISABLE KEYS */;
/*!40000 ALTER TABLE `supplier_contact_responses` ENABLE KEYS */;

-- Copiando estrutura para tabela wholesales.users
CREATE TABLE IF NOT EXISTS `users` (
  `id` int(11) NOT NULL AUTO_INCREMENT,
  `name` varchar(50) DEFAULT NULL,
  `email` varchar(50) DEFAULT NULL,
  `hash` varchar(255) DEFAULT NULL,
  `password` varchar(255) DEFAULT NULL,
  `remember_token` varchar(255) DEFAULT NULL,
  `created_at` datetime DEFAULT CURRENT_TIMESTAMP,
  `phone` varchar(50) DEFAULT NULL,
  `last_name` varchar(50) DEFAULT NULL,
  `company_id` int(11) DEFAULT NULL,
  `ic_admin` int(3) DEFAULT '0',
  `address` varchar(50) DEFAULT '0',
  `city` varchar(50) DEFAULT '0',
  `country_id` int(11) DEFAULT '0',
  `state_id` int(11) DEFAULT '0',
  `zip_code` varchar(50) DEFAULT '0',
  `updated_at` datetime NOT NULL DEFAULT CURRENT_TIMESTAMP,
  `self_register_user` int(11) NOT NULL DEFAULT '0',
  `email_confirm` bit(1) DEFAULT NULL,
  PRIMARY KEY (`id`)
) ENGINE=InnoDB AUTO_INCREMENT=18 DEFAULT CHARSET=latin1;

-- Copiando dados para a tabela wholesales.users: ~5 rows (aproximadamente)
/*!40000 ALTER TABLE `users` DISABLE KEYS */;
INSERT IGNORE INTO `users` (`id`, `name`, `email`, `hash`, `password`, `remember_token`, `created_at`, `phone`, `last_name`, `company_id`, `ic_admin`, `address`, `city`, `country_id`, `state_id`, `zip_code`, `updated_at`, `self_register_user`, `email_confirm`) VALUES
	(1, 'Marco', 'marckdx@outlook.com', NULL, 'd9628b779da2ba0a826776d6bb4cc757', 'qFttP0lEw7O326wHMIY0dinj3oh8CNCLYXkVRCy2KVwfF4v1hWbSKuFKk1LU', '2019-05-06 17:57:28', '+5513997574127', 'Lima', 1, 1, '0', '0', 0, 0, '0', '2019-05-19 23:55:04', 0, NULL),
	(2, 'jose', 'jose@gmail.com', NULL, 'e10adc3949ba59abbe56e057f20f883e', NULL, '2019-05-10 13:39:04', '136565489', NULL, NULL, 0, '0', '0', 0, 0, '0', '2019-05-19 19:54:43', 0, NULL),
	(3, 'pedro da silva', 'pedro@gmail.com', NULL, 'd9628b779da2ba0a826776d6bb4cc757', NULL, '2019-05-10 17:54:04', '1335661805', NULL, NULL, 0, 'rua 18', 'Santos', 1, 6, NULL, '2019-05-19 19:54:43', 0, NULL),
	(4, 'Admin', 'admin@wholesalecompany.ca', NULL, '451e11b399991b37fede87a632a9cd1d', NULL, '2019-05-15 11:36:47', '1234567890', NULL, NULL, 1, 'Street', NULL, 1, 1, '01', '2019-05-19 19:54:43', 0, NULL),
	(5, 'Alexandre Novaes Iosimura', 'alexandre@reroyatrading.ca', NULL, '6bf6a73a507539c11a8487df659b3d6d', NULL, '2019-05-15 13:26:54', '437 214 9458', NULL, NULL, 0, '230 Coleridge', 'Toronto', 1, 1, NULL, '2019-05-19 19:54:43', 0, b'1'),
	(17, 'ewerton luiz', 'ewerton.limasouza@gmail.com', '70efdf2ec9b086079795c442636b55fb', 'd553d148479a268914cecb77b2b88e6a', NULL, '2019-06-10 12:22:51', '+5513981906405', NULL, NULL, 1, 'Rua 2', 'Mongagua', 2, 14, NULL, '2019-06-10 12:22:51', 1, b'1');
/*!40000 ALTER TABLE `users` ENABLE KEYS */;

-- Copiando estrutura para tabela wholesales.user_has_product_brands
CREATE TABLE IF NOT EXISTS `user_has_product_brands` (
  `user_id` int(11) NOT NULL,
  `product_brand_id` int(11) NOT NULL,
  KEY `fk_user_has_brands_1_idx` (`product_brand_id`),
  KEY `fk_user_has_brands_2_idx` (`user_id`),
  CONSTRAINT `fk_user_has_brands_1` FOREIGN KEY (`product_brand_id`) REFERENCES `product_brands` (`id`) ON DELETE NO ACTION ON UPDATE NO ACTION,
  CONSTRAINT `fk_user_has_brands_2` FOREIGN KEY (`user_id`) REFERENCES `users` (`id`) ON DELETE NO ACTION ON UPDATE NO ACTION
) ENGINE=InnoDB DEFAULT CHARSET=latin1;

-- Copiando dados para a tabela wholesales.user_has_product_brands: ~0 rows (aproximadamente)
/*!40000 ALTER TABLE `user_has_product_brands` DISABLE KEYS */;
/*!40000 ALTER TABLE `user_has_product_brands` ENABLE KEYS */;

-- Copiando estrutura para tabela wholesales.user_has_product_categories
CREATE TABLE IF NOT EXISTS `user_has_product_categories` (
  `product_category_id` int(11) DEFAULT NULL,
  `user_id` int(11) DEFAULT NULL,
  KEY `FK_user_has_product_categories_product_categories` (`product_category_id`),
  KEY `FK_user_has_product_categories_users` (`user_id`),
  CONSTRAINT `FK_user_has_product_categories_product_categories` FOREIGN KEY (`product_category_id`) REFERENCES `product_categories` (`id`),
  CONSTRAINT `FK_user_has_product_categories_users` FOREIGN KEY (`user_id`) REFERENCES `users` (`id`)
) ENGINE=InnoDB DEFAULT CHARSET=latin1;

-- Copiando dados para a tabela wholesales.user_has_product_categories: ~0 rows (aproximadamente)
/*!40000 ALTER TABLE `user_has_product_categories` DISABLE KEYS */;
/*!40000 ALTER TABLE `user_has_product_categories` ENABLE KEYS */;

-- Copiando estrutura para tabela wholesales.wish_list
CREATE TABLE IF NOT EXISTS `wish_list` (
  `user_id` int(11) DEFAULT NULL,
  `product_id` int(11) DEFAULT NULL,
  `created_at` datetime(6) DEFAULT CURRENT_TIMESTAMP(6) ON UPDATE CURRENT_TIMESTAMP(6),
  KEY `FK_wish_list_users` (`user_id`),
  KEY `FK_wish_list_products` (`product_id`),
  CONSTRAINT `FK_wish_list_products` FOREIGN KEY (`product_id`) REFERENCES `products` (`code`),
  CONSTRAINT `FK_wish_list_users` FOREIGN KEY (`user_id`) REFERENCES `users` (`id`)
) ENGINE=InnoDB DEFAULT CHARSET=latin1;

-- Copiando dados para a tabela wholesales.wish_list: ~7 rows (aproximadamente)
/*!40000 ALTER TABLE `wish_list` DISABLE KEYS */;
INSERT IGNORE INTO `wish_list` (`user_id`, `product_id`, `created_at`) VALUES
	(4, 415, '2019-05-16 16:38:21.813813'),
	(4, 340, '2019-05-16 16:50:41.922481'),
	(4, 204, '2019-05-23 10:39:39.967645'),
	(4, 337, '2019-05-23 10:42:54.961054'),
	(4, 339, '2019-05-23 10:43:21.299708'),
	(17, 117, '2019-06-10 13:08:59.216764'),
	(17, 366, '2019-06-10 13:10:05.964581'),
	(17, 89, '2019-06-10 15:23:50.494860');
/*!40000 ALTER TABLE `wish_list` ENABLE KEYS */;

-- Copiando estrutura para view wholesales.order_export
-- Removendo tabela temporária e criando a estrutura VIEW final
DROP TABLE IF EXISTS `order_export`;
CREATE ALGORITHM=UNDEFINED DEFINER=`root`@`localhost` SQL SECURITY DEFINER VIEW `order_export` AS SELECT po.*, DATE_FORMAT(po.created_at, '%M %d %Y') as date, u.NAME 
as user_name, u.phone as user_phone, u.email 
as user_email, ps.name as status_name FROM purchase_order po JOIN users u ON u.id=po.user_id JOIN purchase_status ps 
ON ps.id=po.status_id WHERE po.active=1 ORDER BY po.id DESC ;

/*!40101 SET SQL_MODE=IFNULL(@OLD_SQL_MODE, '') */;
/*!40014 SET FOREIGN_KEY_CHECKS=IF(@OLD_FOREIGN_KEY_CHECKS IS NULL, 1, @OLD_FOREIGN_KEY_CHECKS) */;
/*!40101 SET CHARACTER_SET_CLIENT=@OLD_CHARACTER_SET_CLIENT */;
